01ALT;OV-Feierlichkeit und Öffentlichkeitsarbeit;DK0AI;16.05.04;15.06.04;H56
01ASZ;Förderung der Funkaktivitäten in SZ;DL0SGN;15.09.01;14.10.01;H60
01ASZ;Förderung der Funkaktivitäten in SZ;DK0AY;15.09.01;14.10.01;H21
01ASZ;Förderung der Funkaktivitäten in SZ;DL0RL;15.09.01;14.10.01;H33
01AWG;Aktivitätswochen;DL0AWG;01.05.01;31.05.01;E31
01BAR;Aktivitätstage in Bargteheide;DL0HY;01.05.01;31.05.01;E25
01EPC;1 jähriges bestehen des European PSK Club;DR01EPC;10.06.07;09.06.08;W11
01EURO;Europatag in Gifhorn;DF0GIF;05.05.01;04.06.01;H08
01GIF;Aktivitätswochen in Gifhorn;DF0GIF;01.11.01;30.11.01;H08
01ILLW;Int. Lighthouse Weekend;DA0BHV;17.08.00;19.08.01;R13
01ILLW;Int. Lighthouse Weekend;DA0LGT;16.08.01;20.08.01;I04
01JAIG;Jahrestreffen der JAIG;DL0KOB;14.04.01;13.05.01;Z11
01JOK;Einjähriges Bestehen der AFU-Gruppe;DO0JOK;13.08.01;09.09.01;B37
01LH;Int. Lighthouse Weekend;DL0RUG;15.08.01;29.08.01;V08
01OSD;Aktivitätswochen in Oberschwaben;DK0BAR;14.06.02;13.07.02;P54
01RFT;Raumfahrttage;DK0RMR;01.06.01;30.06.01;S45
01RKK;Regionalverband Karnevalistischer Koop.;DL0FFF;18.06.01;24.06.01;K34
01TWN;Aktivitätswochen;DF0TWN;01.05.01;31.05.01;I21
01TWN;Aktivitätswochen zur DNAT;DF0TWN;15.08.01;14.09.01;I21
01WXR;Jahrestreffen der´Int. Wetterrunde;DL0WXR;15.05.01;14.06.01;M10
01YFD;Jugendfieldday Großraum Nürnberg;DA0YFD;01.08.01;31.08.01;B31
02ALT;Zwei Jahre OV  H56;DK0AI;06.06.05;04.07.05;H56
02ARDF;1. Ranglistenlauf zur Deutschen ARDF;DA0RDF;01.05.02;31.05.02;B25
02ARDF;Wettkämpfe;DA0RDF;20.07.02;18.08.02;B25
02ARN;Aktivitätstage;DL0ARN;07.06.02;14.06.02;X10
02AWG;Jahrestag der AWG;DK0AWG;01.11.01;30.11.01;H08
02AWG;Aktivitätswochen der AWG;DO0AWG;01.11.01;30.11.01;H30
02AWG;Aktivitätswochen;DL0AWG;01.11.01;30.11.01;E31
02BLH;Aktivitäten zum ILLW;DA0BLH;12.08.02;20.08.02;V06
02DMT;Aktivitätstage;DF0TEC;18.05.02;02.06.02;Y16
02FTZ;Funkertag;DF0DBP;01.10.02;31.10.02;Z84
02FTZ;Funkertag;DL0DBP;03.10.02;03.10.02;Z41
02FTZ;Funkertag;DK0DBP;03.10.02;03.10.02;Z60
02FTZ;DL-Funkertag;DB0DBP;03.10.02;03.10.02;Z88
02FUTI;DL-Funkertag;DL0ND;01.10.02;31.10.02;I38
02FUTI;DL-Funkertag;DK0WO;01.10.02;31.10.02;I58
02FUTN;Funkertag 3.10.2002;DF0WN;01.10.02;31.10.02;N01
02FUTX;DL-Funkertag;DL0THR;01.10.02;31.10.02;X24
02GEO;Jahr der Geo-Wissenschagten;DK0GEO;01.10.02;31.10.02;H19
02GIF;Aktivitätswochen;DF0GIF;01.11.02;30.11.02;H08
02ILLW;Aktivitäten ILLW;DL0FFF;15.08.02;18.08.02;K34
02ILLW;Alter Leuchtturm Zravemünde;DL0TO;17.08.02;18.08.02;E23
02JAIG;Jahrestreffen der JAIG in Leipzig;DF0BLM;01.05.02;31.05.02;D17
02LEGO;Eröffnung Legoland;DF0GZ;01.05.02;31.05.02;T02
02LH;Lighthouseday;DA0LH;01.07.02;31.07.02;I04
02LH;Aktivitäten ILLW;DA0LH;01.08.02;31.08.02;I04
02LH;Aktivitäten ILLW;DL0RUG;10.08.02;24.08.02;V08
02LOP;Erster Jahrestag;DC0LOP;09.11.02;17.11.02;N02
02LRS;Ligthosuday;DA0LRS;01.07.02;30.07.02;I06
02RFT;6. Int. Raumfahrttage in Morgenröthe-Rautenkranz;DK0RMR;01.06.02;30.06.02;S45
02SAR;Seenotkreuzer in Laboe;DK0RZ;27.09.02;29.09.02;E39
02SAR;Aktivitätswochen;DK0RZ;30.11.02;31.12.02;E39
02SAT;Sachsen-Anhalt-Tage;DK0NID;11.08.02;25.08.02;W14
02SAT;Sachsen-Anhalt-Tage;DL0SWS;11.08.02;25.08.02;W14
02SFF;Sängerfest in Finsterwalde;DK0FIW;01.08.02;31.08.02;Y38
02SFL;Sommerfildday Ludwigslust;DK0LWL;22.07.02;18.08.02;V28
02SYC;Synagogenneubau;DF0CHE;01.05.02;31.05.02;S54
02TDF;Aktivitäten zur "Tour de France";DL0OI;01.07.02;15.07.02;Q13
02THR;Thür. Afu-Treffen in Jena;DF0JEN;01.04.02;30.04.02;X22
02TWN;Aktivitätswochen;DF0TWN;15.04.02;14.05.02;I21
02TWN;Aktivitätswochen zur DNAT;DF0TWN;15.08.02;14.09.02;I21
02WXR;Jahrestreffen der Wetterrunde;DL0WXR;15.05.02;14.06.02;M10
02YFD;7. Jugendfieldday Großraum Nürnberg, Fürth, Erlangen;DA0YFD;01.08.02;31.08.02;B21
02ZOO;Hannover ZOO;DA0ASG;01.05.02;31.05.02;H08
02ZOO;Aktivitätswochen;DK0AWG;01.05.02;30.05.02;H08
02ZOO;Aktivitätswochen;DL0AWG;01.05.02;30.05.02;E31
02ZOO;Aktivitätswochen;DO0AWG;01.05.02;30.05.02;H08
02ZT;Stadtfeier "Zwickau-Tage";DA0ZT;01.08.02;31.08.02;S66
03AFTN;Amateurfunktag in Nienhagen;DF0CEL;21.08.03;20.09.03;Z84
03AH;Lighthouseday auf Rügen;DL0HGW;15.08.03;17.08.03;V11
03AIXO;Ausstellungen in Aachen;DL0AC;29.06.03;28.07.03;G01
03ALT;3 Jahre OV Aller-Leine-Tal H56;DL0A;06.06.06;04.07.06;H56
03AWG;Aktivitätswochen;DK0AWG;01.06.02;30.06.02;H24
03AWG;Aktivitätswochen;DL0AWG;01.06.02;30.06.02;E31
03AWG;Aktivitätswochen;DO0AWG;01.06.02;30.06.02;H24
03BAR;Aktivitäten zum Stadtfest;DL0HY;01.05.03;31.05.03;E25
03BLH;Lighthouseday auf Rügen;DA0BLH;15.08.03;25.08.03;V06
03BOE;Aktivitätswochen anläßlich der Moorbahn;DL0KDW;01.05.03;31.07.03;I45
03DLD;Aktivitätswochen;DC0DOK;01.08.03;31.08.03;N18
03ECT;Europacup der white stickers;DL0BSV;15.09.03;05.10.03;H66
03GEO;Internationaler Museumstag;DK0GEO;01.05.03;31.05.03;H19
03GEO;Tag des offenen Denkmals;DK0GEO;01.09.03;30.09.03;H19
03GIF;Aktivitäten in Gifhorn;DF0GIF;01.11.03;30.11.03;H08
03HAM;Aktivitätswochen zur Publizierung der AFU-Software HAMxxx;DL0HAM;01.03.03;31.03.03;D25
03ILLW;Feuerschiff Fehrmannbelt;DL0FFF;12.08.03;17.08.03;K34
03JAIG;Jahrestreffen der JAIG in Gosen;DF0BLM;18.04.03;17.05.03;D17
03JDJ;Jugendaktivitäten;DL0FDX;01.03.03;31.03.03;Z25
03JDJ;Jugendaktivitäten;DL0FDX;01.06.03;30.06.03;Z25
03JDJ;Jugendaktivitäten;DL0FDX;01.08.03;31.08.03;Z25
03JSA;12. Oster-Ausbildungslager des OV   W33;DL0JSA;21.04.03;04.05.03;W33
03LH;Aktivitäten am Leuchtfeuer Peenemünde;DK0KTL;01.08.03;31.08.03;X20
03LH;Int. Lighthouseday auf Hiddensee;DL0RUG;10.08.03;24.08.03;V08
03LRS;Leuchtturm "Roter Sand" in der Wesermündung;DA0LRS;01.07.03;30.07.03;I06
03NAC;Nordic Activity Contest;DC0NAC;06.10.03;19.10.03;E21
03NAC;Nordic Activity Contest;DC0NAC;03.11.03;16.11.03;E21
03NDS;Tag der Niedersachsen;DL0YLO;01.06.03;30.06.03;I54
03NDS;Tag der Niedersachsen;DK0OF;01.06.03;30.06.03;I54
03QSJ;Aktivitätstage;DL0AS;01.09.03;25.09.03;E09
03QSJ;QRP- und Selbstbau- und Jugendtreffen in Lütjensee;DL0AS;26.09.03;28.09.03;E09
03SAR;Aktivitätswochen;DK0RZ;01.07.03;31.07.03;E39
03SAR;Aktivitätswochen;DK0RZ;15.11.03;14.12.03;E39
03SE;Silbermann-Ehrung;DL0FG;28.07.03;24.08.03;S55
03STIP;Inselaktivitäten;DL0GVM;01.08.03;31.08.03;V10
03STM;Insel Hopfenberg im Edersee;DL0BI;14.11.03;16.11.03;N01
03THR;Thüringer Distriktstreffen am 26.4. in Jena;DF0JEN;01.04.03;30.04.03;X22
03TNS;Tag der Niedersachsen;DL0TNS;15.06.03;14.07.03;I07
03VAMT;Historisches Verstärkeramt;DK0RE;14.06.03;30.06.03;N47
03WDR;WDR-Studiofest auf der Flora Westfalica;DL0BI;17.05.03;31.05.03;N01
03WXR;Jahrestreffen der Wetterrunde;DL0WXR;01.06.03;30.06.03;M10
03YFD;8. Jugendfieldday Großraum Nürnberg;DA0YFD;01.08.03;31.08.03;B21
04AFUTN;2. Amateurfunktag in Nienhagen;DF0CEL;19.08.04;18.09.04;Z84
04ALH;Arkona Lighthouseday;DL0HGW;20.08.04;22.08.04;V11
04ALT;4 Jahre OV Aller-Leine-Tal H56;DL0A;04.06.07;08.07.07;H56
04AWG;Aktivitätswochen;DK0AWG;01.08.02;31.08.02;H24
04AWG;Aktivitätswochen;DC0AWG;01.08.02;31.08.02;N08
04AWG;Aktivitätswochen;DL0AWG;01.08.02;31.08.02;E31
04AWG;Aktivitätswochen;DO0AWG;01.08.02;31.08.02;H24
04BAR;Aktivitätsmonat;DL0HY;12.06.04;27.06.04;E25
04BGS;Aktivitätswochen des BGS;DK0BGS;01.07.04;31.07.04;U12
04BGS;Aktivitätswochen des BGS;DL0BGS;01.07.04;31.07.04;H23
04BGS;Aktivitätswochen des BGS;DA0BGS;01.07.04;31.07.04;C14
04BLH;Aktivitätsmonat;DA0BLH;14.06.04;24.08.04;V06
04BVG;50 Jahre Sportgruppe BVG-BSG-Nord;DF0BT;01.06.04;30.06.04;D04
04GEO;Eu-Tag zum "offenen Denkmal" und "Tag des Geotops";DK0GEO;01.09.04;30.09.04;H19
04GEO;Eu-Tag zum "offenen Denkmal" und "Tag des Geotops";DF0ERZ;01.09.04;30.09.04;H19
04HT;Hessentag des Jahres 2004;DL0BQ;18.06.04;27.06.04;F02
04IGBT;Interessengruppe Thüringer Bergfunker;DK0THB;06.11.04;31.12.04;X10
04ILLW;ILLW auf dem Leuchtturm "Rorrenplate";DA0LH;19.08.04;23.08.04;I04
04ILLW;Lighthouse-Weekend;DL0TO;21.08.04;22.08.04;E23
04JAIG;Jahrestreffen der Jap. Funkamateure in Deutschland;DF0BLM;26.03.04;25.04.04;D17
04JJ;OV-Aktivitäten zum Jugendjahr;DF0SA;01.05.04;31.05.04;X26
04LEI;Städtefusion Leinefelde - Worbis;DF0WBS;01.05.04;31.05.04;X14
04LH;ILLW-Wochenende;DL0HDF;16.08.04;22.08.04;X25
04LHW;Leuchtturm Westerheversand;DL0RSH;14.08.04;27.08.04;M27
04LHW;Leuchtturm Westerheversand;DL0RSH;12.11.04;19.11.04;M27
04LSH;Lighthouse Weekend;DF0AWG;11.08.04;23.08.04;H08
04LSH;Lighthouse Weekend;DL0AWG;11.08.04;23.08.04;E31
04MDW;Anerkennung Worpswede als Mediendorf;DL0KDW;01.05.04;31.05.04;I45
04NAT;Amateurfunkveranstaltung anlässlich der "NATURATLON";DL0AD;03.09.04;03.10.04;G09
04NOT;Vorführungen Notfunkreferat im Vogelsbergkreis;DL0NOT;28.07.04;02.08.04;F55
04NOT;Vorführungen Notfunkreferat im Vogelsbergkreis;DL0VBK;29.07.04;02.08.04;F55
04QSJ;Aktivität: QRP an der See;DL0AS;20.08.04;19.09.04;E09
04QSJ;Aktivität: QRP an der See;DA0QS;20.08.04;19.09.04;E09
04RB;Öffentlichkeitsarbeit anl. der 8. Raumfahrttage in Morgenröthe-Rautenkranz;DK0TZ;12.06.04;10.07.04;S51
04RFT;Öffentlichkeitsarbeit anl. der 8. Raumfahrttage in Morgenröthe-Rautenkranz;DK0RMR;01.05.04;31.05.04;S45
04SFF;Sängerfest in Finsterwalde;DK0FIW;01.08.04;31.08.04;Y38
04SFL;Sommerfieldday 2004;DK0LWL;15.07.04;14.08.04;V28
04SRE;Int. Museum Ship Radio Event 2004;DL0TA;17.07.04;16.08.04;E11
04TNS;Aktivität zum Niedersachsentag;DL0HOL;20.06.04;04.07.04;H16
04TSR;Tall Ship Race;DL0CX;01.08.04;31.08.04;Z73
04TWN;Aktivitäten in Bad Bentheim;DF0TWN;15.04.04;14.05.04;I21
04TWN;Aktivitäten in Bad Bentheim;DL0ZZ;15.04.04;14.05.04;I21
04TWN;Aktivitäten in Bad Bentheim zur DNAT;DF0TWN;15.08.04;14.09.04;I21
04TWN;Aktivitäten in Bad Bentheim zur DNAT;DL0ZZ;15.08.04;14.09.04;I21
04UDM;Aktivitäten des OV  I23  auf Usedom;DF0TM;15.04.04;18.04.04;I23
04WAL;Aktivitätswochen;DL0MFW;01.07.04;31.07.04;E02
04WAL;Aktivitätsmonat;DL0MFW;01.07.04;31.07.04;E02
04WBG;Wege zur Backsteingotik;DL0HWI;01.05.04;31.05.04;V13
04WBG;Wege zur Backsteingotik;DA0HWI;01.05.04;31.05.04;V13
04WXR;Jahrestreffen der Int. Wetterrunde;DL0WXR;01.05.04;31.05.04;M10
04YFD;0. Jugendfieldday Großraum Nürnberg/Erlangen/Fürth;DA0YFD;01.08.04;31.08.04;B21
05ALH;Lighthouseday;DL0HGW;19.08.05;21.08.05;V11
05AWG;Aktivitätswochen;DC0AWG;01.11.02;30.11.02;N08
05AWG;Aktivitätswochen;DL0AWG;01.11.02;30.11.02;E31
05AWG;Aktivitätswochen;DK0AWG;01.11.02;30.11.02;H24
05AWG;Aktivitätswochen;DO0AWG;01.11.02;30.11.02;H24
05BAR;5 Jahre OV Barmin;DK0BAR;14.06.02;13.07.02;Y42
05BPOL;Aktivitätsmonate;DK0BGS;01.08.05;31.12.05;U12
05CGUB;Contestgruppe der Universität Bonn;DQ7Q;01.08.05;31.07.06;G03
05FALK;Falkenbergspektakel;DL0NO;17.06.05;19.06.05;E12
05FAW;5 Jahre Clubstation DF0FAW des AWG-Teams Rhein-Mein;DF0FAW;01.06.10;30.06.10;F05
05GEO;Tag des offenen Denkmals;DK0GEO;01.05.05;31.05.05;H19
05GEO;Tag des offenen Denkmals;DF0ERZ;01.05.05;31.05.05;H19
05GEO;Tag des offenen Denkmals;DK0GEO;01.09.05;30.09.05;H19
05GEO;Tag des offenen Denkmals;DF0ERZ;01.09.05;30.09.05;H19
05ILLW;Lighthouseday;DL0TO;20.08.05;21.08.05;E23
05LAH;Erinnerung an die "Landshuter Hochzeit";DL0LA;01.01.05;31.12.05;U08
05LH;ILLW Wochenende;DL0HDF;19.08.05;21.08.05;X25
05LHW;Aktivierung Leuchtturm;DL0IN;04.05.05;12.05.05;C05
05NOT;'Tag der offenen Türe beim DARC' mit Notfunkvorstellung;DL0VBK;01.06.05;30.06.05;F55
05PM;Pflanzung von 250000 Narzissen in Melle;DL0OA;01.12.05;31.12.05;I28
05PM;Pflanzung von 250000 Narzissen in Melle;DC0AWG;01.12.05;31.12.05;I28
05PM;Pflanzung von 250000 Narzissen in Melle;DO0JVA;01.12.05;31.12.05;I28
05PM;Pflanzung von 250000 Narzissen in Melle;DK0GM;01.12.05;31.12.05;I28
05QCWA;QCWA Chapter 106;DA0QC;15.06.05;14.06.06;I21
05QSJ;Aktivität: QRP an der See;DA0QS;19.08.05;24.09.05;E09
05SAR;Aktivitätswochen;DK0RZ;01.10.05;31.10.05;E39
05SFL;Sommerfieldday 2005;DK0LWL;25.07.05;20.08.05;V28
05SRE;Museum Ship Event 2005;DL0TA;16.07.05;15.08.05;E11
05TDF;Tour de France;DF0DR;15.06.05;31.07.05;A51
05TWN;Sommeraktivitäten in der Grafschaft Bentheim;DF0TWN;15.04.05;14.09.05;I21
05TWN;Sommeraktivitäten in der Grafschaft Bentheim;DL0ZZ;15.04.05;14.09.05;I21
05U30;Präsentation Amateurfunk;DL0POR;17.06.05;07.08.05;U30
05UDM;Aktivitätstage des Teufelsmoor auf der Insel Usedom;DF0TM;22.04.05;26.04.05;I23
05VDAPG;Treffen des Verbandes Deutscher Altpfadfinder (VDAPG);DK0AN;01.06.06;31.10.06;B02
05WGD;World Games Duisburg 2005;DL0WGD;06.09.04;04.09.05;L16
05WXR;Jahrestreffen der Internationalen Wetterrunde;DL0WXR;01.05.05;31.05.05;M10
05YFD;10 Jahre Fieldday-Aktivitäten;DA0YFD;01.08.05;31.08.05;B12
06ALH;2006 Arkona Lighthouse;DL0HGW;18.08.06;20.08.06;V11
06ASZ;Amateurfunk Sommeraktivität in Salzgitter;DL0SGN;21.07.06;18.09.06;H60
06ASZ;Amateurfunk Sommeraktivität in Salzgitter;DK0LEN;21.07.06;18.09.06;H60
06AWG;Aktivitätsgruppe Wolfsburg-Gifhorn;DO0AWG;29.05.03;28.06.03;H24
06AWG;Aktivitätsgruppe Wolfsburg-Gifhorn;DL0AWG;29.05.03;28.06.03;E31
06AWG;Aktivitätsgruppe Wolfsburg-Gifhorn;DK0AWG;29.05.03;28.06.03;P57
06AWG;Aktivitätsgruppe Wolfsburg-Gifhorn;DC0AWG;29.05.03;28.06.03;I28
06BPOL;Aktivität Bundespolizei;DL0BPO;01.02.06;30.06.06;C14
06BT;Brandenburgtag 2006 in Forst;DA0NFL;28.08.06;10.09.06;Y33
06FWC;Allgemeine Aktivitäten;DQ06FWC;01.06.06;31.07.06;K32
06GEO;Internationaler Museumstag 2006;DK0GEO;01.05.06;31.05.06;H19
06GEO;Internationaler Museumstag 2006;DD0D;01.05.06;31.05.06;H19
06GEO;Tag des offenen Denkmals;DF0ERZ;01.09.06;30.09.06;H19
06GEO;Tag des offenen Denkmals;DK0GEO;01.09.06;30.09.06;H19
06GEO;150 Jahre Neandertalerforschung;DD0D;01.10.06;31.10.06;H19
06HAMCAMP;Ham Camp auf der Ham Radio 2006;DA0HAMCAMP;01.05.06;31.07.06;B12
06ILLW;Lighthouse Weekend;DL0TO;19.08.06;20.08.06;E23
06JAIG;Jahrestreffen der JAIG;DF0BLM;29.04.06;28.05.06;D17
06QCWA;Aktivitäten der QCWA;DA0QC;15.06.06;31.12.06;I21
06QSJ;Aktivität: QRP an der See;DA0QS;18.08.06;23.09.06;E09
06SAR;Aktivitätswochen;DK0RZ;01.04.06;31.05.06;E39
06SFF;Sängerfest in Finsterwalde;DK0FIW;01.08.06;31.08.06;Y38
06SFL;Sommerfieldday 2006 OV Ludwigslust;DK0LWL;24.07.06;06.08.06;V28
06TDN;Tag der Niedersachsen 2006 in Melle;DL0OA;01.06.06;31.12.06;I28
06TDN;Tag der Niedersachsen 2006 in Melle;DK0GM;01.06.06;31.12.06;I28
06TDN;Tag der Niedersachsen 2006 in Melle;DC0AWG;01.06.06;31.12.06;I28
06TDN;Tag der Niedersachsen 2006 in Melle;DO0JVA;01.06.06;31.12.06;I28
06TWN;Sommeraktivitäten in der Grafschaft Bentheim;DF0TWN;01.04.06;30.09.06;I21
06TWN;Sommeraktivitäten in der Grafschaft Bentheim;DL0ZZ;01.04.06;30.09.06;I21
06WXR;Jahrestreffen der Internationalen Wetterrunde;DL0WXR;01.05.06;31.05.06;M10
06YFD;11. Jugendfieldday in Marloffstein;DA0YFD;01.08.06;31.08.06;B12
07AWG;Aktivitätsgruppe Wolfsburg-Gifhorn;DK0AWG;01.08.03;31.08.03;P57
07AWG;Aktivitätsgruppe Wolfsburg-Gifhorn;DO0AWG;01.08.03;31.08.03;H24
07AWG;Aktivitätsgruppe Wolfsburg-Gifhorn;DC0AWG;01.08.03;31.08.03;I28
07AWG;Aktivitätsgruppe Wolfsburg-Gifhorn;DL0AWG;01.08.03;31.08.03;E31
07FIN;IG Funkamateure im Notfunk;DA0AD;20.04.07;31.03.08;H14
07GEO;Internationaler Museumstag 2007;DD0D;01.05.07;31.05.07;H19
07GEO;Internationaler Museumstag 2007;DF0ERZ;01.05.07;31.05.07;H19
07GEO;Tag des offenen Denkmals;DK0GEO;01.09.07;30.09.07;H19
07GEO;Tag des offenen Denkmals;DD0D;01.09.07;30.09.07;H19
07HAMCAMP;Ham Camp auf der Ham Radio 2007;DA0HAMCAMP;01.06.07;31.07.07;B12
07ILLW;Lighthouse Weekend;DL0TO;18.08.07;19.08.07;E23
07JAIG;Jahrestreffen der JAIG;DL0DJF;15.04.07;31.05.07;C28
07LF;Aktivität am Leuchtturm Falshöft;DF0AWG;01.08.07;20.08.07;H08
07NOT;Aktivitäten zum Thema Notfunk;DL0VBK;01.04.07;30.11.07;F55
07QSJ;5. norddeutsches Treffen  "QRP an der See";DL0AS;17.08.07;16.09.07;E09
07QSJ;5. Norddeutsches Treffen  "QRP an der See";DA0QS;17.08.07;16.09.07;E09
07SAR;Aktivität von der DGzRS - Deutsche Gesellschaft zur Rettung Schiffbrüchiger;DK0RZ;01.04.07;31.05.07;E39
07SDW;Braunschweig Stadt der Wissenschaft;DR2007SDW;01.04.07;31.12.07;H46
07TWN;Sommeraktivitäten in der Grafschaft Bentheim;DL0ZZ;01.04.07;30.09.07;I21
07TWN;Sommeraktivitäten in der Grafschaft Bentheim;DF0TWN;01.04.07;30.09.07;I21
07UDM;Aktivitätstage des OV I23 auf der Insel Usedom;DF0TM;20.04.07;23.04.07;I23
07WXR;Jahrestreffen der Internationalen Wetterrunde;DL0WXR;01.05.07;31.05.07;M10
07YFD;12. Jugendfieldday in Marloffstein;DA0YFD;01.08.07;31.10.07;B12
08ALH;ILLW 2008 Arkona Lighthouse;DL0HGW;15.08.08;17.08.08;V11
08AWG;Aktivitätsgruppe Wolfsburg-Gifhorn;DL0AWG;25.10.03;24.11.03;E31
08AWG;Aktivitätsgruppe Wolfsburg-Gifhorn;DO0AWG;25.10.03;24.11.03;H24
08AWG;Aktivitätsgruppe Wolfsburg-Gifhorn;DC0AWG;25.10.03;24.11.03;I28
08AWG;Aktivitätsgruppe Wolfsburg-Gifhorn;DK0AWG;25.10.03;24.11.03;P57
08BT;Brandenburgtag 2008 in Königs Wusterhausen;DL0KWH;01.08.08;30.09.08;Y07
08GEO;Funkaktivitäten IGARAG und Geopark-Netzwerke;DK0GEO;01.04.08;30.09.08;H19
08GEO;Funkaktivitäten IGARAG und Geopark-Netzwerke;DF0ERZ;01.04.08;30.09.08;H19
08GEO;Funkaktivitäten IGARAG und Geopark-Netzwerke;DD0D;01.04.08;30.09.08;H19
08HAMCAMP;Ham Camp auf der Ham Radio 2008;DA0HAMCAMP;17.06.08;31.07.08;B12
08ILLW;Lighthouse Weekend 2008;DN0AWG;01.08.08;18.08.08;H08
08ILLW;Lighthouse Weekend 2008;DF0AWG;01.08.08;18.08.08;H08
08ILLW;Lighthouse Weekend 2008;DL0AWG;01.08.08;18.08.08;E31
08ILLW;Lighthouse Weekend 2008;DK0AWG;01.08.08;18.08.08;P57
08ILLW;Lighthouse Weekend 2008;DL0TO;16.08.08;17.08.08;E23
08JAIG;Jahrestreffen der JAIG;DL0DJF;01.04.08;31.05.08;C28
08NOT;Aktivitäten zum Thema Notfunk;DL0VBK;01.04.08;31.12.08;F55
08QSJ;Aktivität: QRP an der See;DA0QS;29.05.08;11.10.08;E09
08SAR;Aktivität vom Seenotkreuzer Berlin in Laboe;DK0RZ;01.04.08;31.05.08;E39
08TWN;Sommeraktivitäten in der Grafschaft Bentheim;DF0TWN;01.04.08;30.09.08;I21
08TWN;Sommeraktivitäten in der Grafschaft Bentheim;DL0ZZ;01.04.08;30.09.08;I21
08WBG;Wege zur Backsteingotik 2008;DL0HWI;22.07.08;31.12.08;V13
08YFD;13. Jugendfieldday in Marloffstein;DA0YFD;01.08.08;30.09.08;B12
09AWG;Aktivitätswochen der AWG;DF0AWG;23.05.04;22.06.04;H08
09AWG;Aktivitätswochen der AWG;DL0AWG;23.05.04;22.06.04;E31
09AWG;Aktivitätswochen der AWG;DK0AWG;23.05.04;22.06.04;P57
09AWG;Aktivitätswochen der AWG;DO0AWG;23.05.04;22.06.04;H24
09AWG;Aktivitätswochen der AWG;DC0AWG;23.05.04;22.06.04;I28
09GEO;Funkaktivitäten im UNESCO-GeoPark-Netzwerk;DF0ERZ;01.05.09;30.09.09;H19
09GEO;Funkaktivitäten im UNESCO-GeoPark-Netzwerk;DK0GEO;01.05.09;30.09.09;H19
09HAMCAMP;Ham Camp auf der Ham Radio 2009;DA0HC;01.12.08;30.09.09;P57
09HAMM;Nordrhein-Westfalen-Tag 2009 in Hamm;DR09NRW;01.04.09;31.10.09;O10
09ILLW;Lighthouse Weekend 2009;DN0AWG;01.08.09;17.08.09;H08
09ILLW;Lighthouse Weekend 2009;DF0AWG;01.08.09;17.08.09;H08
09ILLW;Lighthouse Weekend 2009;DL0TO;15.08.09;16.08.09;E23
09QSJ;7. Norddeutsches Treffen  "QRP an der See";DA0QS;20.06.09;31.10.09;E09
09SAR;Aktivität von Laboe;DK0RZ;01.04.09;30.04.09;E39
09TWN;44 Jahre Aktivitäten im OV Grafschaft Bentheim (I21);DF0TWN;15.01.09;31.12.09;I21
0POLIO;End Polio Now, Null Polio weltweit;DL0POLIO;01.06.16;31.05.17;Z21
1000BM;1000 Jahre Bistum Merseburg;DL0MER;01.10.04;31.12.04;W21
1000BZ;1000 Jahre Stadt Bautzen;DL0RCB;15.08.02;14.09.02;S16
1000ER;1000 Jahre Erlangen;DL0TZ;01.01.02;31.01.02;O44
1000ER;1000 Jahre Erlangen;DF0TV;01.02.02;31.03.02;B08
1000ER;1000 Jahre Erlangen;DK0ER;01.02.02;28.02.02;B08
1000ER;1000 Jahre Erlangen;DK0FHG;01.04.02;30.04.02;B08
1000ER;1000 Jahre Erlangen;DL0TZ;01.05.02;31.05.02;O44
1000ER;1000 Jahre Erlangen;DK0ER;01.06.02;02.06.31;B08
1000ER;1000 Jahre Erlangen;DK0FHG;15.06.02;14.07.02;B08
1000ER;1000 Jahre Erlangen;DF0TV;01.07.02;31.07.02;B08
1000ER;1000 Jahre Erlangen;DK0ER;01.08.02;31.08.02;B08
1000ER;1000 Jahre Erlangen;DL0TZ;01.09.02;30.09.02;O44
1000ER;1000 Jahre Erlangen;DF0TV;01.10.02;31.10.02;B08
1000ER;1000 Jahre Erlangen;DK0FHG;01.11.02;30.11.02;B08
1000MRO;1000 Jahre Marktrechte Oppenheim;DL0TRZ;01.01.08;31.12.08;K33
1000RS;1000. Rundspruchsendung auf KW;DF0DS;01.12.01;31.12.01;O41
1000TGM;1000 Jahre Tangermünde;DL0TGM;13.06.09;13.09.09;W04
1000WK;1000 Jahre Walder Kirche Solingen;DL0SO;01.07.19;30.09.19;R14
1000WMS;1000 Jahr Wolmirstedt;DL0WMS;01.06.09;30.06.09;W37
1000YL;1000. YL-Runde über DB0UO;DL0NYL;01.03.02;30.03.02;I17
1000YL;1000. YL-Runde über DB0UO;DL0YLO;01.03.02;30.03.02;I54
100ABK;100. Geburtstag Karl Rothammel;DL0ABK;01.12.14;31.12.14;X29
100ACI;100 Jahre Amateurfunk im Ruhrgebiet;DK0ACI;01.07.26;30.09.26;L15
100ANA;100 Jahre OV Annaberg S48;DL100ANA;13.01.24;12.01.25;S48
100ARN;100 Jahre Amateurfunk in Arnstadt;DL0ARN;01.02.25;01.03.25;X10
100ART;100 Jahre Allgemeine Relativitätstheorie;DL0ABT;01.06.15;31.12.15;D25
100AVS;100 Jahre Berliner Avus;DB100AVUS;23.01.21;31.12.21;D03
100AW;100 Jahre Fahrzeuginstandsetzungswerk Paderborn;DB100AWPB;01.09.13;30.09.13;N14
100BAD;100 Jahre "Bad" Zwischenahn;DR100BADZ;01.06.19;30.06.19;I01
100BAY;100 Jahre Freistaat Bayern;DL0IR;01.01.18;31.12.18;T08
100BAY;100 Jahre Freistaat Bayern;DL0NEU;01.01.18;31.12.18;T08
100BKW;100 Jahre Rundfunkübertragung aus Königs Wusterhausen;DL0KWH;01.01.20;31.12.20;Y07
100BLH;100 Jahre Hauptbahnhof Leipzig;DK0EFA;01.12.15;31.12.15;S31
100BTI;100 Jahre Bismarckturm Iserlohn;DL0IS;01.05.15;31.05.15;O11
100BTI;100 Jahre Bismarckturm Iserlohn;DL0IS;08.08.15;22.08.15;O11
100BVB;100 jähriges Jubiläum Borussia Dortmund;DR100BVB;01.01.09;31.12.09;O52
100BVB;100 jähriges Jubiläum Borussia Dortmund;DQ0A;01.01.09;31.12.09;O52
100BVB;100 jähriges Jubiläum Borussia Dortmund;DR0R;01.01.09;31.12.09;O52
100BVB;100 jähriges Jubiläum Borussia Dortmund;DL0DWE;01.01.09;31.12.09;O52
100BY;100 Jahre Freistaat Bayern;DL100BY;01.01.18;31.12.18;C01
100CGD;100 Jahre Comenius Gymnasium Deggendorf;DF0CGD;27.06.00;26.07.00;U04
100CTK;100 Jahre Carl-Thiem-Klinikum Cottbus;DM100CTK;01.05.14;30.04.15;Y24
100CUX;100 Jahre Stadt Cuxhaven;DL0CX;01.03.07;31.12.07;Z73
100CUX;100 Jahre Stadt Cuxhaven;DF0CX;01.03.07;31.12.07;Z73
100CUX;100 Jahre Stadt Cuxhaven;DA0LCC;01.03.07;31.12.07;Z73
100DAMPF;100 Jahre Dampfmaschinen im Möhnetal;DA0MPF;01.10.99;31.10.99;O03
100DAMPF;100 Jahre Dampfmaschinen im Mönetal;DA0MPF;01.12.99;31.12.99;O03
100DAMPF;100 Jahre Dampfmaschinen im Mönetal;DA0MPF;01.02.00;31.03.00;O03
100DB;100 Jahre Daimler Benz;DL0MB;01.03.02;31.03.02;A24
100DBA;100 Jahre Dreieich-Bahn;DL0PP;10.06.05;30.09.05;F29
100DFB;Ausstellung 100 Jahre DFB;DL0RO;01.08.00;31.08.00;L18
100DJH;100 Jahre Deutsches-Jugend-Herbergswerk in Altena;DK0AL;01.01.09;31.12.09;O01
100DJH;100 Jahre Deutsches-Jugend-Herbergswerk in Altena;DR100DJH;01.01.09;31.12.09;O42
100DLH;100 Jahre Deutsche Lufthansa;DA100LH;01.01.26;31.12.26;J00
100DLH;100 Jahre Deutsche Lufthansa;DL100LH;01.01.26;31.12.26;J00
100DLH;100 Jahre Deutsche Lufthansa;DK100LH;01.01.26;31.12.26;J00
100DLW;100 Jahre Dampflokwerk Meiningen;DF0MGN;01.08.14;15.08.14;X37
100DLW;100 Jahre Dampflokwerk Meiningen;DA0MGN;01.08.14;15.08.14;X37
100DM;100 Jahre Deutsches Museum in München;DL100DM;01.01.25;31.12.25;C11
100DSC;100 Jahre Fußballverein Arminia Bielefeld;DA0DSC;01.05.05;30.04.06;N01
100EDTF;100 Jahre Flugplatz Freiburg;DK0FR;01.05.07;31.12.07;A05
100ELBE;100 Jahre erste Funkverbindung 'Cuxhaven - Helgoland';DA0CUX;01.09.00;30.09.00;E01
100ELK;100 Jahre Elbe-Lübeck-Kanal;DK0RZ;01.10.00;31.10.00;E39
100EWERK;100 Jahre Elektizitätswerk in Oschatz;DC0TO;01.09.09;31.12.09;Z91
100FK;100 Jahre Funkkartell;DM100FK;01.01.24;30.06.24;D26
100FK;100 Jahre Funkkartell;DB100FK;01.01.24;30.06.24;S36
100FK;100 Jahre Funkkartell;DD100FK;01.01.24;30.06.24;N44
100FK;100 Jahre Funkkartell;DL100FK;01.01.24;30.06.24;S60
100FK;100 Jahre Funkkartell;DC100FK;01.01.24;30.06.24;S07
100FK;100 Jahre Funkkartell;DF100FK;01.01.24;30.06.24;W18
100FK;100 Jahre Funkkartell;DQ100FK;01.01.24;30.06.24;F27
100FK;100 Jahre Funkkartell;DR100FK;01.01.24;30.06.24;S54
100FMT;100 Jahre deutsche Fernmeldetruppe;DA0FMT;01.07.99;30.06.00;K34
100FPZ;100 Jahre Flugplatz Zwickau;DK0JRS;01.03.09;31.12.09;S60
100FRB;100 Jahre Radrennbahn Forst;DA0NFL;12.06.06;25.06.06;Y33
100FTL;100 Jahre Stadt Freital;DL0FTL;01.01.21;31.12.21;S27
100FWK;100 Jahre Feuerwehr in Unna-Königsborn;DL0UN;01.06.05;31.08.05;O49
100GAW;100 Jahre motorisierter Erstflug von G. A. Weisskopf;DA0GAW;01.08.01;31.08.01;N12
100GAW;100 Jahre motorisierter Erstflug;DA0GAW;01.11.01;30.11.01;N12
100GAW;100 Jahre motorisierter Erstflug;DA0GAW;01.04.02;30.04.02;N12
100GB;100 Jahre Groß-Berlin;DL0ABT;01.09.20;30.09.20;D25
100HAF;100 Jahre Hafen Karlsruhe;DL0KHZ;24.06.01;08.07.01;A07
100HELL;100 Jahre Hell-Schreiber;DL0HDK;19.12.01;12.01.02;M25
100HG;100 Jahre 1. deutscher Motorflug in Magdeburg;DL0MGD;01.09.08;30.11.08;W10
100HG;100 Jahre 1. deutscher Motorflug in Magdeburg;DL0MAG;01.09.08;30.11.08;W05
100JL;100 Jahre Junkers Luftverkehr;DF0FFR;01.03.21;31.05.21;S05
100JL;100 Jahre Junkers Luftverkehr;DA0FFR;01.03.21;31.05.21;S44
100JL;100 Jahre Junkers Luftverkehr;DQ100JL;01.03.21;31.05.21;W22
100JL;100 Jahre Junkers Luftverkehr;DR100JL;01.03.21;31.05.21;W18
100JL;100 Jahre Junkers Luftverkehr;DB0FFR;01.03.21;31.05.21;Y04
100JL;100 Jahre Junkers Luftverkehr;DK0FFR;01.03.21;31.05.21;H15
100KBM;100 Jahre erster Funkkontakt am kleinen Leuchtturm in Borkum;DQ0KBM;01.05.00;31.05.00;I06
100KIB;100 Jahre Eigenständigkeit der Kirchen in HH-Bramsfeld;DL0AT;01.04.07;31.07.07;E13
100KIB;100 Jahre Eigenständigkeit der Kirchen in HH-Bramsfeld;DK0HAT;01.04.07;31.07.07;E13
100KS;100. Geburtstag Kali + Salz Werke Neuhof;DF0FU;01.07.06;31.12.06;F06
100KWT;Erste Kurzwellentagung in Jena vor 100 Jahren;DF100KWTJ;01.01.26;31.03.26;X22
100KWZ;100 Jahre Kraftwerk Zschornewitz;DK0GHC;01.01.15;31.12.15;W30
100LA;100 Jahre Amateurfunk in Langenberg/Rhld.;DL0NI;01.05.24;31.01.25;R07
100LHW;100 jähriges Jubiläum Leuchtturm Westerheversand;DL0IN;01.04.07;01.10.07;C05
100LHW;100 jähriges Jubiläum Leuchtturm Westerheversand;DL0RSH;01.11.07;31.12.07;M27
100LZ4;100 Jahre Notlandung Zeppelin 4 vor Oppenheim;DL0OJ;01.08.08;31.08.08;K33
100MGY;100 Jahre Titanic Untergang;DM100MGY;01.04.12;30.06.12;S65
100MTL;Überregionale Aktivität zu 100 Jahre Transatlantikverb. von Markoni;DK0ANT;01.09.01;31.03.02;P01
100MTL;Überregionale Aktivität zu 100 Jahre Transatlantikverb. von Markoni;DF0ANB;01.09.01;31.03.02;A08
100MTL;Überregionale Aktivität zu 100 Jahre Transatlantikverb. von Markoni;DF0BK;01.09.01;31.03.02;P01
100MVB;100 Jahre Marineverein Bielefeld;DF0MV;04.10.97;02.11.97;N01
100MW;100 Jahre Funkverein Mittweida;DM100MW;01.01.24;30.06.24;S44
100OBB;100 Jahre Oberweißbacher Bergbahn;DL0OBW;01.05.23;31.07.23;X38
100ORG;100 Jahr Ostdeutscher Rosengarten;DA0NFL;14.06.13;13.07.13;Y33
100ORG;100 Jahr Ostdeutscher Rosengarten;DK0NFL;14.06.13;13.07.13;Y33
100OUI;100 Jahre OUI Erstverbindung DL USA;DL100OUI;19.01.13;31.12.13;H61
100PE;100 Jahre Funk im Kloster Ettal durch Pater Emmanuel;DR100PE;01.01.24;30.06.24;C07
100RCC;100 Jahre Radio Club Cassel;DL100RCC;09.04.24;01.02.25;F12
100REH;100 Jahre Rendsburger-Eisenbahn-Hochbrücke;DL0FJ;01.01.13;31.01.13;M12
100RFD;100 Jahre Rundfunk in Deutschland;DL100RADIO;09.02.23;30.11.23;C18
100RSJ;100 Jahre Realschule St. Josef in Bad Honnef;DL0AD;01.10.00;31.10.00;G09
100RVC;100 Jahre Radioverein Coburg (der älteste in Deutschland);DL0CG;01.01.20;31.12.20;B19
100RW;100 Jahre OV Weiden;DL0RW;01.01.26;31.12.26;U17
100RY;100 Jahre Funkfernschreiben;DQ9Y;25.08.22;24.02.23;L06
100SALZ;100 Jahre Steinsalzbergwerk in Grasleben;DC0GL;01.08.11;31.08.11;H24
100SCOUT;100 Jahre Pfadfinderbewegung;DR100SC;01.07.07;31.12.07;A02
100SEE;100 Jahre Edersee;DL0BW;01.04.14;30.04.14;F52
100SFO;100 Jahre Schwebefähre Osten;DF0WZ;10.01.09;31.12.09;E32
100SL;'Saarhundert' - 100 Jahre Saarland;DQ100SL;01.01.20;31.12.20;Q18
100SRC;100 Jahre Saar-Radio-Club (SRC) e.V. und 100 Jahre Rundfunk in Deutschland;DQ100SRC;01.11.23;31.01.24;Q18
100ST;100 Jahre Spreetunnel;DL0ABT;01.09.26;30.09.26;D25
100TV;100 Jahre Fernsehen in Deutschland;DA100TV;01.01.26;31.12.26;J00
100TV;100 Jahre Fernsehen in Deutschland;DL100TV;01.01.26;31.12.26;J00
100UBOOT;100 jähriges Bestehen der UBoote;DA0UBOOT;14.12.06;13.12.07;E32
100WDW;100 Jahre Wetterdrachen Höhen-Weltrekord in Lindenberg;DL0WML;01.01.19;31.12.19;D21
100WO;100 Jahre Gemeinde Wiesmoor;DK0WO;01.01.06;31.12.06;I58
100WTF;Jubiläum Wasserturm;DA0NFL;01.08.03;31.08.03;Y33
100WUE;100 Jahre Amateurfunk Würzburg;DL0WZ;01.08.19;31.07.20;B18
100ZM;100 Jahre Stadt Zella-Mehlis;DM100ZM;01.09.19;30.09.19;X31
103HEL;103-te Jahrestag von Dr. Hell dem Erfinder des HELL-Schreibers;DL0IOO;19.12.04;31.12.04;M25
103HEL;103-te Jahrestag von Dr. Hell dem Erfinder des HELL-Schreibers;DL0YE;19.12.04;31.12.04;M25
103NDS;103. Niedersachsentag am 21., 22. Juni 2024 in Wildeshausen.;DK0WIL;21.06.24;20.07.24;I20
104HELL;104-te Jahrestag von Dr. Hell dem Erfinder des HELL-Schreibers;DL0IOO;19.12.05;31.12.05;M25
1050GS;1050 Jahrfeier in Großschirma;DL0FG;01.05.06;28.05.06;S55
1050KS;1050 Jahre Ersterwähnung Kohren;DL0KSL;01.03.24;30.11.24;S35
1050TO;1050 Jahre Stadt Torgau;DA0TOR;14.02.23;31.10.23;S69
1050WD;Feiern in Wiedenbrück;DK0RE;01.07.02;31.07.02;N47
1050ZZ;1050 Jahre Stadt Zeitz;DL0LD;01.06.17;30.06.17;N04
1050ZZ;1050 Jahre Stadt Zeitz;DL0HZZ;01.06.17;30.06.17;W17
105FWK;105 Jahre Feuerwehr in Unna-Königsborn;DL0UN;01.06.10;31.07.10;O12
105HELL;105-te Jahrestag von Dr. Hell dem Erfinder des HELL-Schreibers;DL0IOO;01.12.06;31.12.06;M25
106HELL;106-te Jahrestag von Dr. Hell dem Erfinder des HELL-Schreibers;DL0IOO;01.12.07;31.12.07;M25
1075P;Stadtfest 1075 Jahre Putlitz;DK0MNT;15.08.23;14.05.24;D23
1080DUD;1080 Jahre Duderstadt;DL0DUD;01.03.09;31.12.09;H41
108HELL;108-te Jahrestag von Dr. Hell dem Erfinder des HELL-Schreibers;DL0IOO;01.12.09;31.12.09;M25
10ABK;10. Todestag des Autors der Antennenbücher 'Rothammel' (DM2ABK);DL0ABK;01.10.97;31.10.97;X29
10ALW;10 Mal Alter Leuchtturm Wangerooge;DK0FC;15.08.14;31.08.14;I18
10AWG;Aktivitätswochen;DF0AWG;01.11.04;30.11.04;H08
10AWG;Aktivitäten der AWG;DC0AWG;01.11.04;30.11.04;P57
10AWG;Aktivitäten der AWG;DK0AWG;01.11.04;30.11.04;P57
10AWG;Aktivitätswochen;DL0AWG;01.11.04;30.11.04;E31
10BL;10 Jahre Funkaktivität Blasienberg;DL3G;01.04.09;31.03.10;B02
10BL;10 Jahre Funkaktivität Blasienberg;DK0AN;01.04.09;31.03.10;B02
10CAL;10 Jahre OV Calenberg;DF0RG;01.05.00;31.05.00;H63
10CWO;10 Jähriges Bestehen CWop's Club / Aktivität zu diesem Anlass;DQ10CWO;01.01.20;31.12.20;L05
10CWO;10 Jähriges Bestehen CWop's Club / Aktivität zu diesem Anlass;DR10CWO;01.01.20;31.12.20;L05
10CWO;10 Jähriges Bestehen CWop's Club;DQ10CWO;01.01.20;31.12.20;L05
10D22;10 Jahre D22;DD22BDAY;01.01.24;31.12.24;D22
10DH;10 Jahre OV  O54;DA0DH;01.05.05;30.04.06;O54
10DH;10 Jahre OV  O54;DK0DH;01.05.05;30.04.06;O54
10ERT;10 Jahre OV Ertlingen;DL0RIE;01.12.01;31.12.01;P57
10ERT;10 Jahre OV Ertingen;DL0ERT;01.12.01;31.12.01;P57
10ES;10 jähriges Bestehen der Conzeszgruppe;DK0ES;01.05.04;31.05.04;P02
10FIH;10 Jahre FIH;DG0FIH;01.01.07;31.01.07;F07
10FIH;10 Jahre FIH;DA0FIH;01.01.07;31.01.07;B33
10FIH;10 Jahre FIH;DO0FIH;01.01.07;31.01.07;N01
10FIH;10 Jahre FIH;DL0FIH;01.01.07;31.01.07;P21
10FIH;10 Jahre FIH;DD0FIH;01.01.07;31.01.07;Y22
10FIH;10 Jahre FIH;DK0FIH;01.01.07;31.01.07;H08
10FKW;10 Jahre OV Finkenwerder;DL0FKW;22.10.01;18.11.01;E37
10FKW;10 Jahre OV Finkenwerder;DK0MBB;22.10.01;18.11.01;E37
10FKW;10 Jahre OV Finkenwerder;DF0CB;22.10.01;18.11.01;E37
10G56;10 Jahre Golf 56;DL0LEO;14.01.17;31.12.17;G56
10GEO;GeoParks Communication Weekend;DK0GEO;01.05.10;30.06.10;H19
10GEO;GeoParks Communication Weekend;DD0D;01.05.10;30.06.10;H19
10GEO;GeoParks Communication Weekend;DK0GEO;01.09.10;30.09.10;H19
10GEO;GeoParks Communication Weekend;DD0D;01.09.10;30.09.10;H19
10GIF;10 Jahre GIF;DF0GIF;28.10.06;19.11.06;H08
10HAMCAMP;Ham Camp auf der Ham Radio 2010;DA0HC;01.01.10;30.06.10;P57
10HSH;10 Jahre OV D20;DL0CON;01.10.03;30.10.03;D20
10HSK;10 Jahre VFDB  OV Hochsauerland;DL0MES;01.08.05;31.12.05;Z92
10HTG;10. OV-Geburtstag  I 53;DK0HB;01.11.96;30.11.96;I53
10ILLW;Lighthouse Weekend 2010;DL0TO;21.08.10;22.08.10;E23
10JUIST;Lighthouseday 2010;DL0PBS;20.08.10;22.08.10;I57
10JZ91;10 Jahre OV  Z91;DC0TO;01.09.05;31.12.05;Z91
10JZ91;10 Jahre OV  Z91;DL0COL;01.09.05;31.12.05;Z91
10KTL;Aktivitäten Schulfunkstation;DK0KTL;01.09.02;30.09.02;X20
10LG;10-tes Ausbildungs- und Jugendlager;DK0GYB;04.10.01;14.10.01;W33
10LG;Aktivität Leuchttürme Glückstadt;DL0AWG;01.08.10;23.08.10;E31
10LG;Aktivität Leuchttürme Glückstadt;DF0AWG;01.08.10;23.08.10;H08
10LG;Aktivität Leuchttürme Glückstadt;DN0AWG;01.08.10;23.08.10;E31
10LSO;Öffentlichkeitsarbeit;DL0LSO;01.06.04;30.06.04;I45
10MMA;10 Jahre Militärhistorisches Museum Anhalt;DA0MA;01.08.12;30.11.12;W22
10MRR;10 Jahre Militaryradiorunde;DL0MRR;01.03.18;31.12.18;S65
10MYK;10 Jahre Notfunkgruppe MYK (Mayen-Koblenz-NR);DL0FKS;01.05.22;31.01.23;K47
10NOT;Aktivitäten zum Thema Notfunk;DL0VBK;01.04.10;31.12.10;F55
10PFF;10. Pfingst Fieldday Friedrichsdorf;DD3D;10.05.08;31.05.08;F73
10R33;10 Jahre OV Schiefbahn (R33);DR60SBG;01.01.07;28.02.07;R33
10R33;10 Jahre OV Schiefbahn (R33);DR3S;01.01.07;31.12.07;R33
10R33;10 Jahre OV Schiefbahn (R33);DB0GX;01.01.07;31.12.07;R33
10RAS;Aktivitätswochen;DF0DR;24.06.02;23.07.02;A51
10SAR;10SAR -Aktivität vom Seenotkreuzer Berlin in Laboe;DK0RZ;01.04.10;31.05.10;E39
10SR;10 Jahre Stadt Rösrath;DF0SR;15.02.11;14.02.12;G17
10TCC;10 Jahre Contest Club Taubeneiche;DR10TCC;20.01.10;31.12.10;H57
10TRG;10 Jahre Taunus-Relais-Gruppe;DL0FT;01.05.13;31.05.13;Z05
10TTM;10 Jahre OV Taubertal-Mitte;DL0TTM;12.07.01;11.08.01;P56
10TWN;Sommeraktivitäten in der Grafschaft Bentheim;DF0TWN;20.04.10;31.12.10;I21
10Y42;10 Jahre OV Barnim (Y42);DL0BER;01.04.07;01.11.07;Y42
10Y42;10 Jahre OV Barnim (Y42);DK0BAR;01.04.07;01.11.07;Y42
10YLF;10 Jahre YL de France;DM88YLF;01.11.25;30.11.25;Y24
10ZBAY;10jähriges Bestehen des BV Bayern;DF0DB;30.06.06;15.10.06;Z64
10ZBAY;10jähriges Bestehen des BV Bayern;DK0RP;30.06.06;15.10.06;Z16
10ZBAY;10jähriges Bestehen des BV Bayern;DK0BX;30.06.06;15.10.06;Z51
10ZBAY;10jähriges Bestehen des BV Bayern;DL0FUS;30.06.06;15.10.06;Z52
10ZBAY;10jähriges Bestehen des BV Bayern;DL0PU;30.06.06;15.10.06;Z44
10ZBAY;10jähriges Bestehen des BV Bayern;DK0BY;30.06.06;15.10.06;Z42
10ZBAY;10jähriges Bestehen des BV Bayern;DL0LAT;30.06.06;15.10.06;Z76
10ZBAY;10jähriges Bestehen des BV Bayern;DL0MM;30.06.06;15.10.06;Z67
10ZBAY;10jähriges Bestehen des BV Bayern;DB0BX;30.06.06;15.10.06;Z51
10ZBAY;10jähriges Bestehen des BV Bayern;DL0MN;30.06.06;15.10.06;Z30
10ZBAY;10jähriges Bestehen des BV Bayern;DL0FFP;30.06.06;15.10.06;Z30
10ZBAY;10jähriges Bestehen des BV Bayern;DK0ND;30.06.06;15.10.06;Z61
10ZBAY;10jähriges Bestehen des BV Bayern;DF0AN;30.06.06;15.10.06;Z61
10ZBAY;10jähriges Bestehen des BV Bayern;DK0TS;30.06.06;15.10.06;Z57
10ZBAY;10jähriges Bestehen des BV Bayern;DL0MC;30.06.06;15.10.06;Z13
10ZBAY;10jähriges Bestehen des BV Bayern;DL0BPT;30.06.06;15.10.06;Z13
10ZBAY;10jähriges Bestehen des BV Bayern;DL0NG;30.06.06;15.10.06;Z15
10ZBAY;10jähriges Bestehen des BV Bayern;DL0GSM;30.06.06;15.10.06;Z64
10ZBAY;10jähriges Bestehen des BV Bayern;DL0DP;30.06.06;15.10.06;Z51
1100GS;1100 Jahre Goslar;DL0GSH;01.01.22;31.12.22;H09
1100SA;1100 Jahre Stadt Saalfeld;DF0SA;01.09.99;30.09.99;X26
110KS;110 Jahre Kali und Salz Fulda/Neuhof;DF0FU;14.05.16;31.12.16;F06
110LRG;Indienststellung der Klubstation DL0LRG bei der DLRG Witten;DL0LRG;15.12.23;31.03.24;O05
111DWTM;111. Deutscher Wandertag in Melle;DK0GM;01.07.11;30.09.11;I28
111HVK;111 Jahre Hauptmann von Köpenick;DL0ABT;01.10.17;31.10.17;D25
111JOS;111 Jahre Josephskreuz auf dem Auerberg/Harz;DK0GYB;01.07.07;30.09.07;W33
114DWT;114. Deutscher Wandertag;DQ0HARZ;01.08.14;31.08.14;H09
1150Z;50 Jahre OV  Z11;DL0KO;01.09.01;30.09.01;Z11
1150Z;50 Jahre OV  Z11;DL0KOB;01.09.01;30.09.01;Z11
1150Z;50 Jahre OV  Z11;DF0KO;01.09.01;30.09.01;Z11
116DWT;116. Deutscher Wandertag;DL0PIR;01.06.16;30.06.16;S10
1175E;1175. Jahrestag der Stadt Erwitte;DQ1175E;01.01.11;31.12.11;O37
1175KS;1175 Jahre Kilianstädten;DL5K;01.04.14;31.12.14;F75
11AWG;Aktivitätswochen;DK0AWG;26.05.05;30.06.05;P57
11AWG;Aktivitätsmonat der AWG;DC0AWG;01.06.05;30.06.05;I28
11AWG;Aktivitätswochen;DL0AWG;01.06.05;30.06.05;E31
11AWG;Aktivitätsmonat der AWG;DF0AWG;01.06.05;30.06.05;H08
11DF;11. Dampflokfest in Withen/Dresden;DF0BAU;01.05.02;31.05.02;S25
11DOC;Documenta in Kassel;DK0ASS;19.08.02;15.09.02;F12
11HAITI;11 Monate nach dem Beben in Haiti;DK0SG;01.12.10;31.12.10;G25
11HAMCAMP;Ham Camp auf der Ham Radio 2011;DA0HC;01.03.11;30.06.11;P57
11ILLW;Lighthouse Weekend 2011;DL0EM;18.08.11;22.08.11;I06
11ILLW;Lighthouse Weekend 2011;DL0TO;20.08.11;21.08.11;E23
11JUIST;Lighthouseday 2011;DL0PBS;19.08.11;22.08.11;I57
11LLL;Aktivität 'Lower Lighthouse Luehe';DL0AWG;01.08.11;22.08.11;E31
11LLL;Aktivität 'Lower Lighthouse Luehe';DN0AWG;01.08.11;22.08.11;H08
11OSD;11 Jahre Oberschwaben-Diplom;DR2M;01.05.12;31.12.12;P57
11SAR;Aktivität DGzRS Seenotkreuzer Berlin;DK0RZ;01.04.11;31.05.11;E39
11TDS;Tag der Sachsen;DK0WAL;01.09.02;30.09.02;S33
11TWN;Zeit der offenen Schranke in der Grafschaft Bentheim;DF0TWN;01.02.11;31.12.11;I21
11WKT;11. World Festival of Children's Theatre 2010;DK0LE;01.11.09;31.10.10;I08
11YFD;16. Jugendfieldday in Marloffstein 2011;DA0YFD;19.08.11;21.08.11;B12
1200BH;1200 Jahre Büdesheim;DL5K;01.01.17;31.12.17;F75
1200FO;1200 Jahre Forchheim;DL0FO;01.02.05;30.11.05;B26
1200GA;1200 Jahre Garmisch-Partenkirchen;DF0BRK;19.08.02;15.09.02;C03
1200HI;1200 Jahre Stadt Hildesheim;DK0SGY;01.01.15;31.12.15;H15
1200HI;1200 Jahre Stadt Hildesheim;DK0BZ;01.01.15;31.12.15;H15
1200HI;1200 Jahre Stadt Hildesheim;DQ1200HI;01.01.15;31.12.15;Z35
1200HI;1200 Jahre Stadt Hildesheim;DL0SGN;01.01.15;31.12.15;H15
1200HI;1200 Jahre Stadt Hildesheim;DL0HI;23.01.15;31.12.15;H15
1200ISM;1200 Jahre Ismaning;DL0ISM;01.01.09;31.12.09;C32
1200LA;1200 Jahre Koblenz-Lay;DL0LAY;15.06.03;14.07.03;K32
1200MI;1200 Jahre Stadt Minden;DL0MI;15.08.97;14.09.97;N12
1200SCHLITZ;1200 Jahrfeier der Burgenstadt Schlitz;DL0SLITISA;01.01.12;31.12.12;F06
1200SL;1200 Jahre Schlei-Stadt;DL0SX;01.05.04;31.05.04;M13
120DIX;120. Geburtstag von Otto Dix;DL0DIX;15.02.11;31.12.11;X20
120DIX;120. Geburtstag von Otto Dix;DK0GER;15.02.11;31.12.11;X20
120FZB;120 Jahre Fahrzeugbau in Eisenach;DF0ESA;01.03.16;28.02.17;X11
120KW;120. Kieler Woche;DL0IOO;21.06.02;04.07.02;M25
120NAU;120 Jahre Funkstadt Nauen;DL0NAU;01.01.26;31.12.26;Y08
120TRF;120 Jahre Treptower Riesenfernrohr;DL0ABT;01.09.16;30.09.16;D25
121MBS;121 Jahre Müngstener Brücke Solingen;DL0SO;01.02.19;28.02.19;R14
1225PHG;1225 Jahre Philippsburg;DL0PHG;01.01.09;31.12.09;A53
1225SF;1225 Jahre Stadt Scheinfeld;DL0SEF;01.07.01;31.07.01;B08
124KW;124. Kieler Woche;DL0IOO;01.06.06;31.07.06;M25
1250BR;1250 Jahre Stadt Bretten;DL1250BRET;01.01.17;31.12.17;A36
1250DF;1250 Jahre Ober- und Niederdorfelden (Dorfelle);DL5K;01.01.18;31.12.18;F75
1250DN;1250 Jahre Stadt Düren;DK0DN;01.05.98;17.05.98;G04
1250DN;1250 Jahre Stadt Düren;DK0DN;07.06.98;21.07.98;G04
1250DN;1250 Jahre Stadt Düren;DK0DN;13.09.98;27.09.98;G04
1250HP;1250 Jahre Kreisstadt Heppenheim;DL0BQ;01.06.06;31.08.06;F02
1250LK;1250 Jahre Stadt Lübbecke;DK0LK;01.07.25;31.12.25;N22
1250ME;1250 Jahre Menzingen;DK0KG;01.01.20;31.12.20;A22
1250OP;1250 Jahre Oppenheim;DL0TRZ;01.01.15;31.12.15;K33
1250OP;1250 Jahre Oppenheim;DL0OJ;01.01.15;31.12.15;K33
1250SN;1250 Jahre Schöningen;DL0KP;01.09.98;30.09.98;H30
125AS;125 jahre Archenhold-Sternwarte;DL0ABT;01.04.21;30.06.21;D25
125AUTO;125 Jahre Automobil;DF0MS;01.01.11;31.12.11;P08
125AUTO;125 Jahre Automobil;DK0SF;01.01.11;31.12.11;P37
125AUTO;125 Jahre Automobil;DL0KHZ;01.03.11;31.12.11;A07
125BAD;125 Jahre Waldbad (Fielddayplatz des OV I37);DL0GMH;01.05.22;31.10.22;I37
125BTB;125 Jahre Bismark-Turm-Bochum;DL0FDS;01.06.01;30.06.01;O04
125BV2;125 Jahre Segellogger BV2 Vegesack;DQ125BV;01.01.20;31.12.20;I14
125DH;125 Jahre Leuchtturm Dornbusch/Hiddensee;DM50IOTA;27.09.13;10.10.13;I25
125DMB;125 Jahre Deutscher Marinebund Juni 2016;DL0DMB;01.06.16;31.07.16;E32
125DORNIER;125. Geburtstag Claude Dornier;DF0DOX;16.06.09;13.05.10;P03
125FFO;125 Jahre Freiwillige Feuerwehr Offenthal;DL0PP;01.05.11;31.12.11;F29
125FMT;125 Jahre Fernmeldetruppe der Bundeswehr;DF0BW;01.10.24;31.10.24;V19
125FRE;Aktivitäten zum Feuerwehrjubiläum;DL0CRE;01.06.03;30.06.03;N18
125FS;125 Jahre Forster Stadteisenbahn;DM125FS;01.04.18;30.03.19;Y27
125FS;125 Jahre Forster Stadteisenbahn;DM125FS;28.04.18;31.12.18;Y27
125GEW;125 Jahre Elektrizitätswerk Gotha;DM0GTHEW;01.09.18;31.12.18;X17
125HC;125 Jahre Helios-Turm in Köln;DF0HC;30.06.07;02.09.07;G54
125HHE;Mehrere Feierlichkeiten;DL0LL;22.06.02;21.07.02;P32
125HSB;125 Jahre Harzer Schmalspur-Bahnen;DQ125HSB;01.01.12;31.12.12;H09
125KW;125. Kieler Woche;DL0IOO;01.06.07;31.07.07;M25
125LH;125 Jahre Leuchtturm Warnemünde;DQ125LH;01.08.23;31.10.23;V07
125LWR;125 Jahre Landkreis Werningerode;DL0ELB;01.10.01;31.10.01;W09
125LZRW;125 Jahre Löschzüge Rheda und Wiedenbrück;DK0RE;04.06.04;20.06.04;N47
125MB;125 Jahre Müngstener Brücke. Deutschlands höchste Eisenbahnbrücke;DR125MB;01.12.21;30.11.22;R14
125MOLLI;125 Jahre Molli (Schmalspurbahnjubiläum);DR125MOLLI;27.07.11;31.08.11;V06
125MSB;125 Jahre Mecklenburgische Südbahn;DK0WRN;01.08.10;30.09.10;V18
125PTB;125 Jahre Pressnitztalbahn;DB125PTB;01.06.17;30.06.17;S48
125RFT;125 Jahre Bergverein Regenstauf;DL0RF;18.08.18;01.09.18;U29
125RH;125 Jahre Rudolf Hell;DA125RH;01.10.26;31.12.26;S02
125TRAMFFM;125 Jahre Straßenbahn in Frankfurt/Main;DL0HSF;01.04.09;31.12.09;Z60
1275FD;1275 Jahresfeier der Stadt Fulda;DA0FUL;01.01.19;31.12.19;F06
128KW;128. Kieler Woche;DL0IOO;01.06.10;31.07.10;M25
12AWG;Aktivitätsmonat der AWG;DL0AWG;01.06.05;30.06.05;E31
12AWG;Aktivitätswochen;DO0AWG;20.06.05;04.07.05;H24
12DBT;12. Deutscher Bergmannstag in Marienberg/Erzg.;DK0ERZ;01.09.14;15.09.14;S49
12DF;12. Dampflokfest in Dresden;DF0BAU;01.05.03;31.05.03;S25
12HAMCAMP;Ham Camp auf der Ham Radio 2012;DA0HC;01.03.12;30.06.12;P57
12IAAF;12. Leichtathletik Weltmeisterschaft Berlin 2009;DO0MVB;01.07.09;31.12.09;D13
12IAAF;12. Leichtathletik Weltmeisterschaft Berlin 2009;DL0MVB;01.07.09;31.12.09;D13
12IAAF;12. Leichtathletik Weltmeisterschaft Berlin 2009;DB0MVB;01.07.09;31.12.09;D13
12IAAF;12. Leichtathletik Weltmeisterschaft Berlin 2009;DA0MVB;01.07.09;31.12.09;D13
12IAAF;12. Leichtathletik Weltmeisterschaft Berlin 2009;DR12IAAF;01.07.09;31.12.09;D13
12JUIST;Lighthouseday 2012;DL0PBS;16.08.12;31.08.12;I57
12SAR;Aktivität DGzRS Seenotkreuzer Berlin;DK0RZ;01.04.12;31.05.12;E39
12SCOUT;12. Bundeslager Weltenbummler;DK0PBW;10.07.00;06.08.00;Z73
12SCOUT;jamboree on the air;DK0PBW;01.10.00;31.10.00;Z73
12SCOUT;jamboree on the air;DA0PBW;01.10.00;31.10.00;Z73
12SCOUT;Pfadfinder-Ehrentage;DA0PBW;01.04.01;30.04.01;Z73
12SCOUT;Pfadfinder-Ehrentage;DK0PBW;01.04.01;30.04.01;E01
12SCPO;Santa Claus Post Office 2012;DM3A;26.11.12;23.12.12;Y01
12SCPO;Santa Claus Post Office 2012;DL0AGU;26.11.12;23.12.12;Y01
12YFD;17. Jugendfieldday in Marloffstein 2012;DA0YFD;15.08.12;14.09.12;B12
1300ARN;1300 Jahre Arnstadt;DL0ARN;01.05.04;31.05.04;X10
1300ARN;1300 Jahre Arnstadt/Thür. SDOK NEU!;DD0ARN;01.05.04;31.05.04;X10
1300WZ;Stadtfest von Würzburg;DL0WZ;15.07.04;14.08.04;B18
130BHM;130 Jahre Schmalspurbahnhof Mügeln;DC0TO;16.10.14;16.11.14;Z91
130KB;130 Jahre Kraichtalbahn;DK0KG;01.02.26;31.12.26;A22
13DF;13. Dampflockfest in Dresden;DL0EFD;01.05.04;31.05.04;S25
13DF;13. Dampflockfest in Dresden;DF0BAU;01.05.04;31.05.04;S25
13DOC;Documenta 13 in Kassel;DK0ASS;09.06.12;16.09.12;F12
13JUIST; Lighthouseday 2013;DL0PBS;15.08.13;29.08.13;I57
13SAR;Funkaktivität in Verbindung mit der DGzRS;DK0RZ;20.03.13;03.04.13;E39
13SCPO;Santa Claus Post Office 2013;DM3A;25.11.13;24.12.13;Y01
13SCPO;Santa Claus Post Office 2013;DL0AGU;25.11.13;24.12.13;Y01
13TDS;13. Tag der Sachsen;DK0WAL;01.08.04;31.08.04;S33
13WKT;13. Weltkindertheater-Fest in Lingen;DK0LE;02.07.14;01.08.14;I08
13YFD;18. Jugendfieldday in Marloffstein 2013;DA0YFD;15.08.13;14.09.13;B12
140EFG;140 Jahre der Ev. Freirchlichen Gemeinde Herford;DF0EFG;01.03.05;31.12.05;N08
140WR;140 Jahre Schmalspurbahn Oschatz- Mügeln;DC0TO;01.01.25;31.03.25;Z91
142FED;Einweihung des neuen OV-Feuerschiff-Heims;DF0LR;15.02.04;29.02.04;M25
14FAL;Falkenbergspektakel;DL0NO;29.06.07;01.07.07;E12
14KAR;Karate WM 2014 in Bremen;DF0RY;12.10.14;09.11.14;I14
14TS;14. Tag der Sachsen;DL0WSW;01.08.05;30.09.05;S28
14YFD;Jugendfieldday Marloffstein 2014;DA0YFD;15.08.14;29.08.14;B12
150EFG;150 Jahre EFG + 500 Jahre Reformation;DF0EFG;03.03.17;02.03.18;N08
150FFG;150 Jahre Freiwillige Feuerwehr in Goslar;DL0GSN;01.01.05;30.06.05;H64
150FFG;150 Jahre Freiwillige Feuerwehr in Goslar;DK0GV;01.07.05;31.12.05;H09
150FO;150 Jahre Feuerwehr in Oschatz;DC0TO;01.09.13;30.09.13;Z91
150FWR;150 Jahre Freiwillige Feuerwehr Ribnitz;DK150FFWR;01.01.25;01.06.25;V04
150FWW;150 Jahre Feuerwehr Wattenscheid;DF0WAT;31.08.19;30.11.19;O33
150JB;150 Jahre Johann Borgers Bocholt;DL0JBB;13.01.16;31.12.16;N54
150LHN;150 Jahre Inbetriebnahme der Leuchtturm Norderney;DP9GLHN;06.02.24;31.12.24;I10
150LOE;150 Jahre Bahnhof Oebisfelde;DR0OEBIS;01.10.21;31.12.21;H24
150LU;150 Jahre Stadtrechte Ludwigshafen am Rhein;DK0LU;01.10.09;31.12.09;K06
150LU;150 Jahre Stadtrechte Ludwigshafen am Rhein;DL0LU;01.10.09;31.12.09;K06
150LU;150 Jahre Stadtrechte Ludwigshafen am Rhein;DF0SC;01.10.09;31.12.09;K06
150MM;150 Jahre Max und Moritz;DR150MM;17.06.15;16.06.16;H35
150OIE;Lighthouseday;DA0OIE;02.06.05;31.08.05;V30
150OIE;Lighthouseday;DF0WLG;02.06.05;31.08.05;V30
150PI;150 jahre Stadtrechte in Pinneberg;DA150PI;09.01.25;08.01.26;E15
150RB;150. Geburtstag Robert Bosch;DK150RB;01.01.11;31.12.11;P51
150SKS;150 Jahre Städtisches Klinikum Solingen;DL0SO;01.09.13;30.09.13;R14
150VDV;Van de Velde Jahr 2013 / 150.Geburtstag;DL0UJ;11.02.13;10.03.13;X22
150VOG;150 Jahre Vienenburg - Oker - Goslar;DL0VBG;01.01.16;31.12.16;H09
150VVS;150 Jahre Verschönerungsverein Siebengebirge;DL0VVS;01.01.20;31.12.20;G09
150WG;150 Jahre Eisenbahnlinie Weimar Gera;DB0GA;01.04.26;30.06.26;Z88
150WG;150 Jahre Eisenbahnlinie Weimar Gera;DK0KTL;01.04.26;30.06.26;X20
150WG;150 Jahre Eisenbahnlinie Weimar Gera;DR4X;01.04.26;30.06.26;X25
150WG;150 Jahre Eisenbahnlinie Weimar Gera;DB150WG;01.04.26;30.09.26;X46
150WG;150 Jahre Eisenbahnlinie Weimar Gera;DK0GER;01.04.26;30.06.26;X20
150WG;150 Jahre Eisenbahnlinie Weimar Gera;DF0JEN;01.04.26;30.06.26;X22
150WG;150 Jahre Eisenbahnlinie Weimar Gera;DL0HDF;01.04.26;30.06.26;X46
150WGT;150 Jahre Stadt Weingarten (Württemberg);DK0WG;01.05.15;31.12.15;P09
150WH;150. Geburtstag des Schwarzwaldmalers Wilhelm Hasemann;DL0MUE;09.09.00;07.10.00;Y31
150WH;150. Geburtstag des Schwarzwaldmalers Wilhelm Hasemann;DF0OVH;09.09.00;07.10.00;A28
150ZOOF;150 Jahre ZOO Frankfurt/Main;DR2F;01.11.08;31.12.08;F05
150ZRS;150 Jahre DGzRS;DG150ZRS;01.01.15;31.12.15;A22
151PFB;Gedenken an Prof. Ferdinand Braun;DL0PFB;01.06.01;30.06.01;W10
1525BK;500 Jahre Bauernkrieg;DL0UH;15.01.25;31.12.25;X02
152PFB;Funkpionier Ferdinand Braun Tag;DL0PFB;15.09.02;25.09.02;E10
153PFB;3. Prof. Ferdinand Braun Tag;DL0PFB;15.09.03;28.09.03;E10
154PFB;154-ster  Jahrestag des Funktechnikpioniers Prof. Braun;DL0PFB;11.09.04;26.11.04;E10
155GYB;155 Jahre Woltersdorf-Gymnasium Ballenstedt;DK0GYB;01.07.05;31.07.05;W33
155PFB;Erinnerung an erste Funkverbindung Cuxhaven-Helgoland am 24.11.1900;DL0PFB;15.09.05;25.09.05;E10
156PFB;Erinnerung an erste Funkverbindung Cuxhaven-Helgoland am 24.11.1900;DL0PFB;10.09.06;30.09.06;E10
157PFB;Erinnerung an erste Funkverbindung Cuxhaven-Helgoland am 24.11.1900;DL0PFB;14.09.07;28.09.07;E10
158PFB;Erinnerung an erste Funkverbindung Cuxhaven-Helgoland am 24.11.1900;DL0PFB;10.09.08;30.09.08;E10
159PFB;Erinnerung an erste Funkverbindung Cuxhaven-Helgoland am 24.11.1900;DL0PFB;10.09.09;30.09.09;E10
15A51;15 Jahre OV Die Rassler A51;DF0DR;01.04.07;30.09.07;A51
15ABK;Todestag Rothammel;DL0ABK;01.11.02;30.11.02;X29
15ALW;15 Jahre Alter Leuchtturm Wangerooge;DK0FC;16.08.19;30.08.19;I18
15BVSAX;15 Jahre Bezirksverband Sachsen des VFDB;DC0TO;01.04.10;31.12.10;Z91
15D20;15 Jahre OV Hohenschönhausen (D20);DL0CON;01.08.08;31.10.08;D20
15DH;15 Jahre OV Dortmunder Hochschulen (O54);DK0DH;06.05.10;05.05.11;O54
15FFR;15 Jahre Fliegerrunde;DA0GAW;01.06.02;30.06.02;N12
15FFR;15 Jahre Fliegerrunde;DL0FFR;01.06.02;30.06.02;H01
15FFR;15 Jahre Fliegerrunde;DK0FFR;01.06.02;30.06.02;D21
15FFR;15 Jahre Fliegerrunde;DB0FFR;01.06.02;30.06.02;Y06
15FFR;15 Jahre Fliegerrunde;DA0FFR;01.06.02;30.06.02;X30
15FFR;15 Jahre Fliegerrunde;DF0FFR;01.06.02;30.06.02;Y16
15FTM;15 Jahre Luftfahrt- und Technik Museum Merseburg;DL0WSF;01.07.12;31.07.12;W34
15H66;15 Jahre OV Braunschweig Schuntertal  (H66);DL0BSV;01.07.11;30.06.12;H66
15HCG;15 Jahre Heidelberger Contest Gruppe;DK0HCG;01.01.06;30.11.06;A06
15IPA;15 Jahre Sonder-DOK IPA;DK0IPA;01.01.08;31.12.08;R05
15JVA;15 Jahre IG JVA;DO0JVA;01.11.00;30.11.00;N01
15JVA;15 Jahre IG JVA;DB0IJ;01.11.00;30.11.00;R27
15JVA;15 Jahre JVA;DB0JV;01.11.00;30.11.00;N30
15JVA;15 Jahre JVA;DF0JVA;01.11.00;30.11.00;O06
15JVA;15 Jahre IG JVA;DL0JVA;01.11.00;30.11.00;G22
15LT;15. Luisenturmtreffen des OV Rudolstadt;DL0RUD;20.08.04;22.08.04;X24
15NECG;15-jähriges Bestehen der North Eastern Contest Gang e.V.;DF0TEC;01.09.07;31.10.07;Y16
15P61;15 Jahre OV Hohenasperg (P61);DK0ASP;01.01.12;31.12.12;P61
15P61;15 Jahre OV Hohenasperg (P61);DL2A;01.01.12;31.07.12;P61
15P61;15 Jahre OV Hohenasperg (P61);DC0ASP;01.01.12;31.12.12;P61
15R33;15 Jahre OV Schiefbahn (R33);DB0GX;01.03.11;29.02.12;R33
15R33;15 Jahre OV Schiefbahn (R33);DR3S;01.03.11;29.02.12;R33
15R33;15 Jahre OV Schiefbahn (R33);DF0WSB;01.02.12;31.12.12;R33
15SB;15 Jahre Städtepartnerschaft;DL0SEF;01.04.02;30.04.02;B08
15SCPO;Santa Claus Post Office 2015;DM3A;26.11.15;26.12.15;Y01
15SCPO;Santa Claus Post Office 2015;DL0AGU;26.11.15;26.12.15;Y01
15TDS;15. Tag der Sachsen;DL0GYM;01.08.06;30.09.06;S49
15TDS;15. Tag der Sachsen;DL0OLB;01.08.06;30.09.06;S49
15TWN;50 Jahre I21 verbunden mit dem TWN Diplom;DF0TWN;01.01.15;31.12.15;I21
15WB;15 Jahre UKW-Conteste vom Warteberg;DF0CI;01.01.01;31.12.01;X12
15WKT;15th World Festival of Children`s Theatre;DK0LE;01.02.18;31.01.19;I04
15YFD;Jugendfieldday Erlangen 2015;DA0YFD;13.08.15;10.09.15;B12
15Z91;15 Jahre OV Collmberg (Z91);DL0RCO;01.04.10;31.12.10;Z91
15ZBAY;15 Jahre Bezirksverband Bayern im VFDB;DR15ZBAY;01.01.11;31.12.11;Z67
160FFO;Freiwillige Feuerwehr Oschatz, 160 jähriges Bestehen;DC0TO;01.09.23;30.11.23;Z91
160GMH;160 Jahre Stahlwerk Georgsmarienhütte;DL0GMH;01.03.16;28.02.17;I37
160GYB;160 Jahre Gymnasium Ballenstedt;DK0GYB;01.04.10;31.03.11;W33
160LOK;Erster Dampflokbau vor 160 Jahren in Chemnitz;DF0CHE;01.02.08;29.02.08;S54
160PFB;160 Jahre Prof. Braun;DL0PFB;15.09.10;30.09.10;E10
160WBB;Aufnahme des Zugbetriebes der Winbergbahn vor 160 Jahren;DL0EFD;28.08.17;11.09.17;S13
161PFB;161 Jahre Prof. Braun;DL0PFB;22.09.11;30.09.11;E10
1623LB;400 Jahre Schlacht bei Stadtlohn (Dreißig jähriger Krieg);DK0LT;01.08.23;31.01.24;N53
165NT;165ter Geburtstag Nikola Tesla;DR165TESLA;01.01.21;31.12.21;K07
16RRV;Radio-Kunst-Festival Radio Revolten;DM16RRV;01.10.16;31.10.16;W35
16YFD;Jugendfieldday Marloffstein;DA0YFD;15.08.16;11.09.16;B12
1704SH;300 Jahre Schlacht bei Höchstädt-Blindenheim / Donau;DK0DO;01.07.04;31.07.04;T18
1704SH;300 Jahre Schlacht bei Höchstädt-Blindenheim / Donau;DL0DRI;01.07.04;31.07.04;T18
170KIGA;170 Jahre Stiftung des allg.  Kindergarten;DK0RFF;01.01.10;31.12.10;X38
170NT;170-zigster Geburtstag von Nicola Tesla;DR170TESLA;01.05.26;31.12.26;K07
170OIE;170 Jahre Leuchtturm Greifswalder Oie;DA0OIE;01.07.25;01.10.25;V30
170OIE;170 Jahre Leuchtturm Greifswalder OIE;DF0WLG;01.07.25;30.09.25;V30
175BHV;Aktivitäten im Schiffartsmuseum Bremerhaven;DK0SN;01.05.02;31.05.02;I05
175BHV;Aktivitäten im Schiffartsmuseum in Bremerhaven;DK0SN;01.07.02;31.07.02;I05
175BV;175 Jahre Bahnhof Vienenburg;DP7BVBG;01.06.15;30.06.15;H09
175DE;175 Jahre Deutsche Eisenbahn;DL0BZA;01.01.10;31.12.10;C30
175DE;175 Jahre Deutsche Eisenbahn;DF0BB;01.01.10;31.12.10;B25
175DE;175 Jahre Deutsche Eisenbahn;DL0FL;01.01.10;31.12.10;F05
175DE;175 Jahre Deutsche Eisenbahn;DL0DC;01.01.10;31.12.10;O41
175DE;175 Jahre Deutsche Eisenbahn;DL0MY;01.01.10;31.12.10;K06
175DE;175 Jahre Deutsche Eisenbahn;DL0PS;01.01.10;31.12.10;N14
175DE;175 Jahre Deutsche Eisenbahn;DL0AW;01.01.10;31.12.10;Q12
175DE;175 Jahre Deutsche Eisenbahn;DF0BAU;01.01.10;31.12.10;S25
175DE;175 Jahre Deutsche Eisenbahn;DL0CY;01.01.10;31.12.10;B28
175DE;175 Jahre Deutsche Eisenbahn;DL0VBG;01.01.10;31.12.10;H09
175DE;175 Jahre Deutsche Eisenbahn;DL0KY;15.02.10;31.12.10;A07
175DE;175 Jahre Deutsche Eisenbahn;DK0OA;06.11.10;07.11.10;H01
175EDS;175 Jahre 1. Deutsche Staatseisenbahn;DR175EDS;19.08.13;18.09.13;H09
175FB;175 Jahre Ferdinand Braun;DA0FUL;06.06.25;05.12.25;F06
175GOE7;7 Göttinger Prof. gegen Aufhebung der Verfassung im Königreich Hannover;DL0GSG;01.01.12;31.12.12;H10
175GOE7;7 Göttinger Prof. gegen Aufhebung der Verfassung im Königreich Hannover;DL0GN;01.01.12;31.12.12;H10
175GST;Jubiläum 175 Jahre Geislinger Steige;DK0GI;15.10.25;14.04.26;P38
175HE;175 Jahre Landkreis Helmstedt;DF0ELM;25.05.08;31.12.08;H54
175LDE;175 Jahre Leipzig Dresdner Eisenbahn;DR175LDE;01.04.14;30.04.14;S13
175OL;175. Geburtstag von Otto Lilienthal;DL0ABT;01.11.23;30.11.23;D25
175TUD;175 Jahre TH/TU Dresden;DL0TUD;01.05.03;31.05.03;S07
175UNIKA;175 Jahre Uni Karlsruhe;DF0UK;13.06.00;11.07.00;A35
17ALAF;Rheinischer Karneval 2017 im Distrikt G;DF0KA;01.12.16;28.02.17;G01
17ARDF;17. IARU 1 Meisterschaft - ARDF;DR9P;12.09.09;30.09.09;R09
17NFD;1. nationaler Notfunk-Fieldday in Fulda;DL17NFD;28.09.17;12.10.17;B02
17TDF;Start der Tour de France in Düsseldorf;DL2017TDF;01.05.17;31.07.17;R01
17YFD;Jugendfieldday Marloffstein;DA0YFD;01.08.17;31.08.17;B12
180PHV;180 Jahre "Physikalischer Verein";DA0PHV;01.09.04;31.12.04;F27
1813L;200 Jahre Völkerschlacht zu Leipzig;DM1813LEI;01.10.13;28.10.13;S37
1813L;200 Jahre Völkerschlacht zu Leipzig;DA1813L;01.10.13;28.10.13;S37
18ARDF;ARDF Meisterschaften in Foxoring und Sprint 2018 in Hildesheim;DM18ARDF;01.04.18;31.03.19;H15
18FWC;FIFA Weltcup 2018;DJ18FWC;01.06.18;15.07.18;
18KTMS;101. Katholikentage in Münster;DQ2018KTMS;01.01.18;31.12.18;N44
18YFD;23. Jugendfieldday DA0YFD;DA0YFD;01.08.18;31.08.18;B12
1900LA;1900 Jahre Stadt Ladenburg;DF0LA;01.09.98;30.09.98;A41
190VSL;190. Jahrestag der Völkerschlacht in Leipzig;DF0LMM;10.10.03;20.10.03;S30
19JDAY;Japantag 2019 Düsseldorf;DL19JDAY;24.04.19;24.07.19;R01
19LGS;sächsische Landesgartenschau 2019 in Frankenberg/Sachsen;DM19LGS;01.01.19;31.12.19;S44
19RG;19. Ruhr Games im Landschaftspark Nord Duisburg;DR19RGD;13.02.19;31.07.19;L16
19SCPO;Santa Claus Post Office 2019;DL0AGU;14.11.19;20.12.19;Y01
19SCPO;Santa Claus Post Office 2019;DM3A;14.11.19;20.12.19;Y01
19YFD;Jugendfieldday;DA0YFD;01.08.19;31.10.19;B12
1D22;Einjähriges Bestehen des OV D22;DK0RBY;23.05.15;06.06.15;D22
1FDZ31;Aktivierung Naturschutz-Gebiet Unterems;DK0LR;28.07.18;25.08.18;Z31
1FSW;1. Fortbildungs-Seminar Württemberg;DR2M;15.11.08;15.12.08;P57
1FSW;1. Fortbildungs-Seminar Württemberg;DL0DW;15.11.08;15.12.08;P02
1K2SLG;1200 Jahre Stadt Bad Saulgau;DF0PU;01.01.19;31.12.19;A48
1K2SLG;1200 Jahre Stadt Bad Saulgau;DL0SFZ;01.10.19;31.12.19;A48
1KFU;1000 Jahre Fürth;DQ1000FU;01.01.07;31.12.07;B01
1QCR;Triatlon;DK0SC;01.07.02;31.07.02;B13
2000AGCW;Jahrestreffen;DL0DA;01.05.00;31.05.00;S06
2000AGCW;Jahrestreffen;DL0CWW;01.05.00;31.05.00;F21
2000AWAC;Advanced World Aerobatic Championship;DL0GRH;17.07.00;30.07.00;S18
2000BWA;Baden-Würtemberg Aktivitätstage;DK0VE;20.04.00;30.04.00;P15
2000DIT;Werbeveranstaltung;DL0FHW;29.05.00;24.06.00;M17
2000DIT;Werbeveranstaltung;DK0PO;29.05.00;24.06.00;Z69
2000DIT;Werbeveranstaltung;DL0SHW;29.05.00;24.06.00;M17
2000EURO;Europawoche in Giffhorn;DF0GIF;17.04.00;16.05.00;H08
2000HNF;2. WDR Computernacht;DL0HNF;01.12.99;31.12.99;N61
2000IME;Aktivitäten aus Anlaß 'Ironman Europe';DK0SC;26.06.00;23.07.00;B13
2000JAIG;Jahrestreffen der JAIG in Bodenheim und in Japan;DL0ANO;01.04.00;30.04.00;C28
2000LALA;Zeltlager der bayer. Pfadfinder;DL0LA;26.07.00;06.08.00;U08
2000LH;OV Rügen zum Leuchtturm-Wochenende;DL0RUG;11.08.00;28.08.00;V08
2000LH;Kiel Leuchtturm Bulk;DL0SH;18.08.00;21.08.00;M16
2000MZG;Saarlandtag in Merzig;DA0MZG;01.09.00;03.09.00;Q04
2000NAT;Nordthür. Amateurfunktage;DK0TX;01.09.00;30.09.00;X08
2000NAT;Nordthür. Amateurfunktage;DN2KW;01.09.00;30.09.00;X08
2000RFT;Raumfahrttage;DK0RMR;01.06.00;30.06.00;S45
2000SAIL;Museumshafen Bremerhaven;DK0SN;15.08.00;14.09.00;I05
2000SFF;Sängerfest Finsterwalde;DK0FIW;07.07.00;06.08.00;Y38
2000WXR;Jahrestreffen der Int. Wetterrunde;DL0WXR;01.06.00;30.06.00;M10
2000XRAY;Aktivitäten des Röntgenmuseums in Remscheid;DL0XR;01.09.00;30.09.00;R13
2000YFD;Jugendfieldday im Großraum Nürnberg/Erlangen/Fürth;DA0YFD;01.08.00;31.08.00;B31
2004REG;Fieldday des OV  N44 zusammen mit "Regionale 2004";DL0XT;20.08.04;20.09.04;N44
2005SAIL;Öffentlichkeitsarbeit zur "DAIL 2005";DK0SN;01.08.05;31.08.05;I05
2005SAIL;Öffentlichkeitsarbeit zur "DAIL 2005";DO0BHV;01.08.05;31.08.05;I05
200FGK;200. Geburtstag F. G. Keller Hainichen Holzschliff;DA200FGK;01.06.16;30.06.16;S44
200FWR;Raiffeisen 200 - am 30.3.2018 ist F.W. Raiffeisen´s 200. Geburtstag;DA200FWR;01.01.18;31.12.18;K50
200GVN;200 Jahre Georg von Neumayer;DA200GVN;01.04.26;31.07.26;J00
200KM;Karl Marx-Jahr 2018;DK200MARX;01.01.18;31.12.18;K34
200KOL;200 Jahre Kolpingverband;DA0KOL;01.05.13;31.05.13;E33
200LER;200 Jahre Stadtrechte Leer;DK0LR;01.07.23;31.08.23;Z31
200LFS;Schönherr Jubiläum Chemnitz;DM200LFS;25.03.17;24.03.18;S54
200MIB;200 Jahre Marktredwitz in Bayern;DR200MIB;01.01.16;31.12.16;B03
200PZL;200 Jahre Aufhebung der Leibeigenschaft in Mecklenburg-Vorpommern;DM200PZL;18.10.16;14.11.16;V22
200RHH;200 Jahre Rheinhessen;DL0MZ;01.01.16;31.12.16;K07
200RHH;200 Jahre Rheinhessen;DF0NO;01.01.16;31.12.16;K46
200RHH;200 Jahre Rheinhessen;DM0W;01.01.16;31.12.16;K57
200RHH;200 Jahre Rheinhessen;DL0OJ;01.01.16;31.12.16;K33
200RHH;200 Jahre Rheinhessen;DL0TRZ;01.01.16;31.12.16;K33
200RHH;200 Jahre Rheinhessen;DQ200RHH;08.01.16;31.12.16;K07
200RW;200. Geburtstag von Richard Wagner;DF0ESA;01.05.13;31.05.13;X11
200SBG;200 Jahre Seebad Grömitz;DL0OVG;01.08.13;31.08.13;M10
200SBM;200 Jahre Senckenberg Museum;DQ3F;01.05.21;31.07.21;F27
2010PIT;Kulturhauptstadt 2010 Hamm-Herringen;DK0YL;01.05.10;31.05.10;O10
2010SAIL;Internationales Windjammertreffen in Bremerhaven;DK0SN;01.08.10;31.10.10;I05
2010SAIL;Internationales Windjammertreffen in Bremerhaven;DO0BHV;25.08.10;31.10.10;I05
2011VSI;15 Jahre Lückenschluss Vienenburg-Stapelburg-Ilsenburg;DR2011VSI;01.01.11;31.12.11;H09
2025B;Kulturhauptstadt 2025;DL2025B;01.01.25;31.12.25;S54
2025C;Chemnitz - Kandidat Kulturhauptstadt Europas 2025;DM2025C;25.01.19;24.01.20;S54
2025C;Chemnitz - Kandidat Kulturhauptstadt Europas 2025;DF0CHE;25.01.19;24.01.20;S54
2025C;Kulturhauptstadt 2025;DL2025C;01.01.25;31.12.25;S54
2025CH;Bewerbung von Chemnitz als Europäische Kulturhauptstadt 2025;DA2025C;01.02.20;31.01.21;S54
2025CH;Bewerbung von Chemnitz als Europäische Kulturhauptstadt 2025;DM2C;01.02.20;31.01.21;S54
2025E;Kulturhauptstadt 2025;DL2025E;01.01.25;31.12.25;S54
2025S;Kulturhauptstadt 2025;DL2025S;01.01.25;31.12.25;S54
2025W;Kulturhauptstadt 2025;DL2025W;01.01.25;31.12.25;S54
20ABK;20. Todestag des Autors der Antennenbücher "Rothammel" (DM2ABK);DL0ABK;01.10.07;31.12.07;X29
20AFVL;20 Jahre AFVL;DK0RF;01.06.06;30.06.06;B29
20ALW;20 Jahre ILLW vom Alten Leuchtturm Wangerooge;DL0ALW;01.08.24;31.08.24;I18
20BHSC;20 Jahre Bauhausschule Cottbus;DK0GUB;01.09.17;31.08.18;Y26
20BIG;20 Jahre ÔV Biggesee;DK0BIG;01.01.05;31.12.05;O43
20BORG;20 Jahre OV Borgenteich;DF0TR;28.05.04;27.06.04;N55
20BRA;20 Jahre Distrikt Brandenburg;DR20BRA;13.03.10;31.12.10;Y35
20BUD;20 Jahre OV  F62;DL0FC;01.07.00;31.07.00;F62
20COC;20 Jahre OV Cochem;DF0COC;01.08.01;31.08.01;K45
20CPU;20 Jahre AG Microcomputer Kurpfalz;DF0CPU;01.03.97;31.03.97;Z22
20DA;20 Jahre Outdoor-Funk in den Deutschen Alpen;DA20XOTA;10.01.24;09.01.25;C26
20DBE;20 Jahre DB Energie;DB20ENERGY;15.01.17;31.12.17;X08
20DCL;20 Jahre DARC Community Logbook;DF20DCL;18.10.24;29.11.24;
20DDS;20 Jahre OV Düsseldorf;DB0KW;01.11.97;30.11.97;R23
20DDS;20 Jahre OV Düsseldorf;DL0GQ;01.11.97;30.11.97;R23
20DEI04;20 Jahre Deutsche Einheit;DL20Y2DM;08.09.10;31.08.11;I04
20DOS;20 Jahre OV Dortmund-Süd;DB0LS;01.05.99;31.05.99;O41
20DOS;20 Jahre OV Dortmund-Süd;DK0PRL;01.05.99;31.05.99;O41
20DOS;20 Jahre OV Dortmund-Süd;DL0DRK;01.05.99;31.05.99;O41
20DOS;20 Jahre OV Dortmund-Süd;DF0DS;01.05.99;31.05.99;O41
20DSW;20 Jahre DSW;DF0DSW;01.07.14;30.06.15;I17
20DSW;20 Jahre DSW;DA0LHT;01.07.14;30.06.15;H54
20DSW;20 Jahre DSW;DK0DSW;01.07.14;30.06.15;I17
20DSW;20 Jahre DSW;DL0DSW;01.07.14;30.06.15;I17
20E33;20 Jahre OV  E33;DP5P;01.11.05;31.03.06;E33
20E33;20 Jahre OV  E33;DL0HWL;01.11.05;31.03.06;E33
20E37;20 Jahre OV Finkenwerder (E37);DL0FKW;01.01.12;30.11.12;E37
20EBM;20 Jahre Eisenbahn Museum Vienenburg;DR20EBM;01.01.08;31.12.08;H09
20F71;20 Jahre OV Butzbach F71;DL0BUT;01.05.06;30.06.06;F71
20FBW;20 Jahre Mauerfall in Deutschland;DR20DLY;01.05.09;30.04.10;H59
20G50;20 Jahre OV Hürth (G50);DK0AR;01.05.10;31.12.10;G50
20G50;20 Jahre OV Hürth (G50);DK0WR;01.05.10;31.12.10;G50
20G50;20 Jahre OV Hürth (G50);DL0YM;12.05.10;31.12.10;G50
20G54;20 Jahre OV Eitorf (G54);DL0EIT;23.05.12;31.12.12;G54
20GDXF;20 Jahre GDXF;DL20GDXF;01.04.16;31.03.17;O39
20H60;20 Jahre OV Lengede (H60);DK0LEN;01.04.07;30.11.07;H60
20HAS;20 Jahre OV B37;DL0UC;28.07.00;27.08.00;B37
20HAS;20 Jahre OV B37;DF0DSS;28.07.00;27.09.00;B37
20HOZ;20 Jahre OV Hohenzollern (P52);DF0HOZ;01.09.08;31.08.09;P52
20HTG;20 Jahre OV Huchting (I53);DK0HB;01.11.06;31.01.07;I53
20HTW;20 Jahre Hochschule für Technik und Wirtschaft Dresden;DL0HTW;01.01.12;31.12.12;S01
20HW;20 Jahre OV Wegberg (G38);DK0HW;01.04.98;30.04.98;G38
20I52;20 Jahre OV Bramgau (I52);DF0BRA;01.10.06;31.12.06;I52
20IBO;20 Jahre Klubstation;DL0IBO;01.01.05;31.12.05;P03
20K54;20 Jahre OV Donnersberg (K54);DF0FCK;01.01.13;31.12.13;K54
20K54;20 Jahre OV Donnersberg (K54);DL0DOB;01.01.13;31.12.13;K54
20KKB;20 Jahre Kuckuks-Bähnle;DL0EMN;01.06.04;30.06.04;K13
20KKB;20 Jahre Kuckuks-Bähnel;DL0EMN;01.06.04;30.06.04;K13
20KRAKAU;20 Jahre Städtepartnerschaft Frankfurt/M-Krakau;DL0RMF;01.03.11;31.12.11;Z60
20KWCS;20 Jahre KW-Club Schwalmtal e.V.;DK0KWS;01.10.00;31.10.00;H63
20KWFC;20 Jahre Kurzwellenfunkclub 1990 e. V.;DK0WFC;01.01.10;31.12.10;A07
20KYF;20 Jahre Kyffhäuser Funkertreffen;DL0KYF;12.06.17;26.06.17;X01
20LAGA;Landesgartenschau NRW 2020;DL20LAGA;18.02.20;31.12.20;L33
20LBH;20 Jahre OV Limburgerhof;DK0JZ;01.02.99;28.02.99;K42
20LBH;20 Jahre OV Limburgerhof;DL0PVD;01.02.99;28.02.99;K42
20LBH;20 Jahre OV Limburgerhof;DK0JZ;01.09.99;30.09.99;K42
20MVP;20 Jahre Distrikt Mecklenburg-Vorpommern;DR20MVP;01.07.10;31.12.10;V11
20OVKN;20 Jahre OrtsverbandKöln-Nord;DK0KD;09.11.97;08.12.97;G35
20OVW;20 Jahre OV  I45;DL0KDW;01.05.01;31.05.01;I45
20RAFG;20. Jahrestag zur Heimkehr der RAFG;DR20RAFG;01.09.14;30.09.14;Y18
20RDRN;20 Jahre Städtepartnerschaft Rendsburg-Rathenow;DL0FJ;15.01.11;31.12.11;M12
20RDS;20 Jahre Rundspruch Distrikt Sachsen;DL0SAX;01.01.12;31.12.12;S36
20RHWD;20 Jahre OV Rheda-Wüdenbrück;DK0RE;01.04.00;30.04.00;N47
20RLPT;20. Rheinland-Pfalz-Tag in Koblenz;DK0MR;01.06.03;30.06.03;K32
20RNRD;20 Jahre Städtepartnerschaft Rathenow - Rendsburg;DL0HSR;01.02.11;31.12.11;Y12
20RP;20 Jahre OV  Z 21;DK0RP;11.07.98;09.08.98;Z16
20RSH;20 Jahre Radio-Schleswig-Holstein;DL0RSH;01.06.06;31.12.06;M27
20S33;20 Jahre OV Zschopautal (S33);DK0WAL;01.05.10;31.12.10;S33
20SAEK;20 Jahre Sächsische Ausbildungs- und Erprobungskanäle;DM2C;14.08.17;13.08.18;S54
20SAX;20 Jahre OV Stromberg;DA0SAX;01.09.03;30.09.03;P51
20SCPO;Santa Claus Post Office 2020;DL0AGU;12.11.20;24.12.20;Y01
20SCPO;Santa Claus Post Office 2020;DM3A;12.11.20;24.12.20;Y01
20STL;20 Jahre DARC-OV Stiftland;DF0STL;01.11.99;31.01.00;U23
20STL;20 Jahre DARC-OV Stiftland;DA0CW;01.11.99;31.01.00;U23
20STL;20 Jahre DARC-OV Stiftland;DF0RM;01.11.99;31.01.00;U23
20U29;20 Jahre OV Regenstauf (U29);DL0RF;01.09.09;31.05.10;U29
20WER;20 Jahre OV  Werne;DL0WER;01.05.01;31.05.01;O46
20XMF;20 Jahre Marine Funker Club Austria;DL0MKW;02.01.17;31.12.17;R17
20YB;20 Jahre OV  L13;DK0YB;01.03.02;31.03.02;L13
20ZSAX;20 Jahre Bezirksverband Sachsen im VFDB;DC0TO;01.05.15;30.04.16;Z91
215DRAIS;215 Jahre Erfindung des Laufrades durch Drais;DA0DRA;01.05.00;31.05.00;A07
21C3;Congress des CCC;DK0CCC;27.12.04;29.12.04;D23
21EURO;Fußball U21-EM 2021 & Fußball EM 2021;DL21EURO;01.03.21;31.08.21;
21HSR;21. Hanse-Sail Rostock;DA0HSR;01.05.11;31.12.11;V07
21OVW;21 Jahre OV I45;DL0KDW;15.05.02;14.06.02;I45
21RPT;20. Rheinland-Pfalz-Tag;DL0TRZ;01.05.04;31.05.04;K33
21SCPO;Santa Claus Post Office 2021;DL0AGU;11.11.21;24.12.21;Y01
21SCPO;Santa Claus Post Office 2021;DM3A;11.11.21;24.12.21;Y01
222FF;Aktivitäten zu 222 Jahre "Friedrich Fröbel";DK0FAF;01.04.04;20.04.04;X38
222FF;Aktivitäten zu 222 Jahre "Friedrich Fröbel";DK0RFF;01.04.04;20.04.04;X38
222FF;Aktivitäten zu 222 Jahre "Friedrich Fröbel";DC0LFF;01.04.04;20.04.04;M10
225FF;Aktivitäten zu 225 Jahre Friedrich Fröbel;DC0LFF;01.04.07;30.04.07;M10
225FF;Aktivitäten zu 225 Jahre Friedrich Fröbel;DK0RFF;01.04.07;30.04.07;X38
225FF;Aktivitäten zu 225 Jahre Friedrich Fröbel;DK0FAF;01.04.07;30.04.07;X38
225FF;Aktivitäten zu 225 Jahre Friedrich Fröbel;DL0OBW;01.04.07;30.04.07;X38
225JVE;225. Todestag Joseph Freiherr von Eichendorffs;DL0EGB;28.11.13;27.12.13;B36
225KDN;225 Jahre Schule in Bramfeld - Karneval der Nationen;DL0AT;20.08.14;03.09.14;E13
225KFS;225. Geburtstag von Karl Friedrich Schinkel Baumeister aus Neuruppin;DL0NP;01.03.06;31.03.06;Y10
22HSR;22. Hanse-Sail Rostock;DA0HSR;01.06.12;31.08.12;V07
22MAUS;Maus-Türen-Auf 2022;DL22MAUS;01.10.22;31.12.22;U01
22MAUS;Maus-Türen-Auf 2022;DL0ELEFANT;01.10.22;31.12.22;U01
22RPLT;22-ster Rheinland-Pfalz-Tag;DL0LAY;01.06.05;30.06.05;K32
22SCPO;Santa Claus Post Office 2022;DM3A;15.11.22;24.12.22;Y01
22SCPO;Santa Claus Post Office 2022;DL0AGU;15.11.22;24.12.22;Y01
23ILLW;ILLW 2023 auf dem Leuchtturm Dahmeshöved;DK0MAR;01.08.23;31.08.23;E35
23IVG;Invictus Games Düsseldorf 2023;DQ23IVG;02.09.23;01.10.23;R22
23MAUS;Türen auf mit der Maus 03.10.;DL0ENTE;01.10.23;31.12.23;U01
23MAUS;Türen auf mit der Maus 03.10.;DL3ELEFANT;01.10.23;31.12.23;U01
23MAUS;Türen auf mit der Maus 03.10.;DL23MAUS;01.10.23;31.12.23;U01
23MAUS;Maus-Tag am 23.10.2023;DL0DO;03.10.23;02.11.23;O05
23SCPO;Weihnachtspostamt Himmelpfort 2023;DM3A;14.11.23;24.12.23;Y01
23SCPO;Weihnachtspostamt Himmelpfort 2023;DL0AGU;14.11.23;24.12.23;Y01
23YFD;Jugendfieldday DA0YFD;DA0YFD;01.08.23;31.10.23;B30
24ABT;1000 Jahre Abtei Brauweiler 2024;DL1ABTEI;01.01.24;31.12.24;G40
24ILLW; 	ILLW 2024 (International Lighthouse Lightship Weekend);DK0MAR;01.08.24;31.08.24;E35
24MAUS;Maus-Türen-Auf;DL24MAUS;01.10.24;06.10.24;U01
24MAUS;Maus-Türen-Auf;DL4ELEFANT;01.10.24;06.10.24;U01
24MAUS;Maus-Türen-Auf;DL24ENTE;01.10.24;06.10.24;U01
24SCPO;Weihnachtspostamt Himmelpfort 2024;DM3A;14.11.24;24.12.24;Y01
24SCPO;Weihnachtspostamt Himmelpfort 2024;DL0AGU;14.11.24;24.12.24;Y01
250CDF;250. Geburtstag Maler Caspar David Friedrich;DL250CDF;01.08.24;30.09.24;V11
250GSSH;Schlacht auf den Süptitzer Höhen Preußen und Österreich 1760;DA0TOR;01.11.10;12.12.10;S69
250JSB;250-ster Todestag von J. S. Bach;DL0LBM;01.09.00;30.09.00;S30
250KOHLE;Nach 250 Jahren Ende des Kohlebergbaus im Saarland;DL250COAL;01.05.12;31.12.12;Q18
250LVB;Beethoven-Jahr - er hielt sich von 1784-1792 in Kerpen (OV G29) auf;DL250BEETH;01.02.20;31.12.20;G29
250SRS;250-ster Sachsen-Rundspruch;DL0SAX;20.04.04;19.05.04;S36
25A48;25 Jahre OV Pfullendorf (A48);DF0PU;01.01.08;31.12.08;A48
25A53;25-jähriges Bestehen des OV Philippsburg;DL0PHG;01.01.19;31.12.19;A53
25ABK;25. Todestag von Karl Rothammel;DL0ABK;01.11.12;30.11.12;X29
25AGDX;25 Jahre AGDX;DL0WWH;01.02.98;28.02.98;T05
25AIS;25 Jahre AATiS e.V., 35. Bundeskongress;DK0KTL;01.03.20;31.05.20;X20
25AIS;25 Jahre AATiS e.V., 35. Bundeskongress;DL0AIS;01.03.20;31.05.20;X26
25AIS;25 Jahre AATiS e.V., 35. Bundeskongress;DL0GYM;01.03.20;31.05.20;S64
25AIS;25 Jahre AATiS e.V., 35. Bundeskongress;DF0AIS;01.03.20;31.05.20;H39
25ANR;25 Jahre Klubstation DF0ANR;DF0ANR;01.09.17;31.12.17;S06
25ARCW;25-jähriges bestehen des Amateur Radio Club Worms;DQ25ARCW;01.02.06;31.12.06;K11
25AS;25 Jahre OV Schifferstadt;DF0SY;15.05.02;14.06.02;K38
25AS;25 Jahre OV Schifferstadt;DF0SY;01.09.02;30.09.02;K38
25AS;25 Jahre OV Schifferstadt;DL0BF;01.12.02;31.12.02;K38
25B39;25 Jahre OV Helmbrechts (B39);DF0HF;01.01.09;31.12.09;B39
25B39;25 Jahre OV Helmbrechts (B39);DL0AR;01.01.09;31.12.09;B39
25B39;25 Jahre OV Helmbrechts (B39);DL0HEL;01.01.09;31.12.09;B39
25B39;25 Jahre OV Helmbrechts (B39);DQ8T;01.01.09;31.12.09;B39
25B39;25 Jahre OV Helmbrechts (B39);DR6T;01.01.09;31.12.09;B39
25BDR;1. dt. Raumflug von Siegmund Jähn vor 25 J. 7. Raumfahrttage in M.-Rauth.;DK0RMR;01.05.03;31.05.03;S45
25BDR;1. dt. Raumflug von Siegmund Jähn vor 25 J. 7. Raumfahrttage in M.-Rauth.;DK0RMR;16.08.03;15.09.03;S45
25BIG;25 Jahre OV Biggesee;DL0DRO;01.01.05;31.12.05;O43
25BRA;25 Jahre DARC-Distrikt Brandenburg;DL0BRA;01.11.15;15.11.15;Y43
25BVS;25 Jahre BV Sachsen des VFDB;DC0TO;01.01.20;31.12.20;Z91
25COE;25 Jahre OV Coesfeld;DL0UV;01.10.03;31.10.03;Z60
25CPU;25. Mikrotreff in Ludwigsfafen;DF0CPU;01.04.02;30.04.02;Z22
25CPU;25 Jahre AG CPU;DF0CPU;01.09.02;30.09.02;Z22
25D20;25 Jahre OV Berlin Hohenschönhausen;DM5R;19.10.18;18.11.18;D20
25DE;25 Jahre Deutsche Einheit;DQ25GRENZE;01.01.14;31.12.14;E39
25DO;25 Jahre OV Dillingen Gundelfingen Höchstädt;DK0DO;01.12.00;31.12.00;T18
25DON;25 Jahre OV  T21;DL0DV;01.07.04;31.07.04;T21
25DON;25 Jahre OV  T21;DC0DON;01.07.04;31.07.04;T21
25DON;25 Jahre OV  T21;DL0DON;01.07.04;31.07.04;T21
25DOS;25 Jahre OV  O41;DL0DC;01.05.04;31.05.04;O41
25DOS;25 Jahre OV  O41;DC0RPL;01.05.04;31.05.04;O41
25DOS;25 Jahre OV  O41;DF0DS;01.05.04;31.05.04;O41
25DOS;25 Jahre OV  O41;DK0RPL;01.05.04;31.05.04;O41
25DOS;25 Jahre OV  O41;DB0LS;01.05.04;31.05.04;O41
25DOWEST;25 Jahre Ortsverband Dortmund-West (O52);DR0N;01.10.10;31.12.10;O52
25DOWEST;25 Jahre Ortsverband Dortmund-West (O52);DQ0A;01.10.10;31.12.10;O52
25DOWEST;25 Jahre Ortsverband Dortmund-West (O52);DR0R;01.10.10;31.12.10;O52
25DOX;25 Jahre Klubstation DF0DOX;DF0DOX;16.06.08;15.06.09;P03
25DS;25 Jahre OV  R25;DL0GQ;01.12.02;31.12.02;R23
25DS;25 Jahre OV  R23;DB0KW;01.12.02;31.12.02;R23
25DSW;25 Jahre Diplom Sammler Waterkant;DA0LHT;22.07.19;21.07.20;M35
25DSW;25 Jahre Diplom Sammler Waterkant;DK0DSW;01.08.19;31.07.20;I17
25DSW;25 Jahre Diplom Sammler Waterkant;DF0DSW;01.08.19;31.07.20;I17
25DSW;25 Jahre Diplom Sammler Waterkant;DL0DSW;01.08.19;31.07.20;I17
25DW;25 Jahre OV Düsseldorf-Westen;DF0DW;17.01.05;31.12.05;R26
25E30;25 Jahre OV Herzogtum Lauenburg E30;DF0ZL;24.04.06;31.12.06;E30
25E30;25 Jahre OV Herzogtum Lauenburg E30;DK0AGW;24.04.06;31.12.06;E30
25E30;25 Jahre OV Herzogtum Lauenburg E30;DF0IPH;24.04.06;31.12.06;E30
25E30;25 Jahre OV Herzogtum Lauenburg E30;DK0DRE;24.05.06;31.12.06;E30
25E32;25 Jahre OV Wingst E32;DF0WZ;01.01.06;31.12.06;E32
25E33;25 Jahre OV Winsen/Luhe (E33);DP5P;01.05.10;30.04.11;E33
25E33;25 Jahre OV Winsen/Luhe (E33);DL0HWL;01.05.10;30.04.11;E33
25E37;25 Jahre OV Hamburg-Finkenwerder;DK0MBB;22.10.16;21.10.17;E37
25E37;25 Jahre OV Hamburg-Finkenwerder;DL0FKW;22.10.16;21.10.17;E37
25E38;25 Jahre OV Süd-Stormarn;DF0TX;03.12.18;02.12.19;E38
25E39;25 Jahre OV E39;DK25RATZ;01.12.22;31.08.23;E39
25EC;25 Jahre OV Eckental;DF0EC;20.06.04;19.07.04;B33
25EJ;25 Jahre Eschborn-Jahnschule;DB0EJ;01.10.98;31.10.98;F43
25EJ;25 Jahre OV  F 43;DL0EJ;01.10.98;31.10.98;F43
25EUT;25. Europatag der Amateurfunk-Schulstationen;DK0KTL;01.03.24;31.08.24;X20
25EUT;25. Europatag der Amateurfunk-Schulstationen;DL25EUT;08.03.24;30.06.24;Q21
25F66;25 Jahre OV Weiterstadt F66;DK0FX;01.02.06;31.12.06;F66
25F68;25 Jahre OV Münster-Hessen (F68);DF0FM;01.10.07;31.03.08;F68
25F69;25 Jahre OV Bad Hersfeld Stadt (F69);DF0HD;01.03.09;31.12.09;F69
25F69;25 Jahre OV Bad Hersfeld Stadt (F69);DP5K;01.04.09;31.12.09;F69
25F74;25 Jahre DOK F74;DK0DI;01.06.18;19.10.18;F74
25FC;25 Jahre OV Büdingen;DL0FC;01.09.05;30.09.05;F62
25FDPE;25 Jahre 10-Tage-Fieldday in Peine;DL0PE;24.07.13;06.08.13;H20
25FLOH;25-jähriges Jubiläum des Bergheimer Flohmarktes;DL0RG;01.02.06;30.04.06;G20
25FT;25 Jahre OV Frankenthal;DK0FP;01.07.97;31.07.97;K27
25FT;25 Jahre OV Frankenthal;DL0RSF;01.07.97;31.07.97;K27
25G43;25 Jahre OV Wahnbachtal (G43);DL0KV;01.10.08;30.09.09;G43
25G50;25 Jahre OV Hürth G50;DK0AR;01.01.15;31.12.15;G50
25G54;25 jähriges Bestehen des OV Eitorf;DL0EIT;27.03.17;31.12.17;G54
25GDXF;25 Jahre German DX Foundation, GDXF;DL25GDXF;01.05.21;31.07.21;I09
25GEO;25 Jahre GEO-DX Group;DL0GEO;01.07.22;31.12.22;Z31
25GP;25 Jahre OV Göppingen;DK0BC;15.08.99;14.09.99;Z46
25GP;25 Jahre OV Göppingen;DK0BC;01.10.99;31.10.99;Z56
25GRO;25 Jahre OV Gronau;DL0JT;01.05.02;31.05.02;N41
25GRO;25 Jahre OV Gronau;DK0ATV;01.05.02;31.05.02;N41
25GU;25 Jahre OV F56;DF0GU;01.11.02;30.11.02;F56
25GYM;Städt. Gymnasium Bad Segeberg;DF0SE;16.09.96;22.09.96;M14
25H54;25 Jahre OV Nord-Elm H54;DF0ELM;07.03.06;31.12.06;H54
25H63;25. Jubiläum der OV-Gründung;DM5C;01.06.15;31.05.16;H63
25H65;25 Jahre OV H65 Hannover-Hohes Ufer;DL0NAR;01.01.20;31.12.20;H65
25H65;25 Jahre OV H65 Hannover-Hohes Ufer;DL0HAN;01.01.20;31.12.20;H65
25HEB;25 Jahre OV Hersbruck;DK0AH;01.05.01;31.05.01;B12
25HEB;25 Jahre OV Hersbruck;DK0AH;01.11.01;30.11.01;B12
25HER;25 Jahre OV  O38;DL0GY;01.03.03;31.03.03;O38
25HMB;25 jahre OV Heimbach;DF0OK;01.01.06;31.12.06;G41
25HMB;25 jahre OV Heimbach;DB0OKK;01.01.06;31.12.06;G41
25HNO;25 Jahre OV Hannover N.O.;DL0EUR;01.04.02;30.03.03;H45
25HSB;25 Jahre Reisezugverkehr auf den Brocken;DR0HARZ;01.01.17;31.12.17;H09
25HTW;25 Jahre Hochschule für Technik und Wirtschaft Dresden;DL0HTW;01.03.17;31.12.17;S01
25HW;25 Jahre OV Wegberg (G38);DK0HW;01.03.03;31.03.03;G38
25HYC86;25 Jahre Heikendorfer Yacht Club 86;DK0L;10.01.11;30.06.11;M25
25I45;25 Jahre OV Worpswede I45;DL0KDW;01.05.06;30.04.07;I45
25I50;25 Jahre OV Goldenstedt (I50);DF0FJ;01.05.09;30.04.10;I50
25I51;25 Jahre Ortsverband Petersdorf (I51);DF0PDF;01.01.11;31.12.11;I51
25I52;25 Jahre OV Bramgau (I52);DF0BRA;01.09.11;30.11.11;I52
25I53;25 Jahre OV Huchting (I53);DK0HB;14.11.11;13.11.12;I53
25I54;25 Jahre OV Fehngebiet (I54);DK0OF;01.01.12;31.12.12;I54
25I57;25-jähriges Gründungsjubiläum;DL0PBS;21.04.18;20.04.19;I57
25IBB;25 Jahre OV  N49;DL0VX;01.10.05;31.10.05;N49
25ILLW;Lighthouse Weekend 2025;DA0LH;01.01.25;31.12.25;Z95
25ILLW;Internationales Leuchtturm Wochenende 2025;DA0L;01.08.25;31.08.25;I23
25ILLW;International Lighthouse Lightship Weekend 2025;DL0TO;01.08.25;31.08.25;E23
25ILLW;ILLW 2025;DK0MAR;01.08.25;31.08.25;E35
25IPA;25 Jahre IPA;DB0IPA;01.11.01;30.11.01;Y06
25IPA;25 Jahre IPA;DL0IPA;01.11.01;30.11.01;O24
25IPA;25 Jahre IPA;DA0IPA;01.11.01;30.11.01;G19
25IPA;25 Jahre IPA;DK0IPA;01.11.01;30.11.01;R05
25IPA;25 Jahre IPA;DH0IPA;01.11.01;30.11.01;M14
25IPA;25 Jahre IPA;DF0IPA;01.11.01;30.11.01;C14
25JAIG;25. JAIG-Treffen 2009;DL0DJF;10.04.09;31.05.09;C28
25JM;25 Jahre Mauerfall;DL0DUD;01.11.14;30.11.14;H41
25K45;25 Jahre OV Cochem K45;DF0COC;01.08.06;31.12.06;K45
25K45;25 Jahre OV Cochem K45;DK0MOS;01.08.06;31.12.06;K45
25K46;25 Jahre OV Nieder-Olm K46;DF0NO;15.04.06;07.01.07;K46
25K47;25 Jahre OV Mayen (K47);DF0MY;01.06.08;15.01.09;K47
25KA;25 Jahre OV  A41;DF0LA;01.05.04;31.05.04;A41
25KIDS;25 Jahre SOS Kinderdorf Zwickau;DM2C;01.05.16;30.04.17;S54
25KKM;25 Jahre Kehdinger Küstenschiffahrtsmuseum;DL0MFM;01.01.19;31.12.19;Z24
25KN;25 Jahre OV  G35;DK0KD;05.09.02;03.10.02;G35
25KU;25 Jahre OV Kulmbach;DK0CU;01.01.01;31.01.01;B07
25KU;25 Jahre OV Kulmbach;DF0KU;01.01.01;31.01.01;B07
25KU;25 Jahre OV Kulmbach;DK0CU;01.05.01;31.05.01;B07
25KU;25 Jahre OV Kulmbach;DF0KU;01.05.01;31.05.01;B07
25KU;25 Jahre OV Kulmbach;DK0CU;01.10.01;31.10.01;B07
25KU;25 Jahre OV Kulmbach;DF0KU;01.10.01;31.10.01;B07
25KYF;25. Kyffhäuser Feldtag;DL25KYF;01.01.23;31.12.23;X01
25L16;25 Jahre OV Duisburg-Huckingen (L16);DL16XXV;01.05.07;31.08.07;L16
25LC;25 Jahre OV Lebach;DK0LC;01.12.00;31.12.00;Q15
25LHMS;25 Jahre Laurel + Hardy Museum Solingen;DL0SO;01.03.15;29.02.16;R14
25LIM;25 Jahre OV Limburgerhof;DL0PVD;01.09.04;31.10.04;K42
25LL;25 Jahre OV Lage;DF0LL;01.11.04;30.11.04;N54
25MAUS;Türen auf für die Maus;DL25ENTE;02.10.25;02.11.25;U01
25MAUS;Türen auf für die Maus;DL5ELEFANT;02.10.25;02.11.25;U01
25MAUS;Türen auf für die Maus;DL25MAUS;02.10.25;02.11.25;U01
25MB;25 Jahre OV Marienburg  H 39;DK0MB;25.05.98;20.06.98;H39
25MB;25 Jahre OV Marienburg  H 39;DK0OM;25.05.98;20.06.98;H39
25MDK;25 Jahre Main-Donau-Kanal;DR25MDK;01.01.17;31.12.17;B25
25MOL;25 Jahre Landkreis Märkisch Oderland;DL0MOL;01.06.18;15.06.18;Y21
25MONTESCH;25 Jahre Städtepartnerschaft Montgeron und Eschborn;DB0EJ;01.05.10;31.12.10;F43
25MONTESCH;25 Jahre Städtepartnerschaft Montgeron und Eschborn;DL0EJ;01.05.10;31.12.10;F43
25MR;25 Jahre OV Mittelrhein;DK0MR;01.05.01;31.05.01;K32
25MVB;25 Jahre OV D13;DA0MVB;01.11.01;30.11.01;D13
25MVB;25 Jahre OV D13;DB0MVB;01.11.01;30.11.01;D13
25MVB;25 Jahre OV D13;DL0MVB;01.11.01;30.11.01;D13
25MVB;25 Jahre OV D13;DO0MVB;01.11.01;30.11.01;D13
25MWD;25 Jahre Moselweindiplom;DK0MOS;01.01.10;31.12.10;K45
25MWD;25 Jahre Moselweindiplom;DF0COC;01.01.10;31.12.10;K45
25MWD;25 Jahre Moselweindiplom;DN0EMH;01.01.10;31.12.10;K45
25MWR;25 Jahre Amateurfunkgruppe "Mittwochsrunde";DK0MWR;01.09.04;31.12.04;K34
25N47;25 Jahre OV  N47;DK0RE;17.06.05;03.07.05;N47
25N52;25 Jahre OV Vlotho N52;DF0VL;01.01.07;31.12.07;N52
25N54;25 Jahre OV Rhede (N54);DL0SYS;28.01.09;31.12.09;N54
25N54;25 Jahre OV Rhede (N54);DF0PWR;28.01.09;31.12.09;N54
25N54;25 Jahre OV Rhede (N54);DK0RD;28.01.09;31.12.09;N54
25N54;25 Jahre OV Rhede (N54);DF0RD;28.01.09;31.12.09;N54
25N55;25 Jahre Ortsverband Borgentreich (N55);DF0TR;10.06.09;31.10.09;N55
25NEA;25 Jahre OV  B16;DF0PH;01.03.02;31.03.02;B16
25NEA;25 Jahre OV B16;DF0NA;01.03.02;31.03.02;B16
25NOH;25 Jahre OV  I33;DL0NY;01.10.02;31.10.02;I33
25NOH;25 Jahre OV  I33;DB0OM;01.10.02;31.10.02;I33
25O47;25 Jahre OV Bergkamen (O47);DF0VK;01.02.07;31.12.07;O47
25O54;25 Jahre Ortsverband Dortmunder Hochschulen, O54;DK0DH;06.05.20;05.05.21;O54
25O55;25 Jahre DARC Ortsverband UNI Siegen;DL0DFS;01.04.18;31.03.19;O55
25OC;25 Jahre Städtepartnerschaft Ochsenfurt - Coutances;DK0RF;01.06.08;30.06.08;B29
25P49;25 Jahre OV Laupheim P49;DL0LPH;01.06.06;31.05.07;P49
25Q17;25 Jahre OV Blieskastel Q17;DL0BLK;01.07.06;31.12.06;Q17
25Q18;25 Jahre OV Wiesbach (Q18);DA0SAR;01.04.10;31.10.10;Q18
25R29;25 Jahre OV Wülfrath (R29);DR5O;01.05.07;30.04.08;R29
25R29;25 Jahre OV Wülfrath (R29);DF0AW;01.05.07;30.04.08;R29
25R31;25 Jahre OV Kaarst (R31);DF0KR;01.01.11;31.12.11;R31
25RAVE;Rave the Planet 2025;DQ25RTP;01.07.25;05.10.25;D20
25RB;25 Jahre Relaisfunkstelle DB0RB;DL0BL;30.10.05;27.11.05;A02
25RIA;RIA;DK0GSB;01.07.00;31.07.00;I18
25RIA;25 Jahre "Red Ink Award";DK0GSB;01.09.00;30.09.00;I18
25RIA;25 Jahre RIA;DF0GS;18.09.00;17.10.00;A06
25RIN;25 Jahre OV Rinteln (H57);DR25RIN;26.01.08;31.12.08;H57
25S42;25 Jahre Ortsverband S42 Borna;DL0BNA;01.10.15;31.10.15;S42
25S45;25 Jahre OV S45;DL0AUE;01.05.15;30.04.16;S45
25SCPO;Weihnachtspostamt Himmelpfort 2025;DM3A;13.11.25;26.12.25;Y01
25SCPO;Weihnachtspostamt Himmelpfort 2025;DL0AGU;13.11.25;26.12.25;Y01
25SHT;Schleswig Holstein Tag 2012;DL0NO;01.06.12;31.08.12;E12
25SIN;25 Jahre OV Sindelfingen;DL0SIN;01.05.02;31.05.02;P42
25SIN;Aktivitätswochen;DL0SIN;01.10.02;31.10.02;P42
25SKG;25 Jahre OV Stapelholm-Kroppen-Geest;DK0SL;01.11.01;30.11.01;M28
25SR3;25 Jahre Aktivitäten rund um den Saarländischen Rundfunk;DL0EW;01.09.05;16.10.05;Q11
25SR3;25 Jahre Aktivitäten rund um den Saarländischen Rundfunk;DD0PSG;01.09.05;16.10.05;Q11
25SSAAR;25 Jahre OV Süd Saar Q11;DF0SS;01.12.99;31.12.99;Q11
25SSAAR;25 Jahre OV Süd Saar Q11;DL0EW;01.12.99;31.12.99;Q11
25SUE;25 Jahre OV  E22;DL0SUE;12.04.02;21.04.02;E22
25SUE;25 Jahre OV  E22;DL0SUE;04.05.02;19.05.02;E22
25SUL;25 Jahre OV Sulingen I40;DL0SUL;01.04.05;30.04.05;I40
25SYKE;25 Jahre Ortsverband Syke;DL0CF;18.10.97;16.11.97;I25
25SZS;25 jähriges Schuljubiläum;DL0LMG;19.05.97;14.06.97;W12
25TDE;25 Jahre Tag der Deutschen Einheit;DQ25JAHRE;01.07.15;30.06.16;F27
25TFF;25 Jahre Tanz und Folkfest;DA0TFF;26.06.15;10.07.15;X24
25THL;25 Jahre Clubstation im THW Lauf;DA25THL;02.05.24;31.01.25;B34
25TZ;25-jähriges Jubiläum der Amateurfunkgruppe Robert Bosch;DK2006TZ;01.03.06;31.12.06;P51
25UB;Gründungsjubiläum OV  F 50;DL0AJ;01.09.01;30.09.01;F50
25UH;25 Jahre OV Hohenstaufen;DK0UH;01.12.00;31.12.00;P41
25UNIO;25 Jahre Deutsche Einheit;DL25UNION;14.10.15;31.12.15;G29
25VAL;25 Jahre OV Vallendar;DK0VR;29.05.04;23.06.04;K43
25W21;50 Jahre Amateurfunk Merseburg, 25 Jahre OV "Whisky21";DL50MER;01.01.15;31.12.15;W21
25WAAGE;25 Jahre Waagenmuseum in Oschatz;DC0TO;15.04.07;15.11.07;Z91
25WED;25 Jahre OV Wedemark;DK0OI;05.06.99;04.07.99;H37
25WERL;25 Jahre OV Werl (O49);DK0YA;01.07.07;31.12.07;O49
25WERL;25 Jahre OV Werl (O49);DK0DBO;01.07.07;31.12.07;O49
25WIKI;25 Jahre WIKIPEDIA;DL25WIKI;01.01.26;31.03.26;J00
25Y03;20 Jahre OV Y03;DL0PKW;01.01.15;31.12.15;Y03
25YL;25 Jahre DL-YL-Informationsdienst;DL0XYL;01.10.01;31.10.01;F15
25Z90;25 Jahre OV Suhl / Ilmenau;DL0SHL;01.01.20;31.12.20;Z90
25Z90;25 Jahre OV Suhl / Ilmenau;DL25SHL;01.01.20;31.12.20;Z90
25Z91;25 Jahre OV Collmberg;DL0RCO;01.01.20;31.12.20;Z91
25ZGP;25 Jahre Zeiss-Großplanetarium Berlin;DL0ABT;01.10.12;31.10.12;D25
25ZM;25 jähriges bestehen der Clubstation DF0ZM;DF0ZM;01.05.09;31.07.09;N52
26FWC;Fussball Weltmeisterschaft 2026 USA-Kanada-Mexiko;DF2026M;10.06.26;20.07.26;
26FWC;Fussball Weltmeisterschaft 2026 USA-Kanada-Mexiko;DF2026C;10.06.26;20.07.26;
26FWC;Fussball Weltmeisterschaft 2026 USA-Kanada-Mexiko;DF26FIFA;10.06.26;20.07.26;
26FWC;Fussball Weltmeisterschaft 2026 USA-Kanada-Mexiko;DF2026U;10.06.26;20.07.26;
26FWC;Fussball Weltmeisterschaft 2026 USA-Kanada-Mexiko;DF2026WM;10.06.26;20.07.26;
26ILLW;Int. Lighthouse & Lightship Weekend (ILLW);DK5T;01.03.26;31.12.26;N47
26ILLW;Int. Lighthouse & Lightship Weekend (ILLW);DA0LH;10.07.26;31.12.26;Z95
26ILLW;Int. Lighthouse & Lightship Weekend (ILLW);DK0MAR;01.08.26;31.08.26;E35
26ILLW;Int. Lighthouse & Lightship Weekend (ILLW);DL0TO;01.08.26;31.08.26;E23
26JAIG;26. JAIG-Treffen 2010 in Japan;DL0DJF;01.03.10;30.04.10;C28
26MAUS;Türen auf mit der Maus;DL26MAUS;01.10.26;31.10.26;U01
26MAUS;Türen auf mit der Maus;DL6ELEFANT;01.10.26;31.10.26;U01
26MAUS;Türen auf mit der Maus;DL26ENTE;01.10.26;31.10.26;U01
26WRTC;WRTC 2026;DL0WRTC;01.06.26;31.07.26;
26WRTC;WRTC 2026;DL2026T;01.06.26;31.07.26;
26WRTC;WRTC 2026;DL26WRTC;01.06.26;31.07.26;
26WRTC;WRTC 2026;DL2026W;01.06.26;31.07.26;
26WRTC;WRTC 2026;DL2026C;01.06.26;31.07.26;
26WRTC;WRTC 2026;DL2026R;01.06.26;31.07.26;
275BG;275 Jahre Berlin-Grünau;DL0ABT;01.09.24;01.10.24;D25
275FWX;275-jähriges Bestehen der Feuerwehr in Xanten;DK0XT;26.05.18;24.06.18;L12
275MGM;275 Jahre Müggelheim;DL0ABT;01.09.22;30.09.22;D25
275NZ;275 Jahre Stadt Neustrelitz;DK0NZ;20.01.08;31.12.08;V26
27JAIG;27. JAIG-Treffen 2011 in Vienenburg/Goslar;DL0DJF;01.04.11;31.05.11;C28
27JAIG;27. JAIG-Treffen 2011 in Vienenburg/Goslar;DK0DJF;01.04.11;31.05.11;C28
27NST;Neustadt-Treffen in Europa;DL0UPC;27.05.05;10.06.05;S15
28IHS;28. Internationale Hansetage Salzwedel;DL0SAW;01.03.08;31.12.08;W13
28JAIG;28. JAIG-Treffen 2012 in Chemnitz;DK0DJF;01.04.12;31.05.12;C28
28JAIG;28. JAIG-Treffen 2012 in Chemnitz;DL0DJF;01.04.12;31.05.12;C28
28NST;Neustadt-Treffen in Europa;DL0UPC;10.07.06;23.07.06;S15
290LGC;290 Jahre Landesgestüt Celle;DF0IG;01.06.25;01.12.25;Z84
2FSW;2. Fortbildungs-Seminar Württemberg;DR2M;01.03.10;30.04.10;P57
2FSW;2. Fortbildungs-Seminar Württemberg;DL0DW;01.03.10;30.04.10;P02
2JUIST;Lighthouseday;DL0PBS;16.08.02;18.08.02;I57
2KWT70;70 Jahre 2. Kurzwellentreffen in Bad Lauterberg;DK0CO;04.05.18;01.06.18;H19
2OWL;2. Ost-Westfalen-Amateurfunk-Treffen in Herford;DK0HF;16.04.05;16.05.05;N08
300AH;300 Jahre Bad Arolsen;DL300AH;01.01.19;31.12.19;F01
300DH;300 Jahre Duisburger Hafen;DB0DH;01.06.16;31.08.16;L16
300DH;300 Jahre Duisburger Hafen;DL0ICH;01.06.16;31.08.16;L16
300DH;300 Jahre Duisburger Hafen;DL0RD;01.06.16;31.08.16;L16
300DW;300 Einzeldenkmäler in Bad Windsheim;DF0NA;18.05.10;31.12.10;B16
300FX;25. Jahrestag und 300. Stammtisch FX-Intern;DA0FX;01.06.06;30.06.06;V07
300ST;2009 Stellerjahr Bad Windsheim;DF0NA;08.04.09;31.12.09;B16
30A46;30 Jahre Ortsverband Tauber-Franken (A46);DF0TF;01.01.11;31.12.11;A46
30A50;30 jähriges Bestehen des OVs A 50;DL0MUR;01.04.15;31.03.16;A50
30A53;30 Jahre OV-Philippsburg, A53;DL0PHG;01.01.24;31.12.24;A53
30ADDX;30-jähriges Bestehen der Assoziation Deutschsprachiger DXer e.V.;DF0AD;01.10.97;31.10.97;O22
30AFGN;30 Jahre AFU-Gruppe Neuendettelsau;DK0ND;01.04.02;30.04.02;Z61
30AGDX;30 Jahre AGDX Verein für Kurzwellenhörer;DL0WWH;15.12.03;31.12.03;T05
30ARCW;30 Jahre Amateurfunk Club Worms;DR30ARCW;01.01.11;31.12.11;K11
30AS;30 Jahre OV Schifferstadt (K38);DF0SY;01.02.07;31.12.07;K38
30B12;30 Jahre OV Hersbruck (B12);DK0F;01.09.06;30.11.06;B12
30B16;30 Jahre OV Neustadt a. d. Aisch (B16);DF0NA;01.07.07;30.06.08;B16
30B16;30 Jahre OV Neustadt a. d. Aisch (B16);DF0PH;01.07.07;30.06.08;B16
30B32;30 Jahre OV Pegnitz (B32);DF0PW;01.01.08;31.12.08;B32
30B39;30 Jahre OV Helmbrechts (B39);DQ8T;01.01.14;31.12.14;B39
30B39;30 Jahre OV Helmbrechts (B39);DL0HEL;01.01.14;31.12.14;B39
30BIG;30 Jahre OV Biggesee (O43);DK0BIG;01.09.10;31.08.11;O43
30BIG;30 Jahre OV Biggesee (O43);DL0DRO;01.09.10;31.08.11;O43
30BIR;30 Jahre OV Birkenfeld;DL0BF;01.05.02;31.05.02;K26
30BKP;30 Jahre Bauernkriegspanorama in Bad Frankenhausen;DL0KYF;01.09.19;30.09.19;X01
30BRR;30. Jahrestag der Gründung des UNESCO-Biosphärenreservates Rhön;DA30BRR;01.05.21;30.11.21;X37
30C02;30 Jahre OV Waldkraiburg (C02);DK0VW;01.05.07;31.12.07;C02
30CCC;30 Jahre Chaos Computer Club;DA7C;24.09.11;31.01.12;D23
30CCC;30 Jahre Chaos Computer Club;DK0CRT;24.09.11;31.01.12;D23
30CCC;30 Jahre Chaos Computer Club;DK0CCC;24.09.11;31.01.12;D23
30CCC;30 Jahre Chaos Computer Club;DL0QW;24.09.11;31.01.12;D23
30CCC;30 Jahre Chaos Computer Club;DK0RBY;24.09.11;31.01.12;D23
30D13;30 Jahre OV Märkisches Viertel Berlin D13;DR30MVB;01.01.06;31.12.06;D13
30D13;30 Jahre OV Märkisches Viertel Berlin D13;DL0MVB;01.01.06;31.12.06;D13
30D13;30 Jahre OV Märkisches Viertel Berlin D13;DO0MVB;01.01.06;31.12.06;D13
30D13;30 Jahre OV Märkisches Viertel Berlin D13;DB0MVB;01.01.06;31.12.06;D13
30D13;30 Jahre OV Märkisches Viertel Berlin D13;DA0MVB;01.01.06;31.12.06;D13
30D14;30Jahre OV Lichtenrade (D14);DL0IV;01.06.09;31.07.09;D14
30D20;30 Jahre OV Hohenschönhausen;DM5R;01.10.23;31.12.23;D20
30DAM;30 Jahre AFU-Markt in Dortmund;DL0DO;04.06.01;01.07.01;O05
30DO;30 Jahre OV  T18;DL0DRI;01.07.05;31.12.05;T18
30DOS;30 Jahre OV Dortmund-Süd (O41);DC0PRL;01.05.09;31.12.09;O41
30DOS;30 Jahre OV Dortmund-Süd (O41);DK0PRL;01.05.09;31.12.09;O41
30DOS;30 Jahre OV Dortmund-Süd (O41);DF0DS;01.05.09;31.12.09;O41
30DOS;30 Jahre OV Dortmund-Süd (O41);DL0DC;01.05.09;31.12.09;O41
30DRH;30 Jahre Stadt Dreieich;DL0PP;01.05.07;31.12.07;F29
30DTMB;30 Jahre Deutsches Technik Museum Berlin;DL0ABT;01.08.13;31.08.13;D25
30E27;30 Jahre OV Hamburg-Flughafen (E27);DK0IK;20.11.09;31.10.10;E27
30E29;30 Jahre OV Teufelsbrück (E29);DK0TEU;01.05.11;31.12.11;E29
30E33;30 Jahre OV E33;DP5P;27.01.15;31.12.15;E33
30E33;30 Jahre OV E33;DL0HWL;27.01.15;31.12.15;E33
30EBM;30 Jahre Eisenbahnmuseum Vienenburg im ältesten Bahnhof Deutschlands;DL0VBG;01.01.18;31.12.18;H09
30EDOH;30 Jahre Flieger-Club Langhennersdorf e.V.;DL0FG;01.10.21;31.12.21;S55
30EIFEL;30 Jahre OV G26;DL0EI;01.03.00;31.03.00;G26
30F55;30 Jahre OV Alsfeld (F55);DK0HC;01.04.07;31.03.08;F55
30F66;30 Jahre OV Weiterstadt (F66);DK0FX;01.05.11;31.12.11;F66
30F71;30 Jahre OV Butzbach F71;DR30BUT;05.03.16;28.02.17;F71
30FHDT;30 Jahre Fachhochschule in Dienburg;DK0BP;01.10.98;31.10.98;Z21
30FKR;30 Jahre Freundschaft zwischen Distrikt L und FA aus der Rep. Komi/Russland;DR30FKR;01.08.19;31.01.20;L03
30FT;30 Jahre OV Frankenthal;DK0FP;01.09.02;30.09.02;K27
30FT;30 Jahre OV Frankenthal;DF0KG;01.09.02;30.09.02;K27
30FT;30 Jahre OV Frankenthal;DL0RSF;01.09.02;30.09.02;K27
30G43;30 Jahre OV Wahnbachtal (G43);DL0KV;01.10.13;30.09.14;G43
30G45;30 Jahre OV Aachen-Burtscheid (G45);DF0LQ;01.01.14;31.12.14;G45
30G50;30 Jahre OV Hürth (G50);DK0AR;01.05.20;30.04.21;G50
30GDXF;30 Jahre German DX Foundation (GDXF);DQ30GDXF;01.01.26;31.12.26;C25
30GL;30 Jahre Clubstation DL 0 GL;DL0GL;01.06.98;30.06.98;L03
30GP;30 Jahre OV Göppingen;DK0BC;01.10.04;31.10.04;Z46
30H63;30 Jahre OV Calenberg;DM5C;20.06.20;19.06.21;H63
30HAM;30 Jahre HAM-Radio in Friedrichshafen;DK0FN;01.01.05;31.12.05;P03
30HR;30 Jahre HAM-Radio;DR30RADIO;02.06.05;31.12.05;P57
30HTW;30 Jahre Hochschule für Technik und Wirtschaft Dresden;DL0HTW;01.04.22;31.12.22;S01
30HW;30 Jahre OV Wegberg (G38);DK0HW;01.01.08;31.12.08;G38
30HWB;30. Hörerwettbewerb in Brandenburg;DF0UM;22.04.00;12.05.00;Y16
30HWB;30. Hörerwettbewerb in Brandenburg;DF0TEC;22.04.00;12.05.00;Y16
30I33;30 Jahre OV Nordhorn (I33);DL0NY;01.10.07;31.10.07;I33
30I33;30 Jahre OV Nordhorn (I33);DB0OM;01.10.07;31.10.07;I33
30I37;30 Jahre OV Dörenberg (I37);DF0DG;01.01.08;31.12.08;I37
30I38;30 Jahre OV Osning (I38);DF0PT;15.02.09;31.12.09;I38
30I45;30 Jahre OV Worpswede (I45);DP30OVW;01.02.11;31.12.11;I45
30I47;30 Jahre OV Altkreis Wittlage (I47);DL0WTL;01.01.11;31.12.11;I47
30I52;30 Jahre OV Bramgau I 52;DF0BRA;03.10.16;17.10.16;I52
30I53;30 Jahre OV Huchting;DL0CW;01.12.16;28.02.17;I53
30I57;30 Jahre i57 Papenburg;DL0PBS;01.04.23;31.12.23;I57
30IPA;30 Jahre IPA-RC in DL;DQ30IPA;01.01.06;30.11.06;R05
30K39;30 Jahre OV Westpfalz (K39);DL0HSG;01.01.08;31.12.08;K39
30K39;30 Jahre OV Westpfalz (K39);DF0LS;01.01.08;31.12.08;K39
30K39;30 Jahre OV Westpfalz (K39);DL0FCK;01.01.08;31.12.08;K39
30K39;30 Jahre OV Westpfalz (K39);DA0WP;05.01.08;31.12.08;K39
30K45;30 Jahre Ortsverband Cochem (K45);DN0EMH;01.01.11;31.12.11;K45
30K45;30 Jahre Ortsverband Cochem (K45);DF0COC;01.01.11;31.12.11;K45
30K45;30 Jahre Ortsverband Cochem (K45);DK0MOS;01.01.11;31.12.11;K45
30K47;30 Jahre OV Mayen (K47);DF0MY;01.01.12;31.12.12;K47
30K50;30 Jahre OV Altenkirchen;DL0AK;01.01.18;31.12.18;K50
30KWS;30 Jahre KW-Club Schwalmtal e.V.;DK0KWS;04.10.10;04.11.10;H63
30L11;30 Jahre OV Essen-Haarzopf (L11);DL0UP;01.05.08;31.12.08;L11
30L16;30 Jahre OV Duisburg-Huckingen (L16);DL1630Y;01.05.12;31.07.12;L16
30LFD;30 Jahre Stadtrechte Leinefelde;DA0SL;01.10.99;31.10.99;X14
30LL;30 Jahre OV Lage (N45);DF0LL;01.11.09;30.11.09;N45
30M28;30 Jahre OV Stapelholm-Kropper-Geest (M28);DK0SL;01.11.06;30.11.06;M28
30M31;30 Jahre OV Kiel-Nord (M31);DQ5T;01.01.10;31.12.10;M31
30M31;30 Jahre OV Kiel-Nord (M31);DL0FHK;01.01.10;31.12.10;M31
30M31;30 Jahre OV Kiel-Nord (M31);DL0KSC;01.01.10;31.12.10;M31
30M31;30 Jahre OV Kiel-Nord (M31);DL0WIS;01.01.10;31.12.10;M31
30M32;30 Jahre OV Oeversee (M32);DF0OE;01.07.12;30.06.13;M32
30MUE;30 Jahre Klubstation;DL0MUE;01.01.04;31.12.04;Y43
30MWD;30 Jahre Moselwein Diplom;DN0EMH;01.01.15;31.12.15;K45
30MWD;30 Jahre Moselwein-Diplom;DF0COC;01.01.15;31.12.15;K45
30MWD;30 Jahre Moselwein Diplom;DK0MOS;01.01.15;31.12.15;K45
30MWR;30 Jahre Amateurfunkgruppe "Mittwochsrunde";DK0MWR;01.09.09;31.08.10;K34
30N43;30 Jahre OV Bünde (N43);DL0B;01.07.07;31.12.07;N43
30N47;30 Jahre Ortsverband Rheda-Wiedenbrück (N47);DP4D;01.01.10;10.10.10;N47
30N52;30 Jahre OV Vlotho (N52);DF0VL;01.01.12;31.12.12;N52
30N54;30 Jahre OV Rhede (N54);DL0JBB;01.07.13;30.06.14;N54
30N54;30 Jahre OV Rhede (N54);DL0SYS;01.07.13;30.06.14;N54
30N54;30 Jahre OV Rhede (N54);DF0PWR;01.07.13;30.06.14;N54
30N54;30 Jahre OV Rhede (N54);DF0RD;01.07.13;30.06.14;N54
30N54;30 Jahre OV Rhede (N54);DK0RD;01.07.13;30.06.14;N54
30NH;30 Jahre Norddeutscher Höhentag;DL0NH;01.08.97;31.08.97;M16
30NH;30 Jahre Norddeutscher Höhentag;DL0NR;02.08.97;17.08.97;M16
30O40;30 Jahre OV Bochum-Ost (O40);DK0BO;01.09.10;31.12.10;O40
30O46;30 Jahre OV Werne (O46);DL0WER;25.04.11;29.12.11;O46
30O51;30 Jahre OV O51;DL0WFH;01.01.15;31.12.15;O51
30O53;30 Jahre OV Marsberg;DL0MHD;13.06.16;12.06.17;O53
30OR;30 Jahre OV Ober-Rammstein;DK0MM;19.06.03;22.06.03;F39
30P56;30 Jahre P56;DL0TTM;22.02.21;31.12.21;P56
30P57;30 Jahre OV Ertingen;DL0ERT;10.06.22;09.12.22;P57
30Q15;30 Jahre OV Lebach;DK0LC;01.12.05;31.12.05;Q15
30QCWA;30 Jahre QCWA in DL;DL0QCW;01.01.07;31.12.07;H32
30QCWA;30 Jahre QCWA in DL;DA0QC;01.01.07;31.12.07;I21
30QRV;30 jahre contest call von z11;DF0KO;01.01.19;31.12.19;Z11
30R17;30 Jahre OV Willich (R17);DF0RW;01.03.10;31.12.10;R17
30RSV;30 Jahre RSV e.V.;DM30RSV;01.01.20;31.12.20;
30SAX;Stadtjubiläum Sachsenheim;DA0SAX;01.01.03;31.01.03;P51
30SAX;Stadtjubiläum Sachsenheim;DF0SX;01.01.03;31.01.03;P51
30SEN;30 Jahre OV Senden (N39);DK0SK;01.02.07;31.12.07;N39
30SHZ;30 Jahre DOK X13 Südharz;DL30SHZ;19.03.20;18.03.21;X13
30SUL;30 Jahre OV Sulingen (I40);DL0SUL;01.01.10;31.12.10;I40
30TDF;30 Jahre OV Troisdorf;DK0IT;01.06.00;30.06.00;G27
30TT;30 Jahre OV Taubertal;DK0TT;01.05.02;30.05.02;A23
30U21;30 Jahre OV Parsberg (U21);DL0PAR;01.01.07;31.12.07;U21
30U29;30 Jahre Ortsverein Regenstauf U29;DL0RF;01.08.19;31.12.19;U29
30WAAGE;30 Jahre Waagenmuseum in Oschatz;DC0TO;01.03.12;15.07.12;Z91
30WEG;30 Jahre OV Wegscheid;DK0WS;01.03.05;31.12.05;U19
30X01;30 Jahre X01;DL0KYF;01.05.20;31.07.20;X01
30Y22;30 Jahre OV Y22;DK30FFO;01.04.21;31.12.21;Y22
30Z06;30 Jahre VFDB-OV Freibung Z06;DL0FB;01.05.06;31.12.06;Z06
30Z60;30 Jahre VFDB-OV Coesfeld (Z60);DL0PSK;01.03.08;31.12.08;Z60
30Z60;30 Jahre VFDB-OV Coesfeld (Z60);DL0UV;01.03.08;31.12.08;Z60
30Z78;30 Jahre VFDB-OV Holzminden (Z78);DL0XC;01.07.07;31.12.07;Z78
30Z91;30 Jahre OV Collmberg Z91;DC0TO;01.04.25;31.12.25;Z91
30Z91;30 Jahre OV Collmberg Z91;DL0RCO;01.04.25;31.12.25;Z91
30ZWL;30 Jahre OV Schönau;DK0ZN;01.09.01;30.09.01;S65
31B31;31 Jahre OV Uttenreuth (B31);DK0UR;01.01.09;31.12.09;B31
31DAM;31. Dortmunder Amateurfunk Markt;DL0DO;23.11.01;09.12.01;O05
31DAM;31. Dortmunder Amateurfunk Markt;DC0DAM;23.11.01;09.12.01;O05
31DEK;31. Evangeliche Kirchentag in Köln;DK2007EKT;01.03.07;30.06.07;G20
31HWB;31. Hörerwettbewerb Distrikt Brandenburg;DF0UM;14.04.01;28.04.01;Y16
325WOELTI;325-jähriges Bestehen der Kloster-Kornbrennerei Wöltingerode;DL0VBG;01.01.07;31.12.07;H09
32C3;Congress des CCC;DK0CCC;19.12.15;02.01.16;D23
32DAM;32. Dortmunder Amateurfunk Markt;DC0DAM;22.11.02;15.12.02;O05
32DAM;32. Dortmunder Amateurf Markt;DL0DO;22.11.02;15.12.02;O05
32HWB;32. Hörerwettbewerb in Brandenburg;DF0UM;23.03.02;06.04.02;Y16
32IFBP;32-igste Int. Funkbörse in Pechfitz;DC0GL;24.04.05;09.05.05;H24
32IFBP;32-igste Funkbörse in Pechfitz;DO0AWG;25.04.05;09.05.05;H24
32P38;32 Jahre OV Geislingen (P38);DK0GI;20.07.06;20.04.07;P38
33B33;33 Jahre OV Eckental (B33);DF0EC;01.01.12;31.12.12;B33
33BTL;Tag der offenen Tür in Baunatal;DA0RC;01.01.05;31.12.05;
33DAM;Dortmunder Afu-Markt;DC0DAM;21.11.03;20.12.03;O05
33DAM;Dortmunder Afu-Markt;DL0DO;21.11.03;20.12.03;O05
33DEKT;33. Deutscher Evangelischer Kirchentag;DA0DD;01.03.11;30.06.11;S20
33I28;33 Jahre OV Grönegau (I28);DC0AWG;15.04.08;31.12.08;I28
33I28;33 Jahre OV Grönegau (I28);DK0GM;15.04.08;31.12.08;I28
33I28;33 Jahre OV Grönegau (I28);DO0JVA;15.04.08;31.12.08;I28
33I28;33 Jahre OV Grönegau (I28);DL0OA;15.04.08;31.12.08;I28
33IBF;33 Jahre IG blinder Funkamateure;DA0IBF;01.03.03;31.03.03;H21
33IBF;33 Jahre IG blinder Funkamateure;DA0IBF;01.07.03;31.07.03;H21
33IBF;33 Jahre IG blinder Funkamateure;DA0IBF;01.10.03;30.10.03;H21
33IFBP;33. Int. Funkbörse;DC0GL;22.08.05;02.09.05;H24
33IFBP;33. Int. Funkbörse;DO0AWG;22.08.05;02.09.05;H24
33K33;33 Jahre OV Nierstein-Oppenheim (K33);DL0OJ;28.01.10;31.12.10;K33
33K33;33 Jahre OV Nierstein-Oppenheim (K33);DL0TRZ;28.01.10;31.12.10;K33
33KOST;33. OV Geburtstag;DL0IOO;01.05.03;31.05.03;M25
33LHMS;33 Jahre Laurel-Hardy-Museum Solingen;DL0SO;12.10.23;11.04.24;R14
33N41;33 Jahre OV Gronau (N41);DK0ATV;01.04.10;31.12.10;N41
33N41;33 Jahre OV Gronau (N41);DL0JT;01.04.10;31.12.10;N41
34DAM;34-ster Amateurfunkmarkt in Dortmund;DC0DAM;21.11.04;19.12.04;O05
34DAM;34-ster Amateurfunkmarkt in Dortmund;DL0DO;21.11.04;19.12.04;O05
34HWB;34. Hörerwettbewerb des OV Y16;DK0RF;10.04.04;24.04.04;Y16
34I34;34 Jahre OV Schinkel (I34);DL0OBK;15.01.12;31.12.12;I34
34IFBP;34. Funkbörse in Peckfritz;DC0GL;15.05.06;31.05.06;H24
34K34;34 Jahre OV Vulkaneifel (K34);DK0MWR;01.01.11;31.12.11;K34
350PAX;350 Jahre Westf. Friede;DL0QW;01.03.98;31.03.98;I42
350PAX;350 Jahre Westf. Friede;DA0PAX;01.03.98;31.03.98;I42
350PAX;350 Jahre Westf. Frieden;DF0BC;01.03.98;31.03.98;I42
350PAX;350 Jahre Westf. Friede;DL0QW;01.05.98;31.05.98;I42
350PAX;350 Jahre Westf. Friede;DA0PAX;01.05.98;31.05.98;I42
350PAX;350 Jahre Westf. Frieden;DF0BC;01.05.98;31.05.98;I42
350PAX;350 Jahre Westf. Friede;DL0QW;01.10.98;31.10.98;I42
350PAX;350 Jahre Westf. Friede;DA0PAX;01.10.98;31.10.98;I42
350PAX;350 Jahre Westf. Frieden;DF0BC;01.10.98;31.10.98;I42
350PAX;350 Jahre Westf. Friede;DA0PAX;01.12.98;31.12.98;I42
350PAX;350 Jahre Westf. Friede;DL0QW;01.12.98;31.12.98;I42
350PAX;350 Jahre Westf. Frieden;DF0BC;01.12.98;31.12.98;I42
350RAT;350 Jahre Rathausbau;DK0GI;25.01.21;24.01.22;P38
35AGDX;35 Jahre AGDX e. V.;DL0WWH;01.12.08;31.01.09;T05
35B16;35 Jahre OV Neustadt/Aisch (B16);DF0NA;01.07.12;31.10.12;B16
35B16;35 Jahre OV Neustadt/Aisch (B16);DF0PH;01.07.12;31.10.12;B16
35B29;35 Jahre OV  B29;DF0OC;01.07.05;31.07.05;B29
35B29;35 Jahre OV  B29;DL0NUF;01.07.05;31.07.05;B29
35B29;35 Jahre OV  B29;DK0RF;01.07.05;31.07.05;B29
35BERCK;35 Jahre Städtepartnerschaft Bad Honnef-Berck-sur-Mer (F);DL0AD;01.06.11;30.06.11;G09
35DAM;35. Dortmunder Amateurfunkmarkt;DL0DO;12.11.05;11.12.05;O05
35DAM;35. Dortmunder Amateurfunkmarkt;DC0DAM;12.11.05;11.12.05;O05
35EJ;35 Jahre OV Eschborn (F43);DB0EJ;01.07.08;31.12.08;F43
35EJ;35 Jahre OV Eschborn (F43);DL0EJ;11.07.08;31.12.08;F43
35F50;35 Jahre OV Überwald (F50);DL0AJ;01.06.11;31.12.11;F50
35G37;35 Jahre OV Wesseling (G37);DK0PN;01.01.12;31.12.12;G37
35H41;35 Jahre OV Duderstadt (H41);DL0DUD;18.01.10;31.12.10;H41
35HWB;35. Hörerwettbewerb seit 1966;DF0UM;14.03.05;31.03.05;Y16
35I33;35 Jahre OV Nordhorn (I33);DB0OM;01.08.12;31.12.12;I33
35I33;35 Jahre OV Nordhorn (I33);DL0NY;01.08.12;31.12.12;I33
35JSBM;35 Jahre S-Bahn München;DL0SBM;27.06.07;31.12.07;C09
35K28;35 Jahre OV Hunsrück (K28);DK0HUN;01.04.08;30.09.08;K28
35K28;35 Jahre OV Hunsrück (K28);DN0EMH;01.04.08;30.09.08;K28
35K30;35 Jahre OV Linzer Höhe (K30);DL0NSW;15.03.10;31.12.10;K30
35K35;35 Jahre OV Schwarzbachtal (K35);DF0OV;01.01.12;31.12.12;K35
35KU;35 Jahre OV Kulmbach (B07);DK0CU;01.02.11;31.12.11;B07
35KU;35 Jahre OV Kulmbach (B07);DF0KU;01.02.11;31.12.11;B07
35KU;35 Jahre OV Kulmbach (B07);DR2N;01.02.11;31.12.11;B07
35LH;Jubiläum im OV: N29;DL0LN;01.09.04;30.09.04;N29
35MVB;35 Jahre OV Märkisches Viertel (D13);DL0D;01.09.11;31.12.11;D13
35MVB;35 Jahre OV Märkisches Viertel (D13);DL0MVB;01.10.11;31.12.11;D13
35MVB;35 Jahre OV Märkisches Viertel (D13);DB0MVB;01.10.11;31.12.11;D13
35MVB;35 Jahre OV Märkisches Viertel (D13);DA0MVB;01.10.11;31.12.11;D13
35MVB;35 Jahre OV Märkisches Viertel (D13);DO0MVB;01.10.11;31.12.11;D13
35MWR;35 Jahre DK0MWR;DK0MWR;01.02.15;31.01.16;K34
35OBW;35 Jahre OV Oberweißbach;DL0OBW;20.08.99;19.09.99;X38
35P42;35 Jahre OV Sindelfingen (P42);DL0SIN;01.02.12;31.12.12;P42
35PLAG;35 Jahre Amateurfunk in Leipzig-Plagwitz;DF0PER;15.09.97;12.10.97;S37
35R24;35 Jahre OV Haan (R24);DN0UKW;01.01.12;31.12.12;R24
35R24;35 Jahre OV Haan (R24);DL0CPM;01.01.12;31.12.12;R24
35SDR;Würdigung von 35 Jahren SDR-Technik;DL35SDR;01.01.20;31.12.20;C18
35T18;35 Jahre OV Donauried (T18);DK0DO;07.07.10;31.12.10;T18
35WAMU;35 Jahre Oschatzer Waagenmuseum;DC0TO;01.03.17;15.03.17;Z91
35WAT;35 Jahre OV Wattenscheid;DF0WAT;01.11.01;30.11.01;O33
35WBS;35 Jahre OV Obereichsfeld-Worbis;DF0WBS;01.10.01;31.10.01;X14
360NBF;Grenzstein 360 Neissebrücke Forst;DA0NFL;01.12.02;31.12.02;Y33
36DAM;36. Dortmunder Amateurfunkmarkt;DC0DAM;01.12.06;31.12.06;O05
36DAM;36. Dortmunder Amateurfunkmarkt;DL0DO;01.12.06;31.12.06;O05
36HWB;36. Hörerwettbewerb;DF0UM;01.04.06;18.04.06;Y16
375WF;375 Jahre Westfälischer Friede;DP375WF;12.05.23;24.10.23;N13
37DAM;37. Dortmunder Amateurfunkmarkt;DC0DAM;01.12.07;31.12.07;O05
37HWB;37. Hörerwettbewerb;DF0UM;01.04.07;30.04.07;Y16
38DAM;38. Dortmunder Amateurfunkmarkt;DL0DO;01.11.08;31.12.08;O05
38HWB;38. Hörerwettbewerb;DF0UM;01.03.08;31.03.08;Y16
38P38;38 Jahre OV Geislingen (P38);DK0GI;01.04.12;31.12.12;P38
39DAM;39. Dortmunder Amateurfunkmarkt;DL0DO;15.11.09;15.01.10;O05
39HWB;39. Hörerwettbewerb;DF0UM;13.03.09;19.04.09;Y16
3FSW;3. Fortbildungs-Seminar Württemberg;DR2M;01.03.12;30.04.12;P57
3FSW;3. Fortbildungs-Seminar Württemberg;DL0DW;01.03.12;30.04.12;P02
3JUIST;Lighthouseday;DL0PBS;15.08.03;17.08.03;I57
3OWL;3. Ost-Westfalen-Amateurfunk-Treffen in Herford;DK0HF;11.03.06;18.06.06;N08
3SLGS;3. Sächs. Landesgartenschau;DL0GRH;20.04.02;20.10.02;S18
3THLGS;3. Thür. Landesgartenschau Schmalkalden;DF0CK;25.04.15;04.10.15;X32
400MA;400 Jahre Mannheim;DF0LTA;01.06.07;31.12.07;A10
400OVG;400 Jahre Otto von Guericke;DL0MAG;01.03.01;31.03.01;W05
400OVG;400 Jahre Otto von Guericke;DL0WMS;01.03.02;31.03.02;W37
400OVG;400 Jahre Otto von Guericke;DL0MGD;01.03.02;31.03.02;W10
400PG;400. Geburtstag des Kirchenlieddichters Paul Gerhardt;DR400PG;01.03.07;31.12.07;Y28
400RSA;400 Jahre Stadtrecht Riesa;DF0RSA;01.07.23;31.12.23;S02
400SJA;400 Jahre Schloß Johannesburg Aschaffenburg;DF400SJA;25.03.14;24.03.15;B04
40A23;40 Jahre OV Alte Grafschaft Wertheim (A23);DK0TT;01.02.12;31.12.12;A23
40A30;40 Jahre OV Kehl (A30);DL0EK;01.10.06;31.07.07;A30
40A36;40 Jahre OV A36;DK0WT;01.04.15;31.03.16;A36
40A39;40 Jahre OV Wiesloch-Walldorf;DF0OH;01.09.17;31.08.18;A39
40A46;40 Jahre OV A46 Tauberfranken;DF0TF;01.01.21;31.12.21;A46
40A50;40 Jahre OV Murgtal;DL0MUR;01.01.25;31.12.25;A50
40AA;40 Jahre OV AAlen;DL0AQ;01.06.99;30.06.99;P22
40AA;40 Jahre OV Aalen;DA0SAA;01.06.99;30.06.99;P22
40ADDX;40 Jahre Kurzwellenhörervereinigung ADDX e. V.;DF0AD;01.06.07;31.05.08;O22
40B25;40 Jahre OV Nürnberg-Nord;DB25ONN;01.04.18;31.03.19;B25
40B26;40 Jahre OV Forchheim B26;DL0FO;01.03.06;30.11.06;B26
40B28;40 Jahre OV Lichtenfels (B28);DL0CY;01.07.08;31.12.08;B28
40B28;40 Jahre OV Lichtenfels (B28);DK0LI;01.07.08;31.12.08;B28
40B32;40 Jahre OV Pegnitz B32;DF0PW;01.01.18;31.12.18;B32
40B33;40 Jahre OV Eckental 1979-2019;DF0EC;01.01.19;31.12.19;B33
40B37;40 Jahre OV Haßberge B37;DL0UC;01.01.20;31.12.20;B37
40BAL;Beginn der AFU-Ausbildung in Ballenstedt;DK0GYB;01.05.04;31.05.04;W33
40BER;40 Jahre OV Bernau;DL0AZE;01.05.97;15.05.97;Y14
40BER;40 Jahre OV Bernau;DA0BER;04.05.97;10.05.97;Y14
40BER;40 Jahre OV Bernau;DA0BER;01.09.97;30.09.97;Y14
40BG;40 Jahre OV  G 19;DF0BG;06.05.00;21.05.00;G19
40BG;40 Jahre OV  G 19;DF0BG;18.08.00;03.09.00;G19
40BN;40 jähriges Bestehen der Contestgruppe DK0BN;DK0BN;01.01.12;31.12.12;K15
40C13;40 Jahre OV München-West C13;DL0MW;01.10.06;31.12.06;C13
40C13;40 Jahre OV München-West C13;DL0MCH;01.10.06;31.12.06;C13
40C26;40 Jahre OV-Eching (C26);DK40ECH;01.01.14;31.12.14;C26
40CAS;40-jähriges Bestehen des OV Castrop-Rauseel;DL0CL;01.10.97;31.10.97;O22
40CCC;40. Jahrestag des Chaos Computer Clubs;DN0CCC;12.07.21;12.10.21;D23
40CCC;40. Jahrestag des Chaos Computer Clubs;DK0CCC;12.07.21;12.10.21;D23
40CHE;40 Jahre OV Chemnitz;DF0CHE;01.10.01;31.10.01;S54
40CNP;40. Jahrestag Tschernobyl Reaktorkatastrophe;DQ40CNP;12.06.26;12.07.26;R04
40D13;40 Jahre OV Delta 13;DL0D;01.07.16;31.12.16;D13
40D13;40 Jahre OV Delta 13;DA0MVB;01.07.16;31.12.16;D13
40D13;40 Jahre OV Delta 13;DB0MVB;01.07.16;31.12.16;D13
40D13;40 Jahre OV Delta 13;DL0MVB;01.07.16;31.12.16;D13
40D13;40 Jahre OV Delta 13;DO0MVB;01.07.16;31.12.16;D13
40DAM;40 Jahre Dortmunder Amateurfunkmarkt;DL0DO;01.11.10;31.01.11;O05
40DAUN;40 Jahre Garnisionsstandort Daun;DF0DA;14.06.97;20.06.97;K34
40DNAI;40 Jahre Museumsschiff Cap San Diego;DL0MFH;01.01.26;31.12.26;E07
40DREI;40 Jahre OV Dreieich;DL0PP;10.06.04;09.07.04;F29
40E09;40 Jahre OV Ahrensburg-Großhansdorf;DA0QS;01.12.05;31.12.05;E09
40E09;40 Jahre OV Ahrensburg-Großhansdorf;DL0AS;01.12.05;31.12.05;E09
40E12;40 Jahre OV Norderstedt (E12);DL0NO;01.03.08;31.12.08;E12
40E13;40 Jahre OV Hamburg-Alstertal (E13);DL0AT;01.02.09;31.12.09;E13
40E13;40 Jahre OV Hamburg-Alstertal (E13);DK0HAT;01.02.09;31.12.09;E13
40E15;40 Jahre OV Pinneberg (E15);DK0PI;01.03.10;31.10.10;E15
40E16;40 Jahre OV Hamburg-Nord-West (E16);DK0NW;01.05.13;30.04.14;E16
40E18;40 Jahre OV-Hamburg-Bergedorf (E18);DF0DC;01.01.14;31.12.14;E18
40E19;40jähriges Bestehen des OV E19;DL0BUX;01.01.16;31.12.16;E19
40E20;40 Jahre OV Insel Helgoland;DL0IH;01.02.17;31.01.18;E20
40E23;40 Jahre OV Trave E23;DL0TO;01.07.17;30.06.18;E23
40E25;40 Jahre OV Bargteheide;DL0HY;01.01.18;31.12.18;E25
40E27;40 Jahre OV E27;DK0IK;01.01.19;31.12.19;E27
40E28;40 Jahre OV E28 "Hammonia";DR19SID;02.03.19;31.12.19;E28
40E28;40 Jahre des Ortsverbandes Hammonia;DR2C;17.11.19;31.01.20;E28
40E33;40 jähriges Jubiläum des OV-E33;DA0KOL;01.08.25;31.01.26;E33
40E33; 		40 jähriges Jubiläum des OV-E33;DL7A;01.08.25;31.01.26;E33
40E33; 		40 jähriges Jubiläum des OV-E33;DL0HWL;01.08.25;31.01.26;E33
40ED;40 Jahre OV  C 25;DK0ED;01.06.98;30.06.98;C25
40EDO;40 Jahre Eisenbahn-Funkamateure Ortsgruppe Dortmund;DL0DC;01.11.03;30.11.03;O52
40ELB;40 Jahre Afu in W09;DL0ELB;01.09.02;30.09.02;W09
40EMC;40 Jahre EMC-Aktivitäten;DF0KA;01.04.97;30.04.97;G26
40EMC;40 Jahre EMC-Aktivitäten;DA0EMC;01.04.97;30.04.97;G26
40ET;40 Jahre OV Ettlingen A 24;DL0ET;01.09.98;30.09.98;A24
40F37;40 Jahre Ortsverband Rheingau (F37);DK0RG;01.10.09;30.09.10;F37
40F38;40 Jahre OV Seligenstadt (F38);DK0RA;01.01.10;31.12.10;F38
40F39;40 Jahre OV Ober-Ramstadt (F39);DK0MM;01.05.12;30.10.12;F39
40F43;40 Jahre OV Eschborn (F43);DL0EJ;20.01.13;31.12.13;F43
40F43;40 Jahre OV Eschborn (F43);DB0EJ;20.01.13;31.12.13;F43
40F47;40 Jahre OV Korbach F47;DK0IN;01.01.15;31.12.15;F47
40F47;40 Jahre OV Korbach F47;DK0B;01.03.15;29.02.16;F47
40F51;40 Jahre DOK F51;DK0AJ;01.04.16;31.03.17;F51
40F66;40 Jahre DARC OV Weiterstadt F66;DK0FX;01.05.21;31.10.21;F66
40FIW;40 Jahre Afu in Finsterwalde;DK0FIW;01.09.02;30.09.02;Y38
40FMC;40 Jahre The Friends of S.F.B. Morse Club;DL0FMC;01.01.16;31.12.16;O03
40FT;40 Jahre VFDB-BV/OV FFM;DL0FT;01.01.98;31.01.98;Z05
40G29;40 Jahre OV Kerpen (G29);DK0KK;01.06.11;31.12.11;G29
40G37;40 Jahre OV Wesseling 1977-2017;DK0PN;01.01.17;31.12.17;G37
40G38;40 Jahre OV Wegberg;DK0HW;01.04.18;31.03.19;G38
40G40;40 Jahre OV-Pulheim;DL40PUL;01.01.20;31.12.20;G40
40GA;Aktivitätswochen;DL0SGN;24.10.03;24.11.03;H60
40GA;Aktivitätstage;DL0SGN;24.10.03;23.11.03;H60
40GA;Aktivitätswochen;DK0LEN;24.10.03;24.11.03;H60
40GAN;Domfestspiele in Bad Gandersheim;DK0GS;01.07.98;30.07.98;H22
40GH;40 Jahre Großgemeinde Hiddenhausen;DF0GH;01.02.09;31.12.09;N48
40GHH;40 Jahre "Großer Holzhammer";DK0HH;02.03.13;01.04.13;G22
40GSH;40 Jahre Steinbergrelais;DK0GV;01.10.10;31.10.10;H09
40H39;40 Jahre OV Marienburg (H39);DK0MB;23.06.13;22.06.14;H39
40H39;40 Jahre OV Marienburg (H39);DK0OM;23.06.13;22.06.14;H39
40H39;40 Jahre OV Marienburg (H39);DK0SOM;23.06.13;22.06.14;H39
40H39;40 Jahre OV Marienburg (H39);DL0GHI;23.06.13;22.06.14;H39
40H39;40 Jahre OV Marienburg (H39);DL0SZP;23.06.13;22.06.14;H39
40H39;40 Jahre OV Marienburg (H39);DF0FFR;23.06.13;22.06.14;H39
40H46;40 Jahre OV Braunschweig-Okeraue H46;DK0CD;01.02.17;31.01.18;H46
40H46;40 Jahre OV Braunschweig-Okeraue H46;DL0IU;01.02.17;31.01.18;H46
40H57;40 Jahre OV Rinteln;DR40RIN;03.03.23;13.02.24;H57
40HBS;40 Jahre OV  W 02;DL0HBS;03.05.99;30.05.99;W02
40HE;40 Jahre OV Helmstedt;DL0KP;01.10.00;31.10.00;H30
40HEB;40 Jahre OV B12 Hersbruck;DB40HEB;01.01.16;31.12.16;B12
40HER;40 Jahre OV Herrenberg;DL0HCG;15.12.97;11.01.98;P18
40HERT;40 Jahre OV Herten;DK0HN;01.05.97;31.05.97;N20
40HERT;40 Jahre OV  N 26;DK0HN;01.11.97;30.11.97;N26
40HR;40 Jahre Ham Radio;DL0IBO;01.01.15;31.12.15;P03
40HR;40 Jahre Ham Radio;DK0FN;01.01.15;31.12.15;P03
40HWB;40. Hörerwettbewerb;DF0UM;15.03.10;11.04.10;Y16
40I23;40 Jahre OV Teufelsmoor (I23);DF0TM;01.01.09;31.12.09;I23
40I33;40 Jahre OV Nordhorn;DL0NY;01.07.17;31.12.17;I33
40I36;40 Jahre OV Bremervörde;DL0BRV;01.03.18;28.02.19;I36
40I40;40 Jahre OV-Sulingen;DL0SUL;01.02.20;31.07.20;I40
40I45;40 Jahre OV Worpswede;DL0CT;01.08.24;31.10.24;I45
40I47;40 Jahre OV Altkreis Wittlage;DL0WTL;01.01.21;31.12.21;I47
40I51;40 Jahre OV Petersdorf I51;DF0PDF;01.08.26;31.12.26;I51
40I53;40 Jahre Ortsverband I53 Huchting;DK0HB;01.10.26;31.12.26;I53
40JES;Rundspruchstation;DL0SAX;01.05.02;30.06.02;S36
40JW;Aktivitätswochen im Don Bosco Haus;DK0JW;10.05.03;31.05.03;A18
40JZO;40 Jahre Dörenberg-Relais DB0ZO;DL0SZS;06.10.11;05.10.12;I37
40K27;40 Jahre OV Frankenthal (K27);DL0RSF;01.02.12;31.12.12;K27
40K27;40 Jahre OV Frankenthal (K27);DK0FP;01.02.12;31.12.12;K27
40K27;40 Jahre OV Frankenthal (K27);DD0JVA;01.02.12;31.12.12;K27
40K30;40 Jahre OV K 30 Linzer Höhe;DL0NSW;01.08.15;31.08.15;K30
40K35;40 Jahre OV K35 Schwarzbachtal;DF0OV;01.01.17;31.12.17;K35
40K45;40 Jahre OV Cochem K45;DN0EMH;01.11.22;30.04.23;K45
40K45;40 Jahre OV Cochem K45;DF0COC;01.11.22;30.04.23;K45
40K45;40 Jahre OV Cochem K45;DK0MOS;01.11.22;30.04.23;K45
40K47;40 jähriges Bestehen des OV K47;DF0MY;01.05.22;31.01.23;K47
40KBL;40. Internationaler Kyffhäuser Berglauf;DL0KYF;09.04.18;06.05.18;X01
40KIRN;40 Jahre OV Kirn/Nahe;DL0KJ;01.04.03;30.04.03;K19
40KS;40 Jahre OV Kassel des VFDB;DL0VK;22.10.99;20.11.99;Z25
40KTL;40 Jahre Stadt Kraichtal;DK0KG;01.09.11;31.08.12;A22
40KWCS;40 Jahre Kurzwellenclub Schwalmtal e.V.;DK0KWS;01.10.20;31.10.20;R34
40KWW;40 Jahre Steinkohlekraftwerk Wilhelmshaven;DK0FRI;23.09.16;07.10.16;I49
40L06;40 Jahre OV Goch (L06);DL0GC;01.01.10;31.12.10;L06
40L11;40 Jahre OV L11;DL0HDB;01.01.18;31.12.18;L11
40L12;40 Jahre OV Xanten;DK0XT;01.01.20;31.12.20;L12
40L16;40 Jahre OV L16 Duisburg Huckingen;DL1640Y;07.05.22;06.05.23;L16
40LEHR;Aktivitätswochen;DK0AX;01.09.01;30.09.01;H32
40M32;40 Jahre M32;DF0OE;01.01.23;31.12.23;M32
40MAILAND;40 Jahre Städtepartnerschaft Frankfurt/M-Mailand;DL0PSK;01.06.10;31.12.10;Z60
40MAUS;40 Jahre Sendung mit der Maus;DK0WR;01.04.11;31.03.12;G50
40MRMA;40 Jahre Städtepartnerschaft Marburg/Maribor;DL0UM;01.04.09;31.03.10;F15
40MUE;40 Jahre Clubstation Mühlberg/Elbe;DL0MUE;15.01.13;14.01.14;Y43
40MV;40 Jahre "Märkisches Viertel";DL0MVB;01.10.04;31.12.04;D13
40MV;40 Jahre "Märkisches Viertel";DO0MVB;01.10.04;31.12.04;D13
40MV;40 Jahre "Märkisches Viertel";DB0MVB;01.10.04;31.12.04;D13
40MV;40 Jahre "Märkisches Viertel";DA0MVB;01.10.04;31.12.04;D13
40MV;Aktivitätswochen;DA0MVB;01.07.05;30.09.05;D13
40MV;Aktivitätswochen;DB0MVB;01.07.05;30.09.05;D13
40MV;Aktivitätswochen;DO0MVB;01.07.05;30.09.05;D13
40MV;Aktivitätswochen;DL0MVB;01.07.05;30.09.05;D13
40N33;40 Jahre OV Greven-Emsdetten (N33);DL0UW;01.01.11;31.12.11;N33
40N34;40 Jahre OV Ahlen (N34);DK0EP;01.12.12;30.11.13;N34
40N34;40 Jahre OV Ahlen (N34);DK40AHLEN;01.12.12;30.11.13;N34
40NEA;40 Jahre OV Neandertal;DL0PKL;01.04.03;30.04.03;R09
40NETTE;40 Jahre Nettetal;DK0NL;01.05.10;31.12.10;R27
40NFL;Aktivitätsmonat;DK0NFL;01.08.00;31.08.00;Y33
40NID;40 Jahre OV Niedderau;DL0YY;01.04.05;31.12.05;F31
40NRKO;40 Jahre Städtpartnerschaft Norwich Koblenz;DK0MR;01.05.18;31.12.18;K32
40NRKO;40 Jahre Städtpartnerschaft Norwich Koblenz;DA3M;01.05.18;31.12.18;K36
40NRKO;40 Jahre Städtpartnerschaft Norwich Koblenz;DF0KO;01.05.18;31.12.18;Z11
40NRKO;40 Jahre Städtpartnerschaft Norwich Koblenz;DL0KO;01.05.18;31.12.18;Z11
40NRKO;40 Jahre Städtpartnerschaft Norwich Koblenz;DL0KOB;01.05.18;31.12.18;Z11
40O37;40 Jahre OV O37 Erwitte;DL40RCE;01.01.16;31.12.16;O37
40O38;40 Jahre OV Herne;DL0GY;01.03.18;28.02.19;O38
40O43;40 Jahre O43;DK0BIG;01.06.20;31.05.21;O43
40O47;40-jähriges OV Jubiläum Bergkamen O47;DF40BGK;01.01.22;31.12.22;O47
40O49;40 Jahre DARC-Ortsverband Werl;DK0YA;01.05.22;31.10.22;049
40O49;40 Jahre DARC-Ortsverband Werl;DA0DX;01.05.22;31.10.22;049
40OBF;40 Jahre OV Oberweißbach / Thür.;DK0FAF;01.09.04;30.09.04;X38
40OBF;40 Jahre OV Oberweißbach / Thür.;DK0RFF;01.09.04;30.09.04;X38
40OBF;40 Jahre OV Oberweißbach / Thür.;DL0OBW;01.09.04;30.09.04;X38
40OLB;40 Jahre Amateurfunk in Olbernhau krs. Marienberg;DL0OLB;01.05.05;31.05.05;S49
40OLB;40 Jahre Amateurfunk in Olbernhau krs. Marienberg;DL0GYM;01.05.05;31.05.05;S49
40OVA;40 Jahre OV Augsburg;DL0FFP;20.05.00;19.06.00;Z30
40OVG;40 Jahre OV  F 04;DL0OG;01.03.98;31.03.98;F04
40OVG;40 Jahre OV  F 04;DB0OG;01.03.98;31.03.98;F04
40OVW;40 Jahre OV  C 30;DK0WL;01.06.01;30.06.01;C30
40P24;40 Jahre OV Leonberg (P24);DF0LEO;01.08.10;31.12.10;P24
40P24;40 Jahre OV Leonberg (P24);DK0LO;01.08.10;31.12.10;P24
40P24;40 Jahre OV Leonberg (P24);DM5N;01.08.10;31.12.10;P24
40P32;40 Jahre OV Nordschwarzwald P32;DL0LL;01.01.07;30.06.07;P32
40P35;40 Jahre OV Kirchheim (P35);DK0AZ;01.01.11;31.12.11;P35
40P38;40 Jahre OV Geislingen (P38);DK0GI;01.01.14;31.12.14;P38
40P43;40 jähriges Bestehen des OV P43 Donau-Bussen;DF0DO;01.01.18;31.12.18;P43
40P51;40 Jahre Gründung DARC OV P51;DF0SX;01.10.23;31.10.23;P51
40PAS;40 Jahre OV Passau;DA0PAS;04.07.97;03.08.97;U11
40PAS;40 Jahre OV Passau;DL0PF;09.08.97;07.09.97;U11
40PAS;40 Jahre OV Passau;DA0PAS;13.09.97;12.10.97;U11
40PAS;40 Jahre OV Passau;DL0PF;01.12.97;31.12.97;U11
40Q09;40 Jahre OV Saarlouis (Q09);DK0RKS;01.01.12;31.12.12;Q09
40Q09;40 Jahre OV Saarlouis (Q09);DL0SLS;01.01.12;31.12.12;Q09
40Q11;40 Jahre OV Süd Saar (Q11);DL0EW;01.01.14;31.12.14;Q11
40Q12;40 Jahre OV Beckingen (Q12);DK0OJ;01.01.14;31.12.14;Q12
40Q17;40 Jahre Ortsverband Blieskastel Q17;DL0BLK;01.01.21;31.12.21;Q17
40R17;40 Jahre OV R17 Willich;DF0RW;01.04.20;31.12.20;R17
40R24;40 Jahre OV Haan;DK0HAN;01.01.17;31.12.17;R24
40R24;40 Jahre OV Haan;DL0CPM;01.01.17;31.12.17;R24
40R24;40 Jahre bestehen des OVs R24 - OV Haan;DN0UKW;01.01.17;31.12.17;R24
40RB;40 Jahre Amateurfunkgruppen Robert Bosch;DK40BOSCH;01.01.14;31.12.14;P52
40REK;40 Jahre Rhein-Erft-Kreis;DK40REK;14.05.15;31.07.15;G29
40RHH;40 Jahre Residenz Humboldthöhe;DK0VR;15.06.13;30.06.13;K43
40RIG;40 Jahre DB0RIG;DL40RIG;01.10.26;31.12.26;P35
40ROW;40 Jahre OV  I 19;DF0LU;15.08.98;14.09.98;I19
40SDXC;40 Jahre Stiftland-DX-Club;DF0XC;08.05.11;07.05.12;B03
40SHA;40 Jahre OV  P 20;DK0SH;30.08.97;29.09.97;P20
40SKG;40 Jahre OV Stapelholm - Kropper Geest;DK0SL;01.11.16;01.11.16;M28
40SO;40 Jahre OV  O 17;DK0IA;01.10.98;31.10.98;O17
40SO;40 Jahre OV  O17;DK0IA;01.10.98;31.10.98;O17
40SPY;40 Jahre OV Speyer;DA0SPY;01.11.01;30.11.01;K17
40SPY;40 Jahre OV Speyer;DK0SP;01.11.01;30.11.01;K17
40STO;40 Jahre Funkgruppe Stolpen / Sachsen;DL0STO;01.08.01;31.08.01;S26
40SX;40 Jahre Relaisfunkstelle DB0SX;DL0JS;01.11.16;31.12.16;D05
40T14;40 Jahre OV Marktoberdorf (T14);DL0MO;01.06.07;31.05.08;T14
40T18;40 Jahre OV Donauried;DL40DRI;15.05.15;14.05.16;T18
40T19;40 Jahre OV Friedberg T19;DM8T;01.07.18;30.06.19;T19
40TGM;40 Jahre OV Tangermünde;DL0TGM;08.09.01;06.10.01;W04
40U21;40 Jahre OV U21 (Parsberg);DL0PAR;01.01.17;31.12.17;U21
40UBAHN;40 Jahre Stadtbahn in Frankfurt am Main;DL0HSF;01.03.08;31.12.08;F05
40UEM;Aktivitätswochen;DL0UEM;15.09.03;30.09.03;V25
40UKW;40 Jahre UKW-Tagung in Weinheim;DF0UKW;01.01.95;31.12.95;A20
40UKW;40 Jahre UKW-Tagung in Weinheim;DL0VHF;01.01.95;31.12.95;A20
40UKW;40 Jahre UKW Tagung in Weinheim;DL0WH;01.01.95;31.12.95;A20
40VEL;40 Jahre Stadtrechte Vellmar;DL0VEL;24.08.15;31.12.15;F73
40WAMU;40 Jahre Waagenmuseum in Oschatz;DC0TO;01.01.22;31.03.22;Z91
40WMK;40 Jahre Werra Meissner Kreis;DK0FW;01.01.14;31.12.14;F28
40X14;40 Jahre OV Obereichsfeld/Worbis (X14);DF0WBS;01.12.06;31.12.06;X14
40YLH;40 Jahre YLs im Distrikt H;DF40YLH;01.04.15;31.03.16;H18
40YLM;40 Jahre YL-Beauftragte / Referentin;DL0YLM;01.11.15;31.10.16;M
40Z60;40-jähriges Bestehen des OV Coesfeld Z60;DK0Z;01.10.18;31.10.18;Z60
40ZWI;40 Jahre OV  S60;DL0ZWI;01.06.03;30.06.03;S60
41DAM;41 Jahre Dortmunder Amateurfunkmarkt;DL0DO;01.11.11;31.01.12;O05
425FT;425 Jahre Stadtrechte in Frankenthal;DL0RSF;01.10.02;31.10.02;K27
425FT;425 Hagre Stadtrechte in Frankenthal;DK0FP;01.10.02;31.10.02;K27
425FT;425 Jahre Stadtrechte in Frankenthal;DF0KG;01.10.02;31.10.02;K27
42DAM;42. Dortmunder Amateurfunkmarkt;DL0DO;15.11.12;14.12.12;O05
43DAM;43. Dortmunder Amateurfunkmarkt;DL0DO;15.11.13;14.12.13;O05
44AHR;Field-Day und Sommerfest in Ahrweiler;DK0JA;01.06.97;30.06.97;K01
44DAM;44. Dortmunder Amateurfunkmarkt;DL0DO;15.11.14;15.12.14;O05
44F29;44 Jahre OV Dreieich (F29);DL0PP;01.05.08;31.12.08;F29
44FK;44. Int. Kongress der Eisenbahn-Funkamateure;DQ44FIRAC;01.09.05;30.09.05;Q12
44I21;44 Jahre OV Grafschaft Bentheim (I21);DL0ZZ;12.01.09;31.12.09;I21
44N44;44 Jahre OV N44;DP44N44T;01.01.22;31.12.22;N44
44OVG;44 Jahre OV Grömitz;DB0NFC;01.10.03;31.10.03;M10
44OVG;44 Jahre OV Grömitz;DC0LFF;01.10.03;31.10.03;M10
44OVG;44 Jahre OV Grömitz;DL0OVG;01.10.03;31.10.03;M10
44VQ;44 Jahre Relais DB0VQ auf der Jugendherberge in Bad Bentheim;DL0ZZ;10.03.19;31.12.19;I21
44WCA;Portabel-Aktivitäten von Burgen/Schlössern und WWFF-Gebieten;DP44WCA;18.04.21;17.04.22;U23
44WCA;WCA u. WWFF-Aktivitäten;DQ44WCA;20.04.22;19.04.23;U23
450SBM;Festwoche Schlacht bei Mühlberg;DA0SBM;01.04.97;30.04.97;Y31
450TP;450 Jahre Treptow;DL0ABT;01.09.18;30.09.18;D25
45AE;45 Jahre Amateurfunk in Auerbach / Vogtland;DL0VLA;01.11.03;30.11.03;S56
45DAM;45. Dortmunder Amateurfunkmarkt;DL0DO;15.11.15;13.12.15;O05
45EDO;45 Jahre Eisenbahn-Funkamateure Ortsgruppe Dortmund;DL0DC;01.04.08;31.12.08;O41
45F29;45 Jahre OV Dreieich (F29);DL0PP;01.05.09;31.12.09;F29
45G37;45 Jahre OV Wesseling G37;DK0PN;01.01.22;31.12.22;G37
45GIF;Aktivitätswochen des OV;DF0GIF;01.06.03;30.06.03;H08
45I21;45 Jahre OV Bad Bentheim (I21);DL0ZZ;20.04.10;31.12.10;I21
45L06;45 Jahre OV Goch L06;DL0GC;01.02.15;31.12.15;L06
45LZ;45 Jahre OV Schmelz;DL0LZ;01.03.04;31.03.04;Q06
45MTK;45 Jahre OV  F27;DL0TS;01.09.05;31.10.05;F27
45MTK;45 Jahre OV  F27;DL0MTK;01.09.05;31.10.05;F27
45RCO;45 Jahre Funksport in Oberweißbach;DK0RFF;01.05.09;31.12.09;X38
45RCO;45 Jahre Funksport in Oberweißbach;DK0FAF;01.05.09;31.12.09;X38
45RCO;45 Jahre Funksport in Oberweißbach;DL0OBW;01.05.09;31.12.09;X38
45STO;45 Jahre Amateurfunk in Stolpen;DL0STO;01.08.06;30.09.06;S26
45UEM;45. Haff-Tage Ückermünde;DL0UEM;01.07.08;31.07.08;V25
45UEM;45. Haff-Tage Ückermünde;DL0UEM;01.09.08;31.10.08;V25
45WBS;45 Jahre Amateurfunk in Obereichsfeld/Worbis (X14);DF0WBS;18.11.10;31.12.10;X14
45WBS;45 Jahre Amateurfunk in Obereichsfeld/Worbis (X14);DL0GME;18.11.10;31.12.10;X14
45WBS;45 Jahre Amateurfunk in Obereichsfeld/Worbis (X14);DA0SL;18.11.10;31.12.10;X14
45ZWI;45 Jahre OV Zwickau (S60);DK0JRS;01.06.08;31.12.08;S60
45ZWI;45 Jahre OV Zwickau (S60);DL0ZWI;01.06.08;31.12.08;S60
46DAM;46. Dortmunder Amateurfunkmarkt;DL0DO;15.11.16;14.12.16;O05
46F29;46 Jahre OV Dreieich (F29);DL0PP;01.05.10;31.12.10;F29
475SBB;475 Jahre Stadt Scheibenberg;DA0SBB;24.07.97;25.08.97;S45
47DAM;47. Dortmunder Amateurfunkmarkt (02.12.2017);DL0DO;15.11.17;13.12.17;O05
48DAM;48. Dortmunder Amateurfunkmarkt;DL0DO;02.12.18;16.12.18;O05
4EUFOX;Grenzüberschr. Afu-Peilwettbewerb zw. DL + OK anläßl. der EU-Erweiterung;DA0RDF;01.04.04;30.04.04;B25
4FSW;4. Fortbildungs-Seminar Württemberg;DK0FSW;04.02.15;03.05.15;P57
4JUIST;Int. Lighthouseday Nordeeinsel Juist;DL0PBS;20.08.04;22.08.04;I57
4SBHKT;4. Sächsischer Bergmanns-, Hütten-, und Knappentag;DK0ERZ;01.06.12;30.09.12;S49
500BR;500 Jahre Bay. Reinheitsgebot für Bier;DG500BIER;01.01.16;31.12.16;B25
500BS; 		500 Jahre Bauernschlacht;DM500BS;14.05.25;31.10.25;X01
500DOM;500 Jahre Magdeburger Dom;DA0DOM;01.01.20;31.12.20;W05
500DRG;500 Jahre Deutsches Reinheitsgebot;DL0NEU;01.01.16;31.12.16;T08
500DRG;500 Jahre Deutsches Reinheitsgebot;DL0IR;01.01.16;31.12.16;T08
500DRG;500 Jahre Deutsches Reinheitsgebot;DL1516BIER;16.02.16;31.12.16;T08
500FR;Memmingen 500 Jahre Stadt der Freiheitsrechte;DM500FR;01.01.25;31.12.25;T07
500HOT;500 Jahre Stadt Hohenstein;DL0HOT;01.06.10;30.06.10;S58
500KÄT;500 Jahre Annaberger KÄT (ältestes Volksfest seiner Art in Sachsen);DL0ANA;01.05.20;31.07.20;S48
500KHZ;100 Jahre Funkverwaltungskonferenz Berlin;DL500KHZ;03.11.06;05.11.06;E13
500KORN;500 Jahre Brenntradition in Nordhausen;DF0NDH;01.03.07;31.12.07;X07
500KW;500KW aus dem Allgäu - DW-Radiogeschichte Sendestelle Wertachtal;DL0SF;01.06.24;28.02.25;T12
500LP;500-ster Jahrestag des Landgrafs;DL0MRB;01.09.04;31.12.04;F15
500LR;500 Jahre Reformation Martin Luthers;DR500MLE;01.01.17;31.12.17;W26
500ML;500-Jahre Reformation in Deutschland;DL500ML;01.01.17;31.12.17;F34
500MLU;500 Jahre Martin Luther Uni Halle-Wittenberg;DL0MLU;31.10.01;30.11.01;W35
500MLU;500 Jahre MLU;DL0MLU;01.10.02;31.10.02;W35
500RAT;500 Jahre Rathaus Alsfeld;DL0VBK;01.02.12;31.12.12;F55
500RAT;500 Jahre Rathaus Alsfeld;DK0HC;01.02.12;31.12.12;F55
500RLW;500 Jahre Reformation;DR1517LU;01.01.17;31.12.17;W29
500VFO;500 Jahre Viadrina Universität Frankfurt (Oder);DA0FO;26.04.06;31.12.06;Y22
500Z;500-ste Z-Runde;DK0DBP;01.09.02;30.09.02;Z60
500Z;500-ste Z-Runde auf 160m;DA0DBP;01.05.07;30.06.07;Z60
500Z;500-ste Z-Runde auf 160m;DK0DBP;01.05.07;30.06.07;Z60
50A01;50 Jahre OV  A01;DL0KB;01.09.05;30.11.05;A01
50A16;50 Jahre OV Emmendingen A16;DK0EM;01.01.06;31.12.06;A16
50A18;50 Jahre OV Furtwangen A18;DL0FIS;06.05.06;31.12.06;A18
50A19;50 Jahre OV Odenwald (A19);DF0OW;01.04.07;31.08.08;A19
50A19;50 Jahre OV Odenwald (A19);DK0OZ;01.04.07;31.08.08;A19
50A21;50 Jahre OV Hochschwarzwald (A21);DL0PI;01.01.07;31.12.07;A21
50A22;50 Jahre OV Kraichgau (A22);DK0KG;01.01.08;31.12.08;A22
50A23;50 Jahre OV A23 Alte Grafschaft Wertheim;DK0TT;01.02.22;31.12.22;A23
50A25;50 Jahre Ortsverband Singen (A25);DK0SV;08.06.09;30.11.09;A25
50A33;50 Jahre OV Kaiserstuhl A33;DL0KG;01.03.20;30.11.20;A33
50A37; 		50 Jahre OV Wiesental;DK0DG;18.04.25;31.12.25;A37
50A39;50 Jahre OV Wiesloch-Walldorf;DA0WW;01.01.27;31.12.27;A39
50AB;50 Jahre OV Aschaffenburg;DL0AB;01.05.00;30.05.00;B04
50AD;50 Jahre Bakensender DB0AD;DB1976AD;01.08.26;31.12.26;G13
50ADDX;50 Jahre Assoziation Deutschsprachiger DXer e.V. - ADDX;DF0AD;01.09.17;30.09.17;O22
50AFG;50 Jahre Amateurfunk in Güstrow;DL0SWG;01.07.06;30.09.06;V15
50AFL;Erteilung der ersten Afu-Genehmigungen in Leipzig vor 50 Jahren;DF0LMM;01.07.03;31.07.03;S30
50AFU;50. Jahrestag der 1. AFU-VO in der DDR;DL0BRA;19.02.03;18.03.03;Y43
50AFZ;50 Jahre AFZ;DB50AFZ;01.01.22;31.12.22;
50AFZ;50 Jahre AFZ;DL0AFZ;01.01.22;31.12.22;
50AFZ;50 Jahre AFZ;DF0AFZ;01.01.22;31.12.22;
50AL;50 Jahre OV Altena;DK0AL;01.11.03;30.11.03;O01
50ALF;50 Jahre OV  H 01;DK0OA;21.06.97;20.07.97;H01
50AM;50 Jahre Ortsverband Amberg;DL0AO;05.07.03;04.08.03;U01
50ANT;50 Jahre Deutsche Antarktisforschung;DP50ANT;01.02.26;01.05.26;S44
50ANT;50 Jahre Deutsche Antarktisforschung;DA0ANT;01.02.26;01.05.26;S44
50ANT;50 Jahre Deutsche Antarktisforschung;DM50ANT;01.02.26;01.05.26;S44
50APAS;50 Jahre Amateurfunk in Plau am See;DL0PAS;16.08.13;15.09.13;V18
50AVA;50 Jahre Jumelage Cochem-Avallon;DF0COC;01.04.16;31.12.16;K45
50AVA;50 Jahre Jumelage Cochem-Avallon;DK0MOS;01.04.16;31.12.16;K45
50AVA;50 Jahre Jumelage Cochem-Avallon;DN0EMH;01.04.16;31.12.16;K45
50B07;50 Jahre OV Kulmbach;DP6K;01.02.26;31.12.26;B07
50B07;50 Jahre OV Kulmbach;DF0KU;01.02.26;31.12.26;B07
50B07;50 Jahre OV Kulmbach;DK0MGF;01.02.26;31.12.26;B07
50B07;50 Jahre OV Kulmbach;DK0CU;01.02.26;31.12.26;B07
50B12;50 Jahre B12 Hersbruck;DA50HEB;01.06.26;31.12.26;B12
50B19;50 Jahre OV Coburg B19;DL0CG;01.07.06;31.12.06;B19
50B20;50 Jahre OV Weißenburg (B20);DL0WG;01.01.08;31.12.08;B20
50B21;50 Jahre OV Kronach (B21);DL0KC;01.08.09;30.11.09;B21
50B23;50 Jahre OV Naila B23;DL0ON;01.03.14;31.12.14;B23
50B23;50 Jahre OV Naila B23;DK0NA;01.03.14;31.12.14;B23
50B24;50 Jahre OV Miltenberg B24;DF0MI;01.01.15;31.12.15;B24
50B26;50 Jahre OV Forchheim (B26);DB0QV;01.01.16;31.12.16;B26
50B26;50 Jahre OV Forchheim (B26);DL0FO;01.01.16;31.12.16;B26
50B28;50 Jahre OV Lichtenfels;DK0LI;01.07.18;31.12.18;B28
50BB;Aktivitäten in Bückeburg;DL0GD;10.09.97;28.09.97;H04
50BBG;50 Jahre OV Bamberg;DL0OB;01.11.00;30.11.00;B05
50BBG;50 Jahre OV Bamberg;DB0DC;01.11.00;30.11.00;B05
50BF;50 Jahre Bayerisches Fernsehen;DL0ABW;05.09.14;19.09.14;B02
50BGK;50 Jahre Bergkamen;DF0VK;01.06.16;30.06.16;O47
50BGS;50 Jahre Botanischer Garten Solingen;DL0SO;01.04.16;30.04.16;R14
50BH;50 Jahre OV Bühl;DK0RV;01.06.02;30.06.02;A04
50BHV;50 Jahre OV  I 05;DK0SN;01.07.98;31.07.98;I05
50BHV;50 Jahre OV I 05;DK0SN;01.12.98;31.12.98;I05
50BI;50 Jahre OV Bielefeld;DF0HU;24.08.97;20.09.97;N01
50BI;50 Jahre OV Bielefeld;DF0MV;24.08.97;20.09.97;N01
50BI;50 Jahre OV Bielefeld;DL0BI;24.08.97;20.09.97;N01
50BK;50 Jahre OV Bad Kreuznach;DA0BK;01.03.00;31.03.00;K04
50BL;50 Jahre OV  A02;DL0BL;28.04.02;26.05.02;A02
50BL;50 Jahre OV  A02;DL0IF;28.04.02;26.05.02;A02
50BL;50 Jahre OV A02;DL0BL;28.04.02;26.05.02;A02
50BL;50 Jahre OV  A02;DL0BL;03.11.02;01.12.02;A02
50BN;50 Jahre Contestgruppe DK0BN;DK050BN;01.01.22;31.12.22;K15
50BO;50 Jahre OV Bochum;DL0BO;01.10.96;31.10.96;O04
50BO;50 Jahre OV Bochum;DA0BO;01.10.96;31.10.96;O04
50BR;50 Jahre OV Brackerode;DL0WAE;01.12.99;31.12.99;N02
50BR;50 Jahre OV Brackerode;DH0DX;01.12.99;31.12.99;N02
50BRI;50 Jahre OV Brilon (O29);DK0BH;01.09.11;31.08.12;O29
50BS;50 Jahre OV Braunschweig H03;DL0IU;01.10.97;31.10.97;H03
50BS;50 Jahre OV Braunschweig H03;DL0BV;01.10.97;31.10.97;H03
50BS;50 Jahre OV Braunschweig H03;DL0BV;01.11.97;30.11.97;H03
50BS;50 Jahre OV Braunschweig H03;DL0IU;01.11.97;30.11.97;H03
50BUND;50 Jahre Bundeswehr;DR50BUND;09.06.05;31.05.06;K34
50BVG;50 Jahre Bundesverfassungsgericht;DL0KHZ;01.06.01;30.06.01;A07
50BVH;50 Jahre OV Bremerhafen, I05;DK0SN;01.07.98;31.07.98;I02
50BW;50 Jahre Bandwacht im Jahr 2022;DL0IMO;01.01.22;31.12.22;
50BW;50 Jahre Bandwacht im Jahr 2022;DR50BAWA;01.01.22;31.12.22;D08
50C04;50 Jahre C04;DK0BM;28.05.15;31.12.15;C04
50C06;50 Jahre Ortsverband Dachau;DL50DAH;01.01.23;31.12.23;C06
50C09;50 Jahre OV München Land (C09);DL0OO;01.01.13;31.12.13;C09
50C27;50 Jahre OV Berchtesgadener Land (C27);DL0FR;01.01.08;31.12.08;C27
50C28;50 Jahre C28;DL0FU;06.02.22;31.12.22;C28
50CE;50 Jahre OV Celle;DL0CN;01.08.97;31.08.97;H05
50CE;50 Jahre OV Celle;DF0XX;01.08.97;31.08.97;H05
50CE;50 Jahre OV Celle;DL0CN;01.12.97;31.12.97;H05
50CE;50 Jahre OV Celle;DF0XX;01.12.97;31.12.97;H05
50DAB;50 Jahre Afu in Dabendorf;DL0DAB;01.09.02;30.09.02;Y34
50DAM;50. Dortmunder AmateurfunkMarkt am 26.11.2022;DL0DO;15.11.22;14.12.22;O05
50DHH;50 Jahre Deister Hill Hoppers - OV Deister (H29);DL0XS;01.01.10;31.12.10;H29
50DIG;Gründung der DIG in Kempen bei R05 vor 50 Jahren;DL0KK;11.02.19;31.01.20;R05
50DMB;50 Jahre Deutscher Marinebund;DL0DMB;01.06.03;30.06.03;G25
50DMS;50 Jahre deutsche Märchenstrasse;DM50DMS;01.08.25;01.09.26;Z25
50DMS;50 Jahre Deutsche Märchenstrasse;DL0VK;01.08.25;01.09.26;Z25
50DN;50 Jahre OV Düren;DK0DN;01.06.99;30.06.99;G04
50DRI;50 Jahre OV Bad Driburg;DL0EG;01.04.01;30.04.01;N05
50DSM;50 Jahre Deutsches Schifffahrtsmuseum und 50 Jahre Clubstation DK0SN;DK0SN;01.05.25;01.11.25;I05
50DT;50 Jahre Distrikt Tango;DR50DTANGO;14.07.12;13.07.13;T09
50DWH;50 Jahre Westfalenhalle;DC0DAM;01.06.02;30.06.02;O05
50DWH;50 Jahre Westfalenhalle;DL0DO;01.06.02;30.06.02;O05
50E05;50 Jahre OV Lüneburg (E05);DQ5E;16.01.08;31.12.08;E05
50E06;50 Jahre OV Sachsenwald (E06);DL0SW;15.01.10;31.12.10;E06
50E08;50 Jahre OV Bad Oldesloe (E08);DF0ASB;30.09.13;27.10.13;E08
50E09;50 Jahre OV E09;DL0AS;01.03.15;31.03.15;E09
50E10;50 Jahre OV E10;DK50WEPO;01.01.16;31.12.16;E10
50E12;50 jähriges Jubiläum Ortsverband E12;DL0NO;16.02.18;15.02.19;E12
50E13;50 Jahre OV E13, Hamburg Alstertal;DK0HAT;01.01.19;31.12.19;E13
50E13;50 Jahre OV E13, Hamburg Alstertal;DL0AT;01.01.19;31.12.19;E13
50E15;Jubiläum des E 15, 50 Jahre E 15;DK0PI;01.03.20;30.11.20;E15
50E17;50 Jahre OV Tostedt E17;DL0TOD;01.06.23;31.12.23;E17
50E19;50-jähriges Bestehen des DOK E19 Buxtehude;DL0BUX;01.09.26;31.12.26;E19
50EFA;50 Jahre Eisenbahnfunkamateure;DB50EFA;01.01.12;31.12.12;S25
50EKO;50 Jahre Elektro-Kombinat-Ost und Eisenhüttenstadt;DL0EKO;01.06.00;30.06.00;Y13
50EMML04;50 Jahre OV Emmerich  L04;DF0KOL;01.05.05;01.07.05;L04
50EMML04;50 Jahre OV Emmerich  L04;DK0RYL;01.05.05;01.07.05;L04
50EMML04;50 Jahre OV Emmerich  L04;DL0DZ;01.05.05;01.07.05;L04
50ERZ;50 Jahre Amateurfunk in der Uhrenstadt Glashütte;DL0ERZ;01.05.09;31.12.09;S14
50ESKILSTUNA;50 Jahre Städtepartnerschaft Erlangen und Eskilstuna;DF0TV;01.03.11;31.12.11;B08
50ESKILSTUNA;50 Jahre Städtepartnerschaft Erlangen und Eskilstuna;DK0ER;01.03.11;31.12.11;B08
50ESKILSTUNA;50 Jahre Städtepartnerschaft Erlangen und Eskilstuna;DL0TZ;01.03.11;31.12.11;B08
50F01;50 Jahre OV Arolsen F01;DL0AH;01.01.16;31.12.16;F01
50F22;50 Jahre OV Idstein (F22);DF0ID;01.05.18;19.04.19;F22
50F26;50 Jahre OV Dillkreis (F26);DK0LDK;01.01.09;31.12.09;F26
50F26;50 Jahre OV Dillkreis (F26);DL0UI;01.01.09;31.12.09;F26
50F27;50 Jahre OV Main-Taunus (F27);DD2D;01.06.10;31.12.10;F27
50F27;50 Jahre OV Main-Taunus (F27);DL0MTK;01.06.10;31.12.10;F27
50F27;50 Jahre OV Main-Taunus (F27);DQ4T;01.06.10;31.12.10;F27
50F27;50 Jahre OV Main-Taunus (F27);DR4A;01.06.10;31.12.10;F27
50F27;50 Jahre OV Main-Taunus (F27);DR1F;01.06.10;31.12.10;F27
50F27;50 Jahre OV Main-Taunus (F27);DR1H;01.06.10;31.12.10;F27
50F28;50 Jahre OV Eschwege (F28);DL0OE;01.01.12;31.12.12;F28
50F28;50 Jahre OV Eschwege (F28);DK0FW;01.01.12;31.12.12;F28
50F29;50 Jahre OV F29 (Dreieich);DL0PP;01.03.14;31.12.14;F29
50F30;50 Jahre OV Heusenstamm F30;DL0OH;01.01.15;31.12.15;F30
50F31;50 Jahre OV Nidderau F31;DL0YY;01.01.15;31.12.15;F31
50F32;50 Jahre OV Hersfeld-Rotenburg;DK0HR;01.02.16;31.12.16;F32
50F32;50 Jahre OV F32 Hersfeld-Rotenburg;DL0XY;20.02.16;28.02.17;F32
50F33;50 Jahre OV Vogelsberg;DK0OVV;20.01.17;19.01.18;F33
50F38;50 Jahre OV Seligenstadt;DK0RA;01.01.20;31.12.20;F38
50F40;50-jähriges Bestehen des OV F40;DK50OVGK;01.01.23;31.12.23;F40
50F43;50jähriges Ortsverbandsjubiläum;DL0EJ;01.01.23;31.12.23;F43
50F43;50jähriges Ortsverbandsjubiläum;DB0EJ;01.01.23;31.12.23;F43
50F46;50 Jahre OV F46;DL0WEL;01.01.25;30.09.25;F46
50F47;50 Jahre OV Korbach F47;DK0B;01.01.25;31.12.25;F47
50F47;50 Jahre OV Korbach F47;DK0IN;01.01.25;31.12.25;F47
50F50;50 Jahre OV F50 Überwald;DL0AJ;01.04.26;31.12.26;F50
50F51;50 Jahre OV Wächtersbach;DK0AJ;01.01.26;31.12.26;F51
50FA;50 Jahre FUNKAMATEUR;DA0JF;01.10.02;31.10.02;D26
50FALK;50 Jahre Falkenbergkirche in Norderstedt;DL0NO;18.06.04;20.06.04;E12
50FEU;50 Jahre OV Feuchtwangen (B22);DF0OF;27.05.11;26.05.12;B22
50FFW;50 Jahre Freiwillige Feuerwehr Kraichtal;DK50FFW;01.05.24;31.10.24;A22
50FIRAC;50 Jahre FIRAC;DB50FIRAC;01.01.14;31.12.14;S25
50FIWA;50 Jahre OV Finsterwalde;DK0FIW;20.02.15;31.12.15;Y38
50FMC;50 Jahre FMC Vereinigung;DL0FMC;01.08.26;31.12.26;G55
50FRA;50 Jahre Elysée-Vertrag mit Frankreich;DL50FRANCE;01.01.13;31.12.13;Q18
50FTKS;50 Jahre Fernmeldeturm Kassel;DL0VK;01.09.26;31.12.26;Z25
50FTL;50 Jahre Amateurfunk in Freital;DL0FTL;13.03.10;31.12.10;S27
50FUB;50 Jahre Frankfurter U-Bahn;DQ3F;01.11.17;31.10.18;F27
50G16;50 Jahre G16 Jülich;DL0VJ;01.02.06;31.12.06;G16
50G20;50 Jahre OV Bergheim/Erft (G20);DL0RG;01.09.10;31.08.11;G20
50G22;50 Jahre OV Gemünd (G22);DK0HH;01.01.14;31.12.14;G22
50G25;50 Jahre OV Siebengebirge;DK0SG;01.04.24;31.12.24;G25
50G26;50 Jahre Ortsverbandes G26;DL0EI;01.04.19;31.03.20;G26
50G26;50 jähriges Bestehen des OV G26 Nordeifel;DL5E;01.04.19;31.03.20;G26
50GDP;50 Jahre Gewerkschaft der Polizei;DL0GDP;01.01.00;31.12.00;
50GE;Aktivitäten im OV;DL0GK;01.04.01;30.04.01;N06
50GFS;Georg-Forster-Station;DM50GFS;01.04.26;31.07.26;J00
50GG;50 Jahre Grundgesetz;DK0JR;01.05.99;31.05.99;D04
50GG;50 Jahre Grundgesetz;DA0GG;01.05.99;31.05.99;D04
50GG;50 Jahre Grundgesetz;DA0GG;01.09.99;30.09.99;D04
50GG;50 Jahre Grundgesetz;DA0GG;01.10.99;31.10.99;D04
50GG;50 Jahre Grundgesetz;DA0GG;01.11.99;30.11.99;D04
50GG;50 Jahre Grundgesetz;DA0GG;01.12.99;31.12.99;D04
50GHH;50 Jahre Holzhammer Verleihung;DQ50GHH;01.10.22;30.11.22;G22
50GI;50 Jahre OV Gießen;DL0GH;01.07.97;31.07.97;F07
50GI;50 Jahre OV Gießen;DL0LHF;01.07.97;31.07.97;F07
50GI;50 Jahre OV Gießen;DL0GH;01.09.97;30.09.97;F07
50GI;50 Jahre OV Gießen;DL0LHF;01.09.97;30.09.97;F07
50GIF;50 Jahre OV Gifhorn;DF0GIF;01.06.97;30.06.97;H08
50GIF;50 Jahre OV Gifhorn;DK0FIH;01.06.97;30.06.97;H08
50GSH;50 Jahre Goslar;DA0GSH;01.08.97;31.08.97;H09
50GSH;50 Jahre OV Goslar   H09;DA0GSH;01.09.97;30.09.97;H09
50GSH;50 Jahre Steinbergrelais DB0GSH;DL0GSH;01.10.20;31.12.20;H09
50GSH;50 Jahre Steinbergrelais DB0GSH;DK0GV;01.10.20;31.12.20;H09
50GVM;50 Jahre Landungsboot Götz von Mannheim;DL0NW;26.08.16;25.08.17;K13
50GZ;50 Jahre OV  T02;DF0GZ;01.10.05;31.12.05;T02
50H28;50 Jahre OV Lüchow-Dannenberg (H28);DB0GLU;28.02.09;31.12.09;H28
50H28;50 Jahre OV Lüchow-Dannenberg (H28);DK0RFT;28.02.09;31.12.09;H28
50H28;50 Jahre OV Lüchow-Dannenberg (H28);DA0D;01.03.09;31.12.09;H28
50H28;50 Jahre OV Lüchow-Dannenberg (H28);DK0LD;01.03.09;31.12.09;H28
50H30;50 Jahre OV Helmstedt (H30);DL0KP;03.03.10;31.12.10;H30
50H33;50 Jahre OV Salzgitter-Lebenstedt (H33);DL0RL;01.01.11;31.12.11;H33
50H34;50 Jahre OV Uslar H34;DF50USLAR;01.01.15;31.12.15;H34
50H35;50 Jahre OV Steinhuder Meer;DK50STM;03.04.18;31.03.19;H35
50H37;50 Jahre OV Wedemark & Burgwedel H37;DK0WUB;15.04.23;14.01.24;H37
50H39;50 Jahre OV Marienburg H39;DK0SOM;01.03.23;29.02.24;H39
50H39;50 Jahre OV Marienburg H39;DL0GHI;01.03.23;29.02.24;H39
50H39;50 Jahre OV Marienburg H39;DK0OM;01.03.23;29.02.24;H39
50H39;50 Jahre OV Marienburg H39;DK0MB;01.03.23;29.02.24;H39
50H39;50 Jahre OV Marienburg H39;DL0IBM;01.03.23;29.02.24;H39
50H39;50 Jahre OV Marienburg H39;DL0SZP;01.03.23;29.02.24;H39
50H39;50 Jahre OV Marienburg H39;DF0AIS;01.03.23;29.02.24;H39
50H41;50 Jahre H41;DL0DUD;01.01.25;31.12.25;H41
50H42;50 Jahre Ortsverband Garbsen H42;DK0AU;01.06.25;30.11.25;H42
50H43;50 Jahre H43;DL50SOL;01.01.26;31.12.26;H43
50HBW;50 Jahre Heilbad Bad Windsheim;DF0NA;01.03.11;31.12.11;B16
50HEU;50 Jahre Calwer Stadtteil Heumaden;DF0DR;01.04.08;31.12.08;A51
50HF;50 Jahre OV Herford;DK0HF;15.08.97;14.09.97;N08
50HF;50 Jahre OV Herford;DK0HF;15.09.97;30.09.97;H08
50HI;50 Jahre OV Hildesheim;DL0HI;01.11.97;30.11.97;H15
50HM;50 Jahre OV Hamburg Z07;DL0HM;08.05.01;07.06.01;Z07
50HOL;50 Jahre OV Holzminden;DL0HOL;19.05.97;31.05.97;H16
50HOL;50 Jahre OV Holzminden;DF0EE;19.05.97;31.05.97;H16
50HOL;50 Jahre OV Holzminden;DL0CAM;19.05.97;31.05.97;H16
50HOL;50 Jahre OV Holzminden;DL0HOL;01.06.97;30.06.97;H16
50HOL;50 Jahre OV Holzminden;DF0EE;01.06.97;30.06.97;H16
50HOL;50 Jahre OV Holzminden;DL0CAM;01.06.97;30.06.97;H16
50HOL;50 Jahre OV Holzminden;DL0HOL;01.07.97;31.07.97;H16
50HOl;50 Jahre OV Holzminden;DL0CAM;01.07.97;31.07.97;H16
50HOL;50 Jahre OV Holzminden;DL0CAM;01.08.97;31.08.97;H16
50HOL;50 Jahre OV Holzminden;DL0HOL;01.08.97;31.08.97;H16
50HOL;50 Jahre OV Holzminden;DF0EE;01.08.97;31.08.97;H16
50HOL;50 Jahre OV Holzminden;DF0EE;08.10.97;07.11.97;H16
50HOL;50 Jahre OV Holzminden;DL0HOL;08.10.97;07.11.97;H16
50HSC;50 Jahre Hochschule Coburg;DL0FHC;01.07.21;31.12.21;B19
50HSK;50 Jahre Hochsauerlandkreis (NRW);DL50HSK;07.04.25;31.12.25;O30
50I17;50 Jahre OV Grafschaft Hoya (I17);DF0HO;01.01.07;31.12.07;I17
50I19;50 Jahre OV Rotenburg (I19);DA0ROW;01.01.08;31.12.08;I19
50I21;50 Jahre OV Grafschaft Bentheim;DL0ZZ;01.01.15;31.12.15;I21
50I23;50 Jahre OV Teufelsmoor;DF0TM;01.01.19;31.12.19;I23
50I25;50 Jahre Ortsverband Syke I25;DK0SY;01.10.22;31.12.22;I25
50I28;50 Jahre OV Groenegau I28;DK0GM;05.04.25;31.12.25;I28
50IBFD;50 Jahre IBFD;DA0IBF;01.04.21;31.03.22;K46
50IBFD;50 Jahre IBFD;DL0IBF;01.04.21;31.03.22;N39
50IBFD;50 Jahre IBFD;DK0IBF;01.04.21;31.03.22;N39
50IBFD;50 Jahre IBFD;DF0IBF;01.04.21;31.03.22;N39
50IFM;50 Jahre ifm;DL50IFM;01.09.19;20.06.20;P09
50INN;Aktivitätswochen;DK0OG;01.12.04;31.12.04;C15
50INN;Aktivitätswochen;DF0EG;01.12.04;31.12.04;C15
50INN;Aktivitätswochen;DA0INN;01.12.04;31.12.04;C15
50IPA;50 Jahre IPA;DQ50IPA;14.07.05;31.12.05;R05
50IPADL;50 Jahre IPA in DL;DL0IPA;01.01.05;31.12.05;R05
50IPADL;50 Jahre IPA in DL;DK0IPA;01.01.05;31.12.05;R05
50IPADL;50 Jahre IPA in DL;DH0IPA;01.01.05;31.12.05;M14
50IPADL;50 Jahre IPA in DL;DC0IPA;01.06.05;31.12.05;D02
50IPAHB;50-jähriges Bestehen der IPA-Landesgruppe Bremen;DP50IPAHB;01.05.07;31.03.08;I04
50IPAKIEL;50 Jahre IPA-Verbindungsstelle Kiel;DH0IPA;01.01.10;31.12.10;M14
50IPANRW;50 Jahre IPA Sektion in NRW;DA0IPA;01.01.05;31.12.05;G19
50IPANRW;50 Jahre IPA in DL / NRW;DL0IPA;01.01.05;31.12.05;R05
50IPAR;50 Jahre IPA-Radioclub;DL0PMV;01.01.26;31.12.26;V11
50IPAR;50 Jahre IPA-Radioclub;DD0IPA;01.01.26;31.12.26;S69
50IPAR;50 Jahre IPA-Radioclub;DB0IPA;01.01.26;31.12.26;Y06
50IPAR;50 Jahre IPA-Radioclub;DL0IPM;01.01.26;31.12.26;K46
50IPAR;50 Jahre IPA-Radioclub;DK0IPA;01.01.26;31.12.26;N20
50IPAR;50 Jahre IPA-Radioclub;DL0IPA;01.01.26;31.12.26;S69
50IPAR;50 Jahre IPA-Radioclub 2026;DL0BMI;01.01.26;31.12.26;K34
50IPAR;50 Jahre IPA-Radioclub;DL0COB;01.02.26;31.12.26;B19
50IPAR;50 Jahre IPA-Radioclub;DK0PB;01.03.26;31.12.26;I14
50IPAR;50 Jahre IPA-Radioclub;DL50IPARC;01.04.26;31.12.26;S69
50IPAR;50 Jahre IPA-Radioclub;DF50IPARC;01.04.26;31.12.26;C14
50IPARE;50 Jahre IPA Recklinghausen;DL0IVR;01.01.08;31.12.08;N20
50IPASH;50 Jahre IPA in Schleswig-Holstein;DH0IPA;01.01.07;31.12.07;M14
50IPAVK;50 Jahre IPA-Verbindungsstelle Kempen;DP50IPA;01.01.08;31.12.08;R05
50JEH;50 Jahre OV Hamburg  E 02;DK0HE;15.08.97;14.09.97;E02
50JEH;50 Jahre OV Hamburg;DL0EH;15.08.97;14.09.97;E02
50JEH;50 Jahre OV Hamburg  E 02;DK0HE;01.12.97;31.12.97;E02
50JS;50 Jahre Klubstation DL0JS;DL0JS;01.05.15;31.07.15;D05
50K16;50 Jahre OV Kaiserslautern (K16);DK0FCK;01.04.07;31.03.08;K16
50K17;50 Jahre OV Speyer (K17);DK0SP;01.01.11;31.12.11;K17
50K19;50 Jahre Ortsverband Kirn (K19);DL0KJ;01.03.13;28.02.14;K19
50K26;50 Jahre OV K26;DA3M;01.07.21;30.06.22;K26
50K26;50 Jahre OV K26;DK0MWR;01.07.21;30.06.22;K26
50K26;50 Jahre OV K26;DK0RPO;01.07.21;30.06.22;K26
50K27;50 Jahre OV Frankenthal K27;DK0FP;17.01.22;31.12.22;K27
50K31;50 Jahre OV Südeifel;DK0SE;01.11.25;31.07.26;K31
50K32;50 Jahre OV Mittelrhein K32;DK50K32MR;01.01.26;31.12.26;K32
50KBF;50 Jahre Amateurfunk in Lauchhammer;DK0NK;01.08.05;31.10.05;Y25
50KDD;Gründungsgedenken 50 Jahre "DM3KDD" in Dabendorf;DL0DAB;01.05.04;31.05.04;Y34
50KE;50 Jahre OV Kempten;DK0KE;07.08.99;21.08.99;T04
50KFBU;50 Jahre Kolping Verband in der Katholischen Kirche Buchholz;DA0KOL;01.03.15;31.03.15;E33
50KK;50 Jahre OV  R05;DL0KK;01.10.00;31.10.00;R05
50KM;50 Jahre OV Moers;DL0KM;01.03.02;31.03.02;L14
50KM;50 Jahre OV Moers;DL0KM;01.05.02;31.05.02;L14
50KM;50 Jahre OV Moers;DL0KM;01.08.02;31.08.02;L14
50KM;50 Jahre OV Moers;DL0KM;01.11.02;30.11.02;L14
50KO;50 Jahre OV Z11;DL0KOB;01.06.01;30.06.01;Z11
50KO;50 Jahre OV Z11;DF0KO;01.06.01;30.06.01;Z11
50KSJ;50 Jahre Klubstation Jesewitz;DM50KSJ;01.01.12;31.12.12;S36
50KTL;50 Jahre Stadt Kraichtal;DK0KG;01.01.21;31.12.21;A22
50KU;50 Jahre DARC-OV Kamen-Unna;DL0KU;01.01.00;31.12.00;O12
50L03;50 Jahre OV Gladbeck L03;DL0GL;01.09.17;31.12.17;L03
50L05;50 Jahre OV Essen L05;DL0ER;01.04.06;31.10.06;L05
50L06;50 Jahre OV Goch;DL0GC;01.01.20;31.12.20;L06
50L07;50 Jahre L07;DL0LJ;03.01.20;31.12.20;L07
50L20;50 Jahrfeier des OV;DL0RN;10.10.04;31.12.04;L20
50L20;50 Jahrfeier des OV;DL0JRN;10.10.04;31.12.04;L20
50LB;50 jähriges Jubiläum in Ludwigsburg;DL0LB;01.10.96;31.10.96;P06
50LC;50 Jahre OV Lüdenscheid;DO0LC;01.02.00;28.02.00;O14
50LC;50 Jahre OV Lüdenscheid;DL0LC;01.02.00;28.02.00;O14
50LO;50 Jahre OV Lohbrügge;DL0HH;15.10.01;31.10.01;Z28
50LP;50 Jahre OV Lippstadt  O13;DL0LP;01.10.00;31.10.00;O13
50LR;50 Jahre Land Rover;DL0NS;01.08.98;09.08.98;R11
50LR;50 Jahre Landrover;DL0NS;01.08.98;31.08.98;R11
50LUD;50 Jahre Amateurfunk in Ludwigsfelde;DL0MBO;01.04.06;31.12.06;Y05
50LUD;50 Jahre Amateurfunk in Ludwigsfelde;DL0ZDD;01.04.06;31.12.06;Y05
50LUD;50 Jahre Stadt Ludwigsfelde;DL0MBO;01.05.15;31.12.15;Y05
50LUEN;50 Jahre OV O15;DL0LX;01.01.01;31.01.01;O15
50LYON;50 Jahre Städtepartnerschaft Frankfurt/M.-Lyon;DL0HSF;01.06.10;31.12.10;Z60
50LZ;50 Jahre OV Schmelz (Q06);DL0LZ;01.03.09;31.05.09;Q06
50LZ;50 Jahre Clubstation DL0LZ;DL0LZ;01.07.18;31.12.18;Q06
50M01;50 Jahre OV Eckernförde (M01);DL0EO;01.09.09;31.12.09;M01
50M10;50 Jahre OV Grömitz (M10);DC0OVG;01.06.09;31.08.09;M10
50M10;50 Jahre OV Grömitz (M10);DK0OVG;01.06.09;31.08.09;M10
50M10;50 Jahre OV Grömitz (M10);DF0OVG;01.06.09;31.08.09;M10
50M10;50 Jahre OV Grömitz (M10);DO0OVG;01.06.09;31.08.09;M10
50M10;50 Jahre OV Grömitz (M10);DL0OVG;01.06.09;31.08.09;M10
50MBV;Museumseinsenbahn Bruchhausen-Vilsen;DL7X;01.03.16;28.02.17;I25
50MBV;Museumseinsenbahn Bruchhausen-Vilsen;DL0SUL;01.03.16;28.02.17;I40
50MBV;Museumseinsenbahn Bruchhausen-Vilsen;DF0HO;01.03.16;28.02.17;I17
50MGN;50 Jahre Amateurfunk in Meiningen/Thür.;DA0MGN;01.05.04;31.05.04;X37
50MGN;50 Jahre Amateurfunk in Meiningen/Thür.;DA0MGN;01.07.04;31.07.04;X37
50MGN;50 Jahre Amateurfunk in Meiningen/Thür.;DA0MGN;01.09.04;30.09.04;X37
50MI;50 Jahre OV Minden;DL0MI;01.02.98;28.02.98;N12
50MUC;50 Jahre Münchner Ortsverbände;DK50MUC;01.01.16;31.12.16;C13
50MUC;50 Jahre Münchner Ortsverbände;DF50MUC;01.01.16;31.12.16;C11
50MUC;50 Jahre Amateurfunk in München;DL50MUC;01.01.16;31.12.16;C18
50MUC;50 Jahre Münchner Ortsverbände;DJ50MUC;14.08.16;31.12.16;C12
50MVB;50 Jahre Märkisches Viertel;DL0D;01.07.14;31.12.14;D13
50MVB;50 Jahre Märkisches Viertel;DL0MVB;01.07.14;31.12.14;D13
50MVB;50 Jahre Märkisches Viertel;DA0MVB;01.07.14;31.12.14;D13
50MVB;50 Jahre Märkisches Viertel;DO0MVB;01.07.14;31.12.14;D13
50MVB;50 Jahre Märkisches Viertel;DB0MVB;01.07.14;31.12.14;D13
50MZG;50 Jahre OV Merzig;DA0MZG;01.08.01;31.08.01;Q04
50MZG;50 Jahre OV Merzig;DL0RE;01.08.01;31.08.01;Q04
50N20;50 Jahre OV Herten (N20);DK0HN;01.01.07;30.06.07;N20
50N21;50 Jahre OV Waltrop (N21);DL0WA;19.09.09;18.09.10;N21
50N22;50 Jahre OV Wiehengebirge (N22);DK0LK;28.01.09;31.12.09;N22
50N28;50 Jahre OV Dülmen;DL0DLM;14.02.17;31.12.17;N28
50N29;50 Jahre N29 OV Lüdinghausen;DL0LN;01.01.19;31.12.19;N29
50N33;50 Jahre DOK N33;DQ50N33GE;25.01.21;31.12.21;N33
50NETT;50 Jahre Stadt Nettetal;DK0NL;01.04.20;30.09.20;R27
50NFA;50 Jahre erstes 2m-FM Relais in Europa!;DL50NFA;01.07.19;30.06.20;B25
50NFL;50 Jahre Amateurfunk in der Neissestadt Forst;DK0NFL;01.06.10;31.12.10;Y33
50NFL;50 Jahre Amateurfunk in der Neissestadt Forst;DA0NFL;01.06.10;31.12.10;Y33
50NMS;50 Jahre OV Neumünster;DL0NR;03.10.97;31.10.97;M09
50O17;50 Jahre OV Soest (O17);DK0IA;01.10.08;31.12.08;O17
50O22;50 Jahre OV Castrop-Rauxel (O22);DL0CL;20.01.07;31.12.07;O22
50O32;50 Jahre OV Schwelm, O32;DL0SE;01.01.15;31.12.15;O32
50O32;50 Jahre OV Schwelm, O32;DA2A;01.01.15;31.12.15;O32
50O35;50 Jahre OV O35 Ruhr-Universität Bochum;DQ50RUB;01.01.23;31.12.23;O35
50OHA;50 Jahre OV Osterode/Harz;DK0CO;15.05.99;14.06.99;H19
50OHA;50 Jahre OV Osterode/Harz;DB0OHA;15.05.99;14.06.99;H19
50OHA;50 Jahre Osterode / Harz;DF0ERZ;15.05.99;14.06.99;H19
50OHA;50 Jahre OV Osterode;DF0ERZ;01.06.99;30.06.99;H19
50OHM;DARC Ausbildungsplattform 50OHM;DL50OHM;01.07.26;01.07.27;J00
50ORB;50 Jahre Afu in der Region;DL0ORB;16.09.02;15.10.02;Y02
50P20;50 Jahre OV Schwäbisch Hall (P20);DL0SHA;01.03.07;31.12.07;P20
50P20;50 Jahre OV Schwaebisch Hall (P20);DL2R;01.03.07;31.12.07;P20
50P23;50 Jahre OV Schwäbisch Gmünd (P23);DL0SC;20.01.09;31.12.09;P23
50P24;50 Jahre OV Leonberg (P24);DK0LO;01.01.20;31.12.20;P24
50P24;50 Jahre OV Leonberg (P24);DM5N;01.01.20;31.12.20;P24
50P24;50 Jahre OV Leonberg (P24);DF0LEO;01.01.20;31.12.20;P24
50P24;50 Jahre OV-P24 Leonberg;DM50LEO;04.02.20;31.12.20;P24
50P28;50 Jahre OV Bopfingen (P28);DB0IPF;01.03.12;28.02.13;P28
50P31;50 Jahre OV Ermstal, P31;DL0MT;01.01.15;31.12.15;P31
50P35;50 Jahre OV P35 Kirchheim unter Teck;DK0AZ;01.01.21;31.12.21;P35
50P36;50 Jahre OV P36 Sulz am Neckar;DL0WB;01.01.22;31.12.22;P36
50P37;50 Jahre P37;DL0ML;01.01.23;31.12.23;P37
50P38;50 Jahre OV P38 Geislingen/Steige;DK0GI;01.01.24;31.12.24;P38
50PAMIR;Gedenken zum Untergang des Segelschulschiffes PAMIR;DF50PAMIR;01.09.07;31.12.07;N01
50PB;50 Jahre OV Paderborn  N 14;DL0PB;01.09.98;30.09.98;N14
50PE;50 Jahre OV Peine;DL0PPP;01.12.97;31.12.97;H20
50PE;50 Jahre OV Peine;DL0RKP;01.12.97;31.12.97;H20
50PE;50 Jahre OV Peine;DL0PE;01.12.97;31.12.97;H20
50PS;50 jähriges Bestehen der Clubstation DL0PS;DB50EFAPB;11.01.18;31.12.18;N14
50PSF;50. Plauener Spitzenfest;DM50PSF;01.05.09;31.07.09;S53
50PZ;50 Jahre OV  Köln-Porz;DL0PZ;01.05.04;31.05.04;G12
50Q07;50 Jahre OV Homburg (Q07);DL0HS;10.02.09;31.12.09;Q07
50Q08;50 Jahre OV Sulzbach-Fischbachtal, Q08;DK0FT;01.01.15;31.12.15;Q08
50Q09;50 Jahre OV Saarlouis;DL0SLS;01.01.22;31.12.22;Q09
50Q11;50 Jahre OV Südsaar Q11;DL0EW;01.01.24;31.12.24;Q11
50Q13;50 Jahre OV Illingen, Q13;DL0OI;01.11.24;30.10.25;Q13
50Q15;50 Jahre OV Lebach Q15;DK0LC;01.01.25;31.12.25;Q15
50R09;50 Jahre OV Neandertal (R09);DL0II;29.12.11;28.12.12;R09
50R11;50 Jahre OV Neuss (R11);DL0NS;01.01.09;31.12.09;R11
50RCO;50 Jahre Funksport in Oberweißbach;DL0GBB;01.01.14;31.12.14;X38
50RCO;50 Jahre Funksport in Oberweißbach;DK0RFF;01.01.14;31.12.14;X38
50RCO;50 Jahre Funksport in Oberweißbach;DL0OBW;01.01.14;31.12.14;X38
50RCW;50 Jahre bestehen des Radio Club Wolfen e.V. (RCW);DL0HWO;01.05.10;30.07.10;W28
50RDN;50 Jahre Radioklub Dresden Nord;DL0FHD;01.03.09;31.12.09;S05
50RKF;50 Jahre OV "DRK" in Freital/Sachsen;DL0RKF;01.05.04;31.05.04;S27
50RRDXA;50 Jahre Rhein Ruhr DX Association;DR50RRDXA;01.07.14;30.06.15;N01
50RT;50 Jahre OV Reutlingen;DL0RT;01.09.00;30.09.00;P07
50RT;50 Jahre OV  P07;DL0RT;01.10.00;31.10.00;P07
50RUD;50 Jahre Amateurfunk in Rudolstadt;DA0RUD;20.06.03;19.07.03;X24
50RUD;50 Jahre Amateurfunk in Rudolstadt;DA0RUD;21.08.03;20.09.03;X24
50RUHR;50 Jahre Distrikt Ruhrgebiet;DL0RD;01.11.97;30.11.97;L16
50S22;50 Jahre Clubstation in Kamenz;DL0GEL;01.11.15;30.11.15;S22
50S38;50 Jahre OV Pegau (S38);DL0RCP;01.01.14;31.12.14;S38
50S49;50 Jahre Amateurfunk im DOK S49;DL0OLB;01.05.15;31.05.15;S49
50S65;50 Jahre OV Schönau;DM50ZVN;01.10.21;31.12.21;S65
50S65;50 Jahre OV Schönau;DK0ZN;01.10.21;31.12.21;S65
50SAAR;50 Jahre Bundesland Saarland;DQ50SAAR;01.01.07;31.12.07;Q18
50SAT;50 Jahre AMSAT;DL50AMSAT;10.09.19;31.12.19;A32
50SAX;50 Jahre Gesamtstadt Sachsenheim;DF0SX;01.07.23;30.09.23;P51
50SDXC;50 Jahre Stiftland-DX-Club;DF0XC;08.05.21;07.05.22;B03
50SE;50 Jahre OV Bad Segeberg;DF0SE;01.08.02;31.08.02;M14
50SE;Aktivitätswochen;DF0SE;01.09.02;30.09.02;M14
50SG;50 Jahre OV Straubing;DL0SG;15.08.99;14.09.99;U14
50SGNE;50 Jahre Samtgemeinde Nord-Elm;DF0ELM;01.04.20;31.12.20;Z89
50SGSTERN;50 Jahre Sport-Gemeinschaft Stern Stuttgart;DF0MS;01.04.12;30.04.12;P08
50SGSTERN;50 Jahre Sport-Gemeinschaft Stern Stuttgart;DF50SGS;01.05.12;30.04.13;P08
50SH;Aktivitätstage im OV M 28;DK0SL;15.03.97;31.03.97;M28
50SH;Aktivitätstage im OV M 32;DF0OE;01.04.97;15.04.97;M32
50SH;Aktivitätstage im OV  M 21;DL0FJ;01.05.97;31.05.97;M21
50SH;Aktivitätstage im OV  M21;DL0OU;01.05.97;15.05.97;M21
50SH;Aktivitätstage im OV  M 21;DL0IOO;01.06.97;15.06.97;M25
50SH;Aktivitätstage im OV  M 21;DL0KI;15.06.97;30.06.97;M21
50SH;Aktivitätstage im OV  M 21;DL0FJ;15.08.97;14.09.97;M21
50SH;Aktivitätstage im OV M 30;DL0YE;15.09.97;30.09.97;M30
50SH;Aktivitätswochen im OV M 05;DK0IZ;01.10.97;31.10.97;M05
50SH;Aktivitätswochen im OV M 03;DA0SH;01.10.97;31.10.97;M03
50SH;Aktivitätstage im OV M 01;DL0EO;01.11.97;30.11.97;M01
50SH;Aktivitätstage im OV M 23;DL0PN;01.11.97;30.11.97;M23
50SIG;50 Jahre Ortsverband P29 Sigmaringen;DA0Y;01.03.14;28.02.15;P29
50SIG;50 Jahre Ortsverband P29 Sigmaringen;DL0LV;01.03.14;28.02.15;P29
50SLL;50 Jahre SaarLoxLux-Treffen;DA0LUX;01.03.19;29.02.20;Q08
50SMR;50 Jahre Schifffahrtsmuseum Rostock;DL0MCM;01.02.20;31.10.20;V07
50SON;50 Jahre Amateurfunk in Sonneberg;DL0ABK;01.09.04;30.09.04;X29
50SOP;50 Jahre Verleihung des Distr.-Wimpels SOP;DL50SOP;01.07.08;31.07.08;V06
50STD;50 Jahre OV Stade;DK0STD;01.06.97;30.06.97;E04
50STD;50 Jahre OV Stade;DF0HH;01.06.97;30.06.97;E04
50STD;50 Jahre OV Stade;DL0OT;01.06.97;30.06.97;E04
50STD;50 Jahre OV Stade;DB0RHW;01.06.97;30.06.97;E04
50STD;50 Jahre OV Stade;DK0HAL;01.06.97;30.06.97;E04
50STO;50 Jahre Funkgruppe Stolpen;DL0STO;01.08.11;30.09.11;S26
50SU;50 Jahre OV Sundern;DL0IA;01.08.01;31.08.01;O02
50SW;50 Jahre OV Schwarzwald;DL0AFV;01.08.02;31.08.02;A14
50SW;50 Jahre OV Schwarzwals;DK0VL;01.08.02;31.08.02;A14
50SW;Aktivitätswochen;DK0VL;01.12.02;31.12.02;A14
50SW;Aktivitätswochen;DL0AFV;01.12.02;31.12.02;A14
50SW;50 Jahre OV Schweinfurt (B14);DL0SM;20.04.04;15.05.04;B14
50SW;Aktivitätswochen;DK0VL;01.05.04;31.05.04;A14
50SW;Aktivitätswochen;DK0TEL;01.05.04;31.05.04;A14
50SW;Aktivitätswochen;DL0AFV;01.05.04;31.05.04;A14
50SW;Aktivitätswochen;DK0VL;01.07.04;31.07.04;A14
50SW;Aktivitätswochen;DK0TEL;01.07.04;31.07.04;A14
50SW;Aktivitätswochen;DL0AFV;01.07.04;31.07.04;A14
50SZM;50 Jahre Solinger Zöppkes Markt;DL0SO;01.09.18;30.09.18;R14
50T05;50 Jahre OV Krumbach (T05);DL0KR;01.07.09;31.12.09;T05
50T07;50 Jahre OV  T07;DL0AM;01.10.05;31.12.05;T07
50T08;50 Jahre OV Neuburg (T08);DL0NEU;15.01.07;31.12.07;T08
50T10;50 Jahre OV Ottobeuren (T10);DF0T;01.01.07;31.12.07;T10
50T11;50 Jahre OV Pfronten-Füssen;DL0PT;01.08.07;31.07.08;T11
50T13;50 Jahre OV Lindau-Westallgäu (T13);DL50LINDAU;01.01.12;31.12.12;T13
50T16;50 Jahre OV Illertal T16;DK0IL;01.03.19;29.02.20;T16
50T18;50 Jahre OV T18 Donauried;DK0DO;01.12.25;31.08.26;T18
50T18;50 Jahre OV T18 Donauried;DL0T;01.12.25;31.08.26;T18
50T18;50 Jahre OV T18 Donauried;DL50DRI;15.12.25;31.08.26;T18
50TGM;50 Jahre Amateurfunk in Tangermünde;DL0TGM;18.04.11;31.12.11;W04
50THF;50 Jahre Luftbrücke;DK0IFA;01.06.98;30.06.98;D08
50THF;50 Jahre Luftbrücke;DF0BLN;01.06.98;30.06.98;D08
50THF;50 Jahre Luftbrücke Berlin;DL0ABT;01.06.98;30.06.98;D25
50THF;50 Jahre Luftbrücke Berlin;DK0THF;01.06.98;30.06.98;D05
50THF;50 Jahre Luftbrücke;DL0SP;01.06.98;30.06.98;D06
50THF;50 Jahre Luftbrücke;DL0TE;01.06.98;30.06.98;D08
50THF;50 Jahre Luftbrücke;DL0FEZ;01.06.98;30.06.98;D21
50THF;50 Jahre Luftbrücke Berlin;DL0JS;01.06.98;30.06.98;D05
50THF;50 Jahre Luftbrücke Berlin;DL0MVB;01.06.98;30.06.98;D13
50THL;50 Jahre THW OV Lauf;DL0THL;01.09.02;30.09.02;B34
50THW;50 Jahre THW OV Lauf;DL0THW;01.09.00;30.09.00;G01
50TRABI;50 Jahre Trabant;DK0JRS;01.01.07;31.12.07;S60
50U;50 Jahre Distrikt Bayern-Ost;DL50DBO;01.01.23;31.12.23;U21
50U07;50 Jahre OV U07 Dingolfing Landau;DK0LA;15.01.23;15.04.23;U07
50U10;50 Jahre DARC OV Neumarkt, U10;DL0NM;01.01.15;31.12.15;U10
50U11;50 Jahre OV Passau (U11);DQ50PASSAU;15.01.07;31.12.07;U11
50U12;50 Jahre OV Rottal-Inn (U12);DL0ROI;01.02.13;31.01.14;U12
50U995;50 Jahre U995 in Laboe;DL0DMB;01.03.22;31.03.22;E32
50UKW;50 Jahre UKW-Tagung in Weinheim;DF0UKW;01.01.05;31.12.05;A20
50USI;50 Jahre OV Usingen;DF0UI;15.08.99;14.09.99;F18
50W;50 Jahre OV Wesel;DL0WT;19.07.02;18.08.02;L23
50W02;50 Jahre OV Halberstadt (W02);DL0HBS;01.05.09;31.05.09;W02
50W15;50 Jahre OV Haldensleben W15;DL0HDL;01.03.25;31.08.25;W15
50WA;50 Jahre Clubrufzeichen DL0WA;DL0WA;11.11.15;11.12.15;N21
50WAE;50 Jahre Bestehen des WAE-Contests;DA0WAE;01.07.04;31.07.04;N01
50WAE;50 Jahre Bestehen des WAE Contests;DL0WAE;01.07.04;31.07.04;N02
50WAE;50 Jahre WAE-Contest;DA0WAE;08.11.04;30.11.04;B07
50WAF;50 Jahre Zusammenlegung Waldeck Frankenberg;DL50WAF;01.01.24;31.12.24;F01
50WBS;50 Jahre AFU X14;DF0WBS;01.05.15;30.04.16;X14
50WFH;50 Jahre Freilichtmuseum Hagen;DL0WFH;01.06.10;31.12.10;O51
50WIT;50 Jahre OV Witten;DA0WIT;24.08.97;23.09.97;O20
50WIT;50 Jahre OV Witten;DL0WI;24.08.97;23.09.97;O20
50WOB;50 Jahre OV H24;DL0VW;01.12.01;31.12.01;H24
50WUG;50 Jahre Amateurfunk in Weißenburg;DJ7A;15.02.08;31.12.08;B20
50X36;50 Jahre OV X36;DK0WK;01.01.15;31.12.15;X36
50XA;50 Jahre OV  Alsdorf;DL0XA;01.06.99;30.06.99;G02
50XA;50 Lahre OV Alsdorf;DL0EBV;01.06.99;30.06.99;G02
50XA;50 Jahre Alsdorf;DL0XA;06.09.99;05.10.99;G02
50XA;50 Jahre OV Alsdorf;DL0EBV;06.09.99;05.10.99;G02
50XL;50 Jahre Amateurfunk in Großenhain und 100 Jahre Flugplatz;DM50GRH;31.05.14;30.06.14;S18
50YLB;50 Jahre YL-Aktivitäten in Franken;DL0YLB;01.04.15;31.12.15;B33
50ZAB;50 Jahre Klubstation;DK0ZAB;01.08.05;31.08.05;W22
50ZEA;50 Jahre OV Zerbst-Anhalt;DA0ZEA;01.08.01;31.08.01;W07
50ZYA;50 Jahre Rollout des Düsenjet 152;DM152ZYA;30.04.08;31.12.08;S05
525DRO;525 Jahre Stadt Drolshagen;DL0DRO;01.08.02;31.08.02;O43
550EMAU;550 jähriges Jubiläum Ernst-Moritz-Arndt-Universität in Greifswald;DL0HGW;01.10.06;31.10.06;V11
555Z;555-ste Z-Runde des VFDB;DA0DBP;15.04.05;30.06.05;Z60
555Z;555-ste Z-Runde des VFDB;DL0DBP;15.04.05;30.06.05;Z41
555Z;555-ste Z-Runde des VFDB;DK0DBP;15.04.05;30.06.05;Z60
555Z;555-ste Z-Runde des VFDB;DF0DBP;15.04.05;30.06.05;Z84
55A21;55 Jahre OV  Hochschwarzwald (A21);DL0PI;01.01.12;31.12.12;A21
55DL;Aktivitätswochern zur Rufzeichenerteilung in DL ab 1949;DK0EG;01.05.04;31.05.04;N19
55G13;55 Jahre OV Selfkant (G13);DK0HS;01.03.09;31.12.09;G13
55GIF;55 Jahre OV H 08;DF0GIF;01.06.02;30.06.02;H08
55JES;55 Jahre Amateurfunk in Jessen;DM55JES;01.01.11;31.12.11;Y37
55LGH;55 Jahre OV Langenhagen;DK0LH;01.09.15;30.11.15;H31
55LP;55 Jahre OV Lippstadt;DL0LP;01.08.05;31.12.05;O13
55N20;55 Jahre OV Herten (N20);DK0HN;01.03.12;31.12.12;N20
55O02;55 Jahre OV Sundern O02;DD0UKW;01.05.06;31.05.06;O02
55O02;55 Jahre OV Sundern O02;DL0IA;01.08.06;31.08.06;O02
55O30;55 Jahre Ortsverband Meschede O30;DL0DY;01.03.17;31.03.17;O30
55SBKS;55 Jahre Museum Balkhauser Kotten SG;DL0SO;01.03.17;31.03.17;R14
55T02;55 Jahre OV Günzburg (T02);DF0GZ;01.12.10;31.03.11;T02
55T03;55 Jahre OV Kaufbeuren T03;DF0FK;01.01.06;31.12.06;T03
55T03;55 Jahre OV Kaufbeuren T03;DK0ZS;01.01.06;31.12.06;T03
55T07;55 Jahre OV Memmingen (T07);DL0AM;01.10.10;31.12.10;T07
55Z73;55 Jahre VFDB OV-Cuxhaven;DA0LCC;01.01.06;31.12.06;Z73
55Z73;55 Jahre VFDB OV-Cuxhaven;DF0CX;01.01.06;31.12.06;Z73
55Z73;55 Jahre VFDB OV-Cuxhaven;DL0CX;01.01.06;31.12.06;Z73
55ZAB;55 Jahre Klubstation DK0ZAB;DK55ZAB;01.01.10;31.12.10;W22
59FIRA;internationaler 59. FIRAC-Congress (Eisenbahnfunkamateure);DB59FIRAC;01.01.21;31.12.21;S25
5ALW;5. mal Alter Leuchtturm Wangerooge;DK0FC;14.08.09;17.08.09;I18
5D23;5 Jahre OV Freunde des CCC (D23);DK0CCC;01.08.08;31.08.08;D23
5DR2F;5 Jahre DR2F;DR2F;01.10.10;30.11.10;F05
5EUARDF;Erste ARDF Ranglistenläufe 2005 Tschechien Dutschland;DA0RDF;01.05.05;31.05.05;B25
5FAST;5 Jahre First Assitance Samaritan Team;DF0AF;01.02.11;31.07.11;G25
5FSW;5. Fortbildungs-Seminar Württemberg;DK0FSW;01.03.17;31.05.17;P57
5HRB;5-jähriges bestehen der Funksportgruppe Hamradioboard;DF0HRB;12.05.07;30.09.07;F49
5JUIST;Lighthouseday;DL0PBS;19.08.05;21.08.05;I57
5MINT;5 Jahre Malteser International;DK0SG;01.11.10;30.11.10;G25
5MOS;5 Jahre Clubstation DK0MOS;DF0COC;01.01.09;31.12.09;K45
5MOS;5 Jahre Clubstation DK0MOS;DK0MOS;01.01.09;31.12.09;K45
5MOS;5 Jahre Clubstation DK0MOS;DN0EMH;01.01.09;31.12.09;K45
5UKWR24;5 Jahre UKW Gruppe Ortsverband R24;DN0UKW;01.11.10;01.10.11;R24
600PLG;600. Stadtjubiläum Plettenberg;DF0MK;01.06.97;30.06.97;O25
600PLG;600 Jahre Stadtjubiläum Plettenberg;DA0PLG;01.06.97;30.06.97;O25
600TAN;600 Jahre Stadt Tannroda / Thür.;DA0TAN;01.05.03;30.06.03;X19
600TAN;600 Jahre Stadt Tannroda / Thür.;DF0ILM;01.05.03;31.05.03;X19
600TAN;600 Jahre Stadt Tannroda / Thür.;DF0ILM;01.06.03;30.06.03;X19
600TAN;600 Jahre Stadt Tannroda / Thür.;DA0TAN;01.08.03;31.08.03;X19
600TAN;600 Jahre Stadt Tannroda / Thür.;DF0ILM;01.08.03;31.08.03;X19
600TAN;600 Jahre Stadt Tannroda / Thür.;DA0TAN;01.12.03;31.12.03;X19
600TAN;600 Jahre Stadt Tannroda / Thür.;DF0ILM;01.12.03;31.12.03;X19
600TBF;600 Jahre Marktrecht Königshofen;DF0TF;01.09.15;30.09.15;A46
600UL;600 Jahre UNI Leipzig;DL0TWK;01.07.09;31.12.09;S30
600UL;600 Jahre UNI Leipzig;DR600UL;01.08.09;31.12.09;S30
600UNI;600 Jahre Universität Rostock;DQ600UNI;01.01.19;31.12.19;V07
600WW;600 Jahre Willingen Westerwald;DL600WW;01.08.13;31.08.13;Z37
600Z;600. Z-Runde auf KW;DF0DBP;01.09.07;31.10.07;Z84
600Z;600. Z-Runde auf KW;DL0DBP;01.09.07;31.10.07;Z41
600Z;600. Z-Runde auf KW;DA0DBP;01.09.07;31.10.07;Z60
600Z;600. Z-Runde auf KW;DK0DBP;01.09.07;31.10.07;Z60
60A02;60 Jahre OV Bruchsal (A02);DK0A;15.01.12;31.12.12;A02
60A02;60 Jahre OV Bruchsal (A02);DL0BL;15.01.12;31.12.12;A02
60A05;60 Jahre OV Freiburg (A05);DK0FR;01.06.09;31.08.09;A05
60A05;60 Jahre OV Freiburg (A05);DK0KSR;01.06.09;31.08.09;A05
60A07;60 Jahre OV Karlsruhe A07;DL0KHZ;01.02.06;31.12.06;A07
60A12;60 Jahre OV Pforzheim (A12);DL0PH;01.06.10;31.12.10;A12
60A12;60 Jahre OV Pforzheim (A12);DR0P;01.06.10;31.12.10;A12
60A19;60 Jahre OV Odenwald;DF0OW;20.01.17;31.12.17;A19
60A19;60 Jahre OV Odenwald;DK0OZ;20.01.17;31.12.17;A19
60A22;60 jähriges Jubiläum A22 OV Kraichgau;DK0KG;01.01.18;31.12.18;A22
60AB;60 Jahre OV Aschaffenburg (B04);DL0AB;15.08.10;15.11.10;B04
60ABL;60 Jahre Amateurfunk im Altenburger Land;DL0ABL;01.10.16;31.10.16;X40
60AIS;60 Jahre Amateurfunk im Spreewald;DL0LSW;01.02.17;31.01.18;Y28
60ALF;60 Jahre Amateurfunk in Alfeld;DK0OA;01.02.07;31.12.07;H01
60ANT;60. Jahrestag des Inkrafttretens des Antarktisvertrages;DR60ANT;01.06.21;31.12.21;
60ANT;60. Jahrestag des Inkrafttretens des Antarktisvertrages;DQ60ANT;01.06.21;31.12.21;S44
60B14;60 Jahre OV Schweinfurt (B14);DL0SM;01.01.14;31.12.14;B14
60B19;60 Jahre OV Coburg B19;DL0CG;01.03.16;28.02.17;B19
60B20;Jubiläum 60 Jahre OV Weißenburg/Bay;DJ7A;10.03.18;31.12.18;B20
60B21;60 Jahre OV B21;DL0KC;01.05.19;31.10.19;B21
60B24;60 Jahre OV Miltenberg B24;DF0MI;07.02.25;31.12.25;B24
60B26;60 Jahre OV Forchheim;DL0FO;01.02.26;31.12.26;B26
60B26;60 Jahre OV Forchheim;DB0QV;01.02.26;31.12.26;B26
60BENE;60. Jahrestag der Premiz des Pabstes Benedikt;DR60BENE;05.08.11;31.07.12;C16
60BGS;60 Jahre BGS / Bundespolizei;DK0BGS;01.03.11;31.12.11;U12
60BGS;60 Jahre BGS / Bundespolizei;DA0BGS;01.03.11;31.12.11;C14
60BGS;60 Jahre BGS / Bundespolizei;DL0BPO;01.03.11;31.12.11;C14
60BGS;60 Jahre BGS / Bundespolizei;DL0BMI;01.03.11;31.12.11;Y11
60BHVI05;60 Jahre OV Bremerhaven (I05);DO0BHV;01.01.08;31.12.08;I05
60BHVI05;60 Jahre OV Bremerhaven (I05);DK0SN;01.01.08;31.12.08;I05
60BO;60 Jahre OV Bochum O04;DL0BO;01.06.06;31.12.06;O04
60BO;60 Jahre OV Bochum O04;DA0BO;01.06.06;31.12.06;O04
60BST;60 Jahre Bodenseetreffen und Messe IBO;DL60IBO;20.03.09;31.12.09;P03
60BW;60 Jahre Baden-Württemberg;DA0BW;01.02.12;31.12.12;A07
60C04;60 Jahre OV C04;DK0BM;01.03.25;01.12.25;C04
60C15;60 Jahre C15 - OV Inn-Salzach;DF0EG;15.10.14;31.12.14;C15
60C15;60 Jahre Jubiläum C 15;DR60INN;16.10.14;16.11.14;C15
60D05;60 Jahre OV-Schöneberg (D05);DL0JS;01.03.11;31.12.11;D05
60D06;60 Jahre OV Spandau (D06);DL0SP;01.01.09;31.12.09;D06
60DA;60 Jahre Distrikt Baden (A);DL60BADEN;01.02.13;31.12.13;A22
60DBR;60 Jahre OV Bad Doberan;DM460DA;05.05.19;31.10.19;V06
60DILI;60 Jahre KÜMO Iris-Jörg;DL0MFM;01.01.16;31.12.16;Z24
60DKMS;60 Jahre Deutsches Klingenmuseum Solingen;DL0SO;01.09.14;30.09.14;R14
60DW;60 Jahre Deutsche Welle;DK0DW;01.01.13;31.12.13;F76
60DXMB;60 Jahre DXMB;DJ60DXMB;01.01.14;31.12.14;I25
60E02;60 Jahre OV Hamburg (E02);DL0EH;01.04.07;31.03.08;E02
60E03;60 Jahre OV Lübeck (E03);DL0LK;01.07.07;31.12.07;E03
60E05;60 Jahre E05 Lüneburg;DQ5E;14.04.18;13.04.19;E05
60E08;60 Jahre OV E08 - Bad Oldesloe;DF0ASB;07.11.23;06.02.24;E08
60E10;60 Jahre E10 Welcome Point;DK60WEPO;01.06.26;31.12.26;E10
60F03;60 Jahre OV Darmstadt (F03);DL0DAR;01.04.07;31.03.08;F03
60F05;60 Jahre OV Frankfurt (F05);DL0FVA;01.06.07;31.12.07;F05
60F05;60 Jahre OV Frankfurt (F05);DL0FM;01.06.07;31.12.07;F05
60F05;60 Jahre OV Frankfurt (F05);DB0FJG;01.06.07;31.12.07;F05
60F05;60 Jahre OV Frankfurt (F05);DK0CW;01.06.07;31.12.07;F05
60F06;60 Jahre OV Fulda (F06);DF0FU;01.01.07;31.12.07;F06
60F07;60 Jahre OV Giessen (F07);DL0GH;01.01.07;31.12.07;F07
60F11;60 Jahre OV Bad Homburg;DL0HG;01.04.07;31.12.07;F11
60F16;60 Jahre OV Rüsselsheim (F16);DL0GZ;01.06.07;31.12.07;F16
60F19;60 Jahre OV Wetzlar (F19);DL0WM;01.01.07;31.12.07;F19
60F23;60jähriges OV-Jubiläum;DL0OF;01.01.16;31.12.16;F23
60F27;60 Jahre F27;DQ3F;01.02.20;31.12.20;F27
60F28;60 Jahre OV F28, Gründung 1962;DL0OE;07.01.22;31.12.22;F28
60F28;60 Jahre OV F28 Eschwege;DK0FW;07.01.22;31.12.22;F28
60F29;60 Jahre Ortsverband F29 Dreieich;DL0PP;01.08.24;31.10.24;F29
60F31;60 Jahre OV Nidderau F31;DL0YY;01.01.25;31.12.25;F31
60F32;60 Jahre OV F32 Hersfeld-Rotenburg;DK0HR;01.01.26;31.12.26;F32
60FA;60 Jahre Zeitschrift FUNKAMATEUR;DF60JFA;01.04.12;31.12.12;D26
60FLUT;vor 60 Jahren war die große Sturmflut in Hamburg;DL0HMB;01.02.22;28.02.22;E09
60G11;60 Jahre OV Leverkusen (G11);DL0IL;01.06.09;31.05.10;G11
60G18;60 Jahre OV Rurland;DL0WX;01.01.17;31.12.17;G18
60G22;60 Jahre OV Gemünd G22;DG22SIXTY;01.02.24;31.01.25;G22
60GDP;60 Jahre Gewerkschaft der Polizei;DL0GDP;01.01.10;31.12.10;R05
60GER;60 Jahre Bundesrepublik Deutschland;DR60GER;28.01.09;31.12.09;O03
60GYMS;60 Jahre Gymnasium Scheinfeld;DR0S;01.07.06;31.07.06;B08
60GYMS;60 Jahre Gymnasium Scheinfeld;DL0SEF;01.07.06;31.07.06;B08
60H02;60 Jahre OV H02;DF0W;01.01.15;31.12.15;H02
60H02;60 Jahre OV H02;DL0WAL;01.01.15;31.12.15;H02
60H03;60 Jahre OV Braunschweig (H03);DL0BV;01.02.07;31.12.07;H03
60H04;60 Jahre OV Bückeburg (H04);DL0GD;01.09.07;31.12.07;H04
60H08;60 Jahre OV Gifhorn (H08);DO0KAT;01.05.07;31.07.07;H08
60H08;60 Jahre OV Gifhorn (H08);DF0GIF;01.05.07;31.07.07;H08
60H09;60 Jahre OV Goslar (H09);DK0GV;01.03.07;31.12.07;H09
60H13;60 Jahre OV Hannover Lister Turm (H13);DL0HV;01.01.07;31.12.07;H13
60H16;60 Jahre OV Holzminden (H16);DL0HOL;01.05.07;31.12.07;H16
60H19;60 Jahre Ortsverband Osterode (H19);DK0CO;01.04.09;31.12.09;H19
60H19;60 Jahre Ortsverband Osterode (H19);DB0OHA;01.04.09;31.12.09;H19
60H33;60 Jahre OV H33;DR60SZL;01.01.21;31.12.21;H33
60H34;60 Jahre OV H34 Uslar-Solling;DF0US;01.01.25;31.12.25;H34
60HAMM;60 Jahre OV Hamm (O10);DK0YL;01.10.07;31.12.07;O10
60HAMM;60 Jahre OV Hamm (O10);DL0JC;01.10.07;31.12.07;O10
60HES;60 Jahre Bundesland Hessen;DL0VBK;01.09.05;31.08.06;F55
60HF;60 Jahre OV Herford (N08);DK0HF;22.06.07;31.12.07;N08
60HU;60 Jahre OV Hanau;DL0NOT;01.10.98;31.10.98;F09
60HU;60 Jahre OV Hanau;DL0HO;01.10.98;31.10.98;F09
60I07;60 Jahre OV Leer (I07);DL0LO;01.01.07;31.12.07;I07
60I08;60 Jahre OV Lingen (I08);DK0LE;01.01.08;31.12.08;I08
60I12;60 Jahre OV Osnabrück (I12);DL0OS;15.01.07;31.12.07;I12
60I15;60 Jahre OV Verden (I15);DL0VA;01.02.08;31.12.08;I15
60I18;60 Jahre OV I18 Delmenhorst;DK0FC;01.01.17;31.05.17;I18
60I20;60 Jahre OV Vechta I20;DL0VE;08.04.21;07.04.22;I20
60I21;60 Jahre OV Grafschaft Bentheim;DL0ZZ;01.01.23;31.12.23;I21
60I21;60 Jahre OV Grafschaft Bentheim;DP60BENT;01.01.23;31.12.23;I21
60IOTA;60 Jahre Islands on the Air;DM60IOTA;01.04.24;31.12.24;
60IPA;60 Jahre IPA;DH0IPA;01.03.15;29.02.16;M14
60JDW;60 Jahre Distrikt Württemberg;DL0HR;01.01.13;31.12.13;P57
60K04;60 Jahre Ortsverband Bad Kreuznach (K04);DK0KH;27.05.09;26.05.10;K04
60K07;60 Jahre OV Mainz (K07);DL0MZ;01.01.14;31.12.14;K07
60K07;60 Jahre OV Mainz (K07);DL60JMZ;01.01.14;31.12.14;K07
60K09;60 Jahre OV Pirmasens (K09);DK0PS;01.01.12;31.12.12;K09
60K12;60 Jahre OV Zweibrücken (K12);DL0ZB;05.04.11;04.04.12;K12
60K12;60 Jahre OV Zweibrücken (K12);DL60ZBN;10.05.11;04.04.12;K12
60K19;60 Jahre OV Kirn K19;DL60KIRN;12.01.24;31.05.24;K19
60KJN;60 Jahre Amateurfunk in Zwönitz;DM60KJN;01.01.16;31.12.16;S45
60KU;60 Jahre OV Kamen-Unna (O12);DL0KU;15.01.10;31.12.10;O12
60L;60 Jahre Distrikt Ruhrgebiet;DR60DRG;01.07.07;30.06.08;L30
60L04;60 Jahre OV L04;DQ4L;06.02.15;05.02.16;L04
60L04;60 Jahre OV Emmerich L04;DL0DZ;01.05.15;30.04.16;L04
60L20;60 Jahre OV Rheinhausen L20;DL0JRN;01.03.14;28.02.15;L20
60L20;60 Jahre OV Rheinhausen L20;DL0RN;01.03.14;31.12.14;L20
60LC;60 Jahre OV Lüdenscheid (O14);DL0LC;01.02.10;31.05.10;O14
60LGH;60 Jahre OV Langenhagen H31;DK0LH;01.10.20;31.12.20;H31
60LW;60 Jahre Luftwaffe der Bundeswehr;DL60GAF;23.01.16;31.12.16;V19
60M05;60 Jahre OV Itzehoe (M05);DK0IZ;01.07.07;31.12.07;M05
60M07;60 Jahre OV Lütjenburg M07;DF0LO;01.09.14;15.09.14;M07
60M09;60 Jahre OV Neumünster (M09);DL0NR;01.10.07;30.11.07;M09
60M10;60 Jahre OV Grömitz;DL0OVG;01.02.19;31.01.20;M10
60M12;60 Jahre OV Rendsburg;DL0FJ;03.05.15;02.05.16;M12
60MARL;60 Jahre OV Marl (N19);DR0N;01.03.07;31.07.07;N19
60MARL;60 Jahre OV Marl (N19);DK0EG;01.03.07;31.07.07;N19
60MKW;60 Jahre Marinekameradschaft Wesel e.V.;DL0MKW;01.07.14;30.06.15;R17
60N01;60 Jahre OV Bielefeld (N01);DL0BI;01.09.07;31.12.07;N01
60N02;60 Jahre OV Brackwede (N02);DL0PG;01.10.09;31.01.10;N02
60N02;60 Jahre OV Brackwede (N02);DK0FD;01.10.09;31.01.10;N02
60N02;60 Jahre OV Brackwede (N02);DL0WAE;01.10.09;31.01.10;N02
60N03;60 Jahre OV Coesfeld (N03);DL0QQ;01.01.09;31.12.09;N03
60N07;60 Jahre OV Gütersloh (N07);DL0MQ;01.07.09;31.12.09;N07
60N14;60 Jahre OV Paderborn (N14);DL0PB;20.01.08;31.12.08;N14
60N20;60 Jahre OV Herten;DK60HERTEN;01.01.17;31.12.17;N20
60N22;60 Jahre OV Wiehengebirge N22;DK0LK;09.03.20;10.12.20;N22
60NATO;60 Jahre NATO;DR60NATO;01.04.09;31.03.10;K34
60NFL;60 Jahre Amateurfunk in Forst;DA0NFL;01.10.20;31.10.20;Y33
60O01;60 Jahre OV Altena (O01);DK0AL;01.11.13;01.12.13;O01
60O02;60 Jahre OV Sundern (O02);DD0UKW;01.05.11;30.04.12;O02
60O02;60 Jahre OV Sundern (O02);DL0IA;01.05.11;30.04.12;O02
60O05;60 Jahre OV Dortmund (O05);DL0DO;01.07.07;31.12.07;O05
60O13;60 Jahre Ortsverband Lippstadt (O13);DL0LP;01.10.10;31.12.10;O13
60O17;60 Jahre O17;DK0IA;01.04.18;31.12.18;O17
60O22;60 Jahre OV Castrop-Rauxel;DL60CAS;01.06.17;31.05.18;O22
60O22;60 jähriges Bestehen des OV O22;DL0CR;01.06.17;31.05.18;O22
60O22;60 jähriges Bestehen des OV O22;DL4U;01.06.17;31.05.18;O22
60O30;60 Jahre OV Meschede;DL60MES;01.04.22;31.12.22;O30
60O32;60 Jahre OV Schwelm O32;DL0SE;26.03.25;26.12.25;O32
60O33;60 Jahre O33 Wattenscheid;DF0WAT;01.01.26;31.12.26;O33
60O33;60 Jahre O33 Wattenscheid;DF60WAT;01.04.26;31.12.26;O33
60P03;60 Jahre OV Friedrichshafen (P03);DK0FN;01.01.11;31.12.11;P03
60P04;60 Jahre OV Heidenheim (P04);DK0HA;01.02.13;31.01.14;P04
60P13;60 Jahre OV Tuttlingen (P13);DL0TN;01.01.09;31.12.09;P13
60P20;60 Jahre OV P20 Schwäbisch Hall;DL0SHA;01.01.17;31.12.17;P20
60P20;60 Jahre OV P20 Schwäbisch Hall;DL2R;01.01.17;31.12.17;P20
60P21;60 Jahre OV P21 Biberach;DK0CH;01.01.18;31.12.18;P21
60P21;60 Jahre OV P21 Biberach;DK60BIB;01.01.18;31.12.18;P21
60P21;60 Jahre OV P21 Biberach;DL60BIB;01.01.18;31.12.18;P21
60P28;60 Jahre OV Bopfingen P28;DB0IPF;01.03.22;31.08.22;P28
60P30;60 Jahre Ortsverband Balingen P30;DL60AZBL;01.01.25;31.12.25;P30
60PE;60 Jahre OV Peine (H20);DL0PPP;01.07.07;31.12.07;H20
60PE;60 Jahre OV Peine (H20);DL0PE;01.07.07;31.12.07;H20
60Q01;60 Jahre OV Saarbrücken (Q01);DL0GS;01.02.11;31.12.11;Q01
60Q02;60 Jahre OV St. Ingbert (Q02);DL0IT;01.01.11;31.12.11;Q02
60Q03;60 Jahre OV Neunkirchen (Q03);DL0NK;13.01.11;31.12.11;Q03
60Q05;60-jährige Bestehen OV Völklingen;DR60VKL;01.01.17;31.12.17;Q05
60Q05;60-jähriges Bestehen OV Völklingen;DL0VS;01.01.17;31.12.17;Q05
60Q06;60 Jahre OV Schmelz Q06;DL0LZ;29.06.19;31.12.19;Q06
60Q07;60 Jahre OV Homburg;DL0HS;01.01.19;31.12.19;Q07
60Q08;60 Jahre OV Q08 Sulzbach- / Fischbachtal;DK0FT;01.06.25;31.12.25;Q08
60R05;60 Jahre OV Kempen (R05);DL0KK;01.01.10;31.12.10;R05
60R11;60 Jahre OV Neuss;DL0NS;01.10.19;31.12.19;R11
60R11;60 Jahre OV Neuss; 	DL0NS;01.10.19;31.12.19;R11
60R15;60 Jahre OV Velbert (R15);DL0VR;01.07.09;31.08.09;R15
60RAFG;60 Jahre Amateurfunk aus der militärischen Liegenschaft Berlin Gatow;DR60RAFG;05.02.18;31.12.18;V19
60RDN;60 Jahre Radioklub Dresden Nord;DL0FHD;01.03.19;31.12.19;S05
60RLP;60 Jahre Bundesland Rheinland-Pfalz;DF0RPJ;01.01.07;31.12.07;K28
60RLP;60 Jahre Bundesland Rheinland-Pfalz;DA0RP;01.01.07;31.12.07;K39
60RLP;60 Jahre Bundesland Rheinland-Pfalz;DK0RLP;01.01.07;31.12.07;K39
60RLP;60 Jahre Bundesland Rheinland-Pfalz;DL0K;01.01.07;31.12.07;K45
60RLP;60 Jahre Bundesland Rheinland-Pfalz;DF0RLP;01.01.07;31.12.07;K39
60RLP;60 Jahre Bundesland Rheinland-Pfalz;DL0RP;01.01.07;31.12.07;K46
60RLP;60 Jahre Bundesland Rheinland-Pfalz;DM0K;01.01.07;31.12.07;K39
60S38;60 Jahre "Radioclub Pegau";DL0RCP;01.01.24;31.12.24;S38
60S49;60 Jahre OV Olbernhau;DL0OLB;01.05.25;31.07.25;S49
60S49; 60 Jahre OV Olbernhau;DL0OLB;01.05.25;31.07.25;S49
60SAAR;60 Jahre Distrikt Saar;DQ60SAAR;01.01.11;31.12.11;Q18
60SAL;60 Jahre Beitritt Saarland zur BRD;DR60SAL;01.01.17;31.12.17;Q18
60SBG;60 Jahre St.-Bernhard-Gymnasium in Willich-Schiefbahn;DR60SBG;01.03.06;31.12.06;R33
60SBG;60 Jahre St.-Bernhard-Gymnasium in Willich-Schiefbahn;DB0GX;01.03.06;31.12.06;R33
60SBK;60 Jahre Amateurfunk in Schönebeck;DL0SBK;01.04.20;31.12.20;W36
60SOP;60 Jahre Vergabe und Aktivitätsmonat für Sea of Peace;DL60SOP;01.07.18;31.07.18;V00
60SR;60 Jahre Saarländischer Rundfunk;DL0EW;01.11.16;31.01.17;Q11
60STAT;60 Jahre Volksabstimmung Saarland;DL60STATUT;01.10.15;31.10.15;Q18
60T01;60 Jahre OV Augsburg T01;DF0SI;01.04.06;31.12.06;T01
60T01;60 Jahre OV Augsburg T01;DL0AU;01.04.06;31.12.06;T01
60T02;60 Jähriges OV Jubiläum;DF0GZ;01.10.15;30.09.16;T02
60T02;60 Jahre OV Günzburg;DF60OVGZ;01.10.15;30.09.16;T02
60T03;60 Jahre OV Kaufbeuren (T03);DF0FK;01.01.11;31.12.11;T03
60T03;60 Jahre OV Kaufbeuren (T03);DK0ZS;01.01.11;31.12.11;T03
60T08;60 Jahre OV Neuburg-Schrobenhausen;DL60NEU;24.12.16;19.12.17;T08
60T08;60 Jahre OV T08 Neuburg;DL0NEU;20.01.17;31.12.17;T08
60T11;60 Jahre OV Pfronten-Füssen;DL0PT;01.04.17;31.03.18;T11
60T13;60 Jahre OV T13 Lindau-Westallgäu;DL60LINDAU;01.01.22;31.12.22;T13
60TPB;60 Jahre Tierpark Berlin;DF0LI;01.07.15;31.07.15;D26
60U10;60 Jahre OV Neumarkt-Greding U10;DL0NM;06.01.25;31.12.25;U10
60U10;60 Jahre OV Neumarkt-Greding U10;DA9A;06.01.25;31.12.25;U10
60U11;60 Jahre OV Passau U11;DR60PAS;01.02.17;31.12.17;U11
60U12;60 Jahre OV Rottal-Inn;DL0ROI;12.06.23;11.12.23;U12
60UEA;60 Jahre 1.Funkverbindung unter DM3UE;DM60UEA;26.03.22;25.09.22;Y16
60UEA;60 Jahre 1.Funkverbindung unter DM3UE;DF0TEC;26.03.22;25.03.23;Y16
60UEA;60 Jahre 1.Funkverbindung unter DM3UE;DM0Y;26.03.22;25.03.23;Y16
60UEA;60 Jahre 1.Funkverbindung unter DM3UE;DF0UM;26.03.22;25.03.23;Y16
60ULM;60 Jahre OV  Ulm  P14;DK7T;01.06.06;31.12.06;P14
60ULM;60 Jahre OV  Ulm  P14;DA0ULM;01.06.06;31.12.06;P14
60ULM;60 Jahre OV  Ulm  P14;DL0ULM;01.06.06;31.12.06;P14
60ULM;60 Jahre OV  Ulm  P14;DL0UL;01.06.06;31.12.06;P14
60ULM;60 Jahre OV  Ulm  P14;DB0CUI;01.06.06;31.12.06;P14
60V15;60 Jahre Amateurfunk in Güstrow;DL0SWG;01.09.16;31.10.16;V15
60VEGESACK;60 Jahre OV Vegesack (I14);DO0BVS;01.02.08;31.12.08;I14
60VEGESACK;60 Jahre OV Vegesack (I14);DF0RY;01.02.08;31.12.08;I14
60W02;60 Jahre Ortsverband Halberstadt;DL0HBS;01.05.19;31.05.19;W02
60W12;60 Jahre OV W12;DK0ZG;01.01.15;31.12.15;W12
60W33;60 Jahre Amateurfunk Ballenstedt;DK0GYB;01.05.24;31.10.24;W33
60WAE;60 Jahre WAE-DX-Contest;DQ60WAE;01.06.14;31.05.15;
60WOF;60 Jahre Amateurfunk in Wolfen;DL0HWO;01.01.20;30.09.20;W28
60X36;60 Jahre OV X36 Bad Salzungen;DK0WK;01.01.25;31.12.25;X36
60X38;60 Jahre Funksport in Oberweißbach;DL0OBW;01.03.24;30.11.24;X38
60Y02;60 Jahre OV Oranienburg (Y02);DL0ORB;01.09.12;30.09.12;Y02
60Y14;60 Jahre OV Bernau;DK0BER;13.02.17;31.12.17;Y14
60Y14;60 Jahre OV Bernau;DM60BER;25.02.17;31.12.17;Y14
60YLB;60 Jahre YL-Aktivität im Distrikt Franken;DL0YLB;01.01.25;31.12.25;B33
60Z07;60 Jahre VFDB-OV Hamburg (Z07);DL0HM;01.05.11;30.04.12;Z07
60ZYA;Vor 60 Jahren Rollout und Erstflug des 1. deutschen Passagierdüsenjets;DM152ZYA;01.04.18;31.12.18;S05
60ZYA;Vor 60 Jahren Rollout und Erstflug des 1. deutschen Passagierdüsenjets;DL0FHD;01.04.18;31.12.18;S05
625EUL;625 Jahre Eulenbis;DF0LS;01.07.05;31.12.05;K39
640OBW;640 Jahre Oberweißbach;DL0OBW;01.01.10;31.12.10;X38
645SSG;645 Jahre Stadtrechte Solingen;DL0SO;01.12.19;30.11.20;R14
650BAR;650 Jahre Barnin;DR650BAR;01.02.12;31.12.12;V14
650BUD;650 Jahre Freiheitsrechte für die Bürger Büdingens;DL0FC;01.09.03;30.09.03;F62
650JE;650 Jahre Stadt Jessen /Elster;DL650JE;01.07.08;31.12.08;Y37
650OBW;650 Jahrfeier der Fröbelstadt Oberweißbach;DL0OBW;01.04.20;31.12.20;X38
650SG;650 Jahre Klingenstadt Solingen;DQ650SG;01.01.24;31.12.24;R14
650WEG;650 Jahre Marktrecht Wegscheid;DK0WS;01.06.10;30.09.10;U19
65A18;65 Jahre OV Furtwangen;DL0FIS;01.07.21;31.12.21;A18
65B02;65 Jahre OV Ansbach (B02);DK0AN;01.02.12;31.12.12;B02
65B02;65 Jahre OV Ansbach (B02);DL0ABW;01.03.12;31.12.12;B02
65B03;65 Jahre OV Marktredwitz (B03);DF0AZ;01.01.20;31.12.20;B03
65B04;65 Jahre DARC-OV Aschaffenburg;DL0AB;06.02.15;05.02.16;B04
65B19;65 Jahre OV Coburg;DL0CG;01.09.21;30.08.22;B19
65C16;65 Jahre OV Traunstein;DL65TRS;04.04.16;31.03.17;C16
65C25;65 jähriges Ortsverbandsjubiläum;DK65ERD;26.01.23;25.01.24;C25
65D05;65 Jahre OV-Schöneberg D05;DL0JS;01.04.16;30.06.16;D05
65DARC;65 Jahre DARC;DK65DARC;01.01.15;31.12.15;VO
65DARC;65 Jahre DARC;DA65RC;01.01.15;31.12.15;VO
65DARC;65 Jahre DARC;DL65DARC;01.01.15;31.12.15;VO
65F05;65 Jahre OV Frankfurt (F05);DK0CW;01.01.12;31.12.12;F05
65F05;65 Jahre OV Frankfurt (F05);DR2Z;01.01.12;31.12.12;F05
65F05;65 Jahre OV Frankfurt (F05);DL0FFM;01.01.12;31.12.12;F05
65F05;65 Jahre OV Frankfurt (F05);DB0FJG;25.01.12;31.12.12;F05
65F05;65 Jahre OV Frankfurt (F05);DL0FVA;01.02.12;31.12.12;F05
65F06;65 Jahre OV Fulda (F06);DF0FU;01.02.12;31.12.12;F06
65F15;65 Jahre OV Marburg (F15);DL0UM;01.03.11;29.03.12;F15
65F27; 		65 Jahre OV F27;DL0TS;01.09.25;31.12.25;F27
65F27; 		65 Jahre OV F27;DL0MTK;01.09.25;31.12.25;F27
65G13;Vor 65 Jahren wurde der OV G13 gegründet;DK0HS;03.09.19;02.09.20;G13
65G21;65 Jahre G21;DL0XD;01.01.26;31.12.26;G21
65H24;65 Jahre OV Wolfsburg;DL0VW;01.12.16;31.12.16;H24
65I01;65jähriges Bestehen des OV;DL0ZA;01.03.16;28.02.17;I01
65I07;65 Jahre OV Leer (I07);DL0LO;01.02.12;31.12.12;I07
65K03;65 Jahre K03 OV Idar-Oberstein;DL0IO;01.03.14;28.02.15;K03
65K15;65-jähriges Bestehen des DARC OV Bingen am Rhein, K15;DK65BIN;01.01.22;31.12.22;K15
65K15;65. Jubiläum des DARC OV Bingen am Rhein, K15;DR3I;01.01.22;31.12.22;K15
65K15;65. Jubiläum des DARC OV Bingen am Rhein, K15;DP4G;01.01.22;31.12.22;K15
65L05;65 Jahre OV Essen;DL65ESSEN;01.05.21;30.04.22;L05
65M14;65. OV Geburtstag OV M14 Bad Segeberg;DF0SE;01.07.17;30.06.18;M14
65M21;65 Jahre M21;DL0OU;01.03.25;30.11.25;M21
65M21;65 Jahre M21;DK0RU;01.03.25;30.11.25;M21
65M21;65 Jahre M21;DR1G;01.03.25;30.11.25;M21
65MVP;65 Jahre Amateurfunk in Mecklenburg-Vorpommern;DM65MVP;01.05.18;31.12.18;V07
65N20;65 Jahre OV Herten;DK0HN;20.02.22;19.02.23;N20
65O27;65 Jahre OV Ennepetal O27;DL65ENNEPE;01.04.23;31.12.23;O27
65P08;65 Jahre OV Nürtingen (P08);DL0NT;01.01.12;31.12.12;P08
65P08;65 Jahre OV Nürtingen (P08);DF0MS;01.02.12;31.03.12;P08
65P08;65 Jahre OV Nürtingen (P08);DR2P;01.02.12;31.12.12;P08
65P08;65 Jahre OV Nürtingen (P08);DF0MS;01.05.12;28.02.13;P08
65P15;65 Jahre OV Mühlacker-Vaihingen/Enz;DK0VE;01.01.17;31.12.17;P15
65P20;65 Jahre Ov Schwäbisch Hall;DL0SHA;01.10.22;31.03.23;P20
65P20;65 Jahre Ov Schwäbisch Hall;DL2R;01.10.22;31.03.23;P20
65Q04;65-jähriges Bestehen des OV Merzig Q04;DL0RE;01.07.16;30.06.17;Q04
65R11;65 Jahre OV R11;DL0NS;01.10.24;31.12.24;R11
65R11;65 Jahre OV R11;DF0NN;01.10.24;31.12.24;R11
65RD;65 Jahre Amateurfunk in Rendsburg;DL0FJ;01.12.13;30.11.14;M12
65RIFU;65 Jahre Richtfunk auf dem Collmberg;DC0TO;01.09.18;30.11.18;Z91
65RLP;65 Jahre Distrikt RLP (K);DK0RLP;01.01.12;31.12.12;K39
65RLP;65 Jahre Distrikt RLP (K);DA0RP;01.01.12;31.12.12;K39
65RLP;65 Jahre Distrikt RLP (K);DF0RLP;01.01.12;31.12.12;K39
65RLP;65 Jahre Distrikt RLP (K);DL0K;01.01.12;31.12.12;K11
65RLP;65 Jahre Distrikt RLP (K);DL0RP;01.01.12;31.12.12;K46
65RLP;65 Jahre Distrikt RLP (K);DM0K;01.01.12;31.12.12;K39
65RLP;65 Jahre Distrikt RLP (K);DF0RPJ;01.01.12;31.12.12;K33
65T01;65 Jahre OV Augsburg (T01);DF0SI;01.01.11;31.12.11;T01
65T08;65 Jahre OV T08 Neuburg-Schrobenhausen;DL0NEU;10.12.21;09.12.22;T08
65T08;65 Jahre OV T08 Neuburg-Schrobenhausen;DL0IR;10.12.21;09.12.22;T08
65X07;65 Jahre X07;DL0FUN;01.06.23;31.12.23;X07
65Z11;65. Jahre Ortsverband Koblenz;DL0KOB;01.01.17;31.12.17;Z11
65Z11;65 Jahre OV Z11;DQ200FESTE;01.01.17;31.12.17;Z11
65Z11;65. Jahre Ortsverband Koblenz;DL0KO;01.01.17;31.12.17;Z11
65Z11;65. Jahre Ortsverband Koblenz;DF0KO;01.01.17;31.12.17;Z11
666RPZ;666 Rentner und Pensionärs Z-Runde;DK0Z;01.04.08;31.05.08;Z60
675NST;675 Jahre Neustadt in Sachsen;DL0UPC;01.05.08;01.06.08;S15
6FSW;6. Fortbildungs-Seminar Württemberg;DK0FSW;16.06.19;15.09.19;P57
6JUIST;Lighthouseday;DL0PBS;18.08.06;20.08.06;I57
6LR;Aktivitätstage auf dem Feuerschiff Laeso Rende;DF0AWG;01.08.06;21.08.06;H08
6SBHK;6. Sächsischer Bergmanns-, Hütten- und Knappentag in Olbernhau;DK0ERZ;01.04.22;30.09.22;S49
700BRG;700 Jahre Burg (Spreewald);DM700BURG;01.05.15;30.04.16;Y24
700CAS;700 Jahre Casekow;DF0TEC;01.05.10;31.10.10;Y16
700EBS;700 Jahrfeier der Stadt Ebersbach/Sachsen;DL0OBL;01.03.06;31.05.06;S04
700EO;700 Jahre Eckernförde;DL0EO;01.07.02;31.07.02;M01
700GEH;700 Jahre Stadt Gehrden;DL0RSG;16.05.98;14.06.98;H63
700GEH;700 Jahre Stadt Gehrden;DF0RG;16.05.98;14.06.98;H63
700GEH;700 Jahre Stadt Gehrden;DK0KWS;16.05.98;14.06.98;H63
700GEH;700 Jahre Stadt Gehrden;DL0MCG;16.05.98;14.06.98;H63
700GOE;700 Jahre Götzenhain;DL0PP;01.05.18;31.10.18;F29
700KK4;700 Jahre Kaiser Karl IV;DL0THL;01.04.16;31.03.17;B34
700LH;700 Jahre Stadt Lüdinghausen;DL1L;01.03.08;28.02.09;N29
700LH;700 Jahre Stadt Lüdinghausen;DR700LH;01.03.08;28.02.09;N29
700LH;700 Jahre Stadt Lüdinghausen;DL0CAN;01.03.08;28.02.09;N29
700LH;700 Jahre Stadt Lüdinghausen;DL0LN;01.03.08;28.02.09;N29
700LIB;700 Jahre Liebenwerda;DL0LIB;01.05.04;31.05.04;Y43
700LSW;700 Jahre Lübbenau Spreewald;DL0LSW;01.01.15;31.12.15;Y28
700LSW;700 Jahre Lübbenau Spreewald;DM700LSW;01.01.15;31.12.15;Y28
700NWK;700 Jahre Neuwerk;DA0GLH;15.03.10;15.04.10;I25
700OR;700 Jahre Ober-Ramstadt;DK0MM;01.01.10;31.12.10;F39
700SI;700 Jahre Gemeinde Schwieberdingen;DK0MTL;11.09.04;26.09.04;P55
700SRG;700 Jahre Stadtrechte Grünsfeld;DF0TF;01.03.20;31.08.20;A46
700SUNDERN;700 Jahre Sundern;DD0UKW;08.05.10;31.05.10;O02
700SUNDERN;700 Jahre Sundern;DL0IA;01.09.10;30.09.10;O02
700VBG;700-Jahrfeier Stadt Vienenburg;DP700VBG;01.02.06;31.12.06;H09
704MBG;1300 Jahre Mühlburg / Thür. bei Erfurt;DL0MBG;07.04.04;06.05.04;X16
704MBG;1300 Jahre Mühlburg / Thür.;DL0MBG;05.06.04;04.07.04;X16
70A18;70 Jahre OV Furtwangen;DL70FIS;01.08.26;31.10.26;A18
70AFUG;70 Jahre Amateurfunkgesetz in Deutschland;DL70AFUG;25.01.19;24.01.20;L11
70AIR;70 Jahre Airlift Berlin, Die Rückkehr der Rosinenbomber;DL70AIR;01.03.19;31.12.19;I25
70B02;70 Jahre OV Ansbach;DK0AN;01.01.17;31.12.17;B02
70B02;70 Jahre OV Ansbach;DL0ABW;01.01.17;31.12.17;B02
70B03;70 Jahre OV Marktredwitz B03;DF0AZ;01.01.25;31.12.25;B03
70B04;70 Jahre OV B04;DL0AB;01.01.20;31.12.20;B04
70B14;70 Jahre OV Schweinfurt;DL0SM;25.03.24;24.06.24;B14
70BAL;70 Jahre Berliner Luftbrücke (Berlin Air Lift);DR70BAL;11.02.19;10.02.20;V19
70BJRK;70 Jahre Bayerisches Jugendrotkreuz;DL0JRK;16.02.17;15.02.18;B02
70BW;70 Jahre Bestehen der Bundeswehr;DK0CIR;01.03.25;01.12.25;I15
70C;70 Jahre Distrikt C (Oberbayern);DL7C;02.01.17;31.12.17;
70C05;70 Jahre OV. Ingolstadt C 05;DL0IN;01.01.17;31.12.17;C05
70C16;70 Jahre Ortsverband Traunstein im DARC;DL70TRS;01.01.21;31.12.21;C16
70D;70 Jahre Bestehen des Distriktes D;DR70BLN;01.04.19;31.03.20;
70D04;70 Jahre DOK: D04;DL0JKH;01.01.19;31.12.19;D04
70D04;70 Jahre DOK: D04;DF0BT;01.01.19;31.12.19;D04
70D04;70 Jahre DOK: D04;DL0JR;01.01.19;31.12.19;D04
70D05;70 Jähriges Bestehen des OV-Schöneberg D05;DL0JS;01.04.21;30.06.21;D05
70DA;70 Jahre Distrikt Baden (A);DK70BAD;01.01.23;31.12.23;A22
70DARC;70 Jahre DARC;DK70DARC;01.01.20;31.12.20;
70DARC;70 Jahre DARC;DF70DARC;01.01.20;31.12.20;
70DARC;70 Jahre DARC;DP70DARC;01.01.20;31.12.20;
70DD;70 Jahre Bombardierung der Stadt Dresden;DK0MHD;08.02.15;22.02.15;S05
70DILI;70 Jahre Küstenmotorschiff Iris-Jörg;DL0MFM;01.02.26;31.10.26;Z24
70DLRS;70 Jahre Deutschland-Rundspruch;DB70DLRS;01.06.26;31.12.26;
70DQFD;70 Jahre Indienststellung Segelschulschiff "Greif";DL70GREIF;01.06.21;31.12.21;V11
70DRS;70 Jahre Flughafen in Dresden;DL0FHD;01.08.05;30.11.05;S05
70DXMB;70 Jahre DX-Mitteilungsblatt des DARC;DM70DXMB;01.11.24;13.12.24;
70E;70 Jahre Distrikt E;DL0HMB;02.01.17;31.12.17;E33
70E02;70 Jahre OV Hamburg;DL0EH;01.01.17;31.12.17;E02
70E04;70 Jahre OV Stade;DL0OT;01.01.17;31.12.17;E04
70EDAY;70 Jahre Elbe-Day;DQ70ELBE;10.04.15;10.05.15;Z91
70ERL;Überregionale Aktivitäten zu 70 Jahre Amateurfunk in Erlangen;DK0ER;01.05.03;31.12.03;B08
70ERL;Überregionale Aktivitäten zu 70 Jahre Amateurfunk in Erlangen;DF0TZ;01.05.03;31.12.03;O44
70ERL;Überregionale Aktivitäten zu 70 Jahre Amateurfunk in Erlangen;DL0TZ;01.05.03;31.12.03;O44
70ERL;Überregionale Aktivitäten zu 70 Jahre Amateurfunk in Erlangen;DK0FHG;01.05.03;31.12.03;B41
70F;70 Jahre Distrikt Hessen F;DL0F;01.05.17;30.04.18;
70F02;70 jähriges Jubiläum des OV Bergstraße;DL0BQ;01.01.17;31.12.17;F02
70F02;70-jähriges Bestehen des OV;DL70BERG;01.01.17;31.12.17;F02
70F06;70 Jahre Ortsverband Fulda;DF0FU;03.01.17;31.12.17;F06
70F07;70 Jahre OV GIESSEN F07;DL0GH;03.01.17;31.12.17;F07
70F10;70 Jahre OV F10;DL0KW;01.01.17;31.12.17;F10
70F11;70 Jahre F11;DL0HG;01.03.17;31.12.17;F11
70F19;70 Jahre Ortsverband F19 Wetzlar;DL0WM;01.01.17;31.12.17;F19
70G09;70 Jahre DARC-Ortsverband Bad Honnef;DL0AD;01.03.25;30.11.25;G09
70G11;70 Jahre G11 Leverkusen;DL70LEV;01.01.19;31.12.19;G11
70G11;70 Jahre G11 Leverkusen;DL0IL;01.01.19;31.12.19;G11
70G13;70 Jahre Bestehen des OV`s G13 am 1. Juli;DK0HS;01.07.24;30.09.24;G13
70G14;70 Jahre Bestehen des OV G14;DF0OR;01.11.25;31.10.26;G14
70GG;70 Jahre Grundgesetz und Rittersturztreffen;DL0KO;01.01.19;31.12.19;Z11
70GG;70 Jahre Grundgesetz und Rittersturztreffen;DA3M;01.01.19;31.12.19;K26
70H;70 Jahre Distrikt Niedersachsen;DL0DN;10.07.17;31.10.17;H01
70H02;70 Jahre OV Walsrode;DF0W;01.01.25;30.06.25;H02
70H02;70 Jahre OV Walsrode;DL0WAL;01.01.25;30.06.25;H02
70H05;70 Jahre OV Celle - H05;DL0CN;01.01.17;31.12.17;H05
70H07;70 jähriges Bestehen des OV Faßberg H07;DK0FF;01.01.20;31.12.20;H07
70H20;70-jähriges Bestehen OV Peine H20;DQ70PEINE;01.01.17;31.12.17;H20
70H24;70 Jahre OV Wolfsburg;DL70WOB;01.01.22;31.12.22;H24
70H44;70 Jahre OV Bad Pyrmont;DL0BPY;01.02.18;31.01.19;H44
70H44;70 Jahre OV Bad Pyrmont;DR2L;20.04.18;19.04.19;H44
70HDH;70 Jahre OV Heidenheim;DK0HA;01.01.23;31.12.23;P04
70HS;70 Jahre Hessen;DQ3F;01.12.16;31.12.16;F27
70I05;70-jähriges Bestehen OV Bremerhaven I05;DK0SN;01.01.18;31.12.18;I05
70I07;70 Jahre OV Leer;DL0LO;09.03.17;31.12.17;I07
70I13;70 Jahre OV Varel;DL0OVA;01.04.17;31.03.18;I13
70I14;70 Jahre OV I14;DK0MTR;01.01.18;31.12.18;I14
70I15;70-jähriges Bestehen des OV Verden/I-15;DL0VA;01.01.17;31.12.17;I15
70I16;70 Jahre Ortsverband Wilhelmshafen;DF0WH;01.01.24;24.08.24;I16
70IPA;70 Jahre Internationale Polizei Association;DL70IPA;01.04.20;31.12.20;S69
70IPA;70 Jahre Gründung der IPA Sektion Deutschland;DL70IPASD;15.05.25;15.11.25;S69
70K01;70 Jahre OV Ahrweiler;DK0AHR;20.11.22;19.12.22;K01
70K04;70 Jahre OV Bad Kreuznach;DK0BK;01.01.19;31.12.19;K04
70K04;70 Jahre OV Bad Kreuznach;DK0KH;01.01.19;31.12.19;K04
70K07;70 Jahre OV Mainz - K07;DL0MZ;07.06.24;06.12.24;K07
70K09;70 Jahre OV Pirmasens;DK0PS;14.03.22;13.09.22;K09
70L04;70 Jahre OV Emmerich;DL0DZ;01.03.25;01.09.25;L04
70L05;70 Jahre OV L05;DL70ESSEN;01.05.26;31.12.26;L05
70L20;70 Jahre OV Rheinhausen;DL0RN;24.03.24;31.12.24;L20
70LBFA;70 Jahre Luftbrücke Faßberg-Berlin in 2019;DL0FA;01.01.19;31.12.19;H07
70LBFA;70 jähriges Bestehen der Luftbrücke Faßberg Berlin;DL0FA;01.01.20;31.12.20;H07
70LSC;70 Jahre Sportschule Lausitz;DM70LSC;21.06.24;20.03.25;Y24
70LU;70 Jahre OV Ludwigshafen/Rh;DL0LU;01.11.03;30.11.03;K06
70M;70 Jahre Distrikt M + 70 Jahre DARC-BZ;DL70DSH;01.01.17;31.12.17;
70M04;70 Jahre Ortsverband Husum, M04;DL0HU;01.05.23;31.10.23;M04
70M07;70 Jahre M07;DL70M07LO;16.01.24;31.12.24;M07
70M14;70 Jahre OV Bad Segeberg M14;DF0SE;01.01.22;31.12.22;M14
70MG;70 Jahre OV Mönchengladbach;DL0RY;01.03.05;28.02.06;R10
70MG;70 Jahre OV Mönchengladbach;DF0MG;01.03.05;28.02.06;R10
70N08;70 Jahre DARC Ortsverband Herford;DK0HF;01.04.17;31.03.18;N08
70N13;70 Jahre OV Münster;DK0MU;01.04.17;31.03.18;N13
70N13;70 Jahre OV Münster;DA0MS;01.04.17;31.03.18;N13
70N14;70 jähriges bestehen des OV N 14;DL70PADER;04.01.18;31.12.18;N14
70N14;70 Jahre OV N14;DL0PB;01.02.18;31.01.19;N14
70N16;70 Jahre OV N 16 Rheine;DF0RE;01.02.17;31.01.18;N16
70N17;70 jähriges Bestehen des OV Bocholt N17;DL0BX;01.10.17;30.09.18;N17
70N20;70 Jahre OV N20 Herten;DK0HN;01.01.27;31.12.27;N20
70NRW;70 Jahre NRW Geburtstag;DL70NRW;28.08.16;27.09.16;R01
70O05;70 Jahre Ortsverband Dortmund O05;DL0DO;12.08.17;10.09.17;O05
70O10;70 Jahre OV Hamm;DL0JC;01.10.17;31.10.17;O10
70OVH;70 Jahre Ortsverbände in Niedersachsen;DL0HI;01.07.17;31.10.17;H15
70OVH;70 Jahre Ortsverbände in Niedersachsen;DK0RM;01.07.17;31.10.17;H14
70OVH;70 Jahre Ortsverbände in Niedersachsen;DL0BV;01.07.17;31.10.17;H03
70OVH;70 Jahre Ortsverbände in Niedersachsen;DL0GD;01.07.17;31.10.17;H04
70OVH;70 Jahre Ortsverbände in Niedersachsen;DL0HV;01.07.17;31.10.17;H13
70OVH;70 Jahre Ortsverbände in Niedersachsen;DL0NX;01.07.17;31.10.17;H17
70OVH;70 Jahre Ortsverbände in Niedersachsen;DL0HOL;01.07.17;31.10.17;H16
70OVH;70 Jahre Ortsverbände in Niedersachsen;DK0OA;01.07.17;31.10.17;H01
70OVH;70 Jahre Ortsverbände in Niedersachsen;DA2T;01.07.17;31.10.17;H16
70OVH;70 Jahre Ortsverbände in Niedersachsen;DF0CF;01.07.17;31.10.17;H05
70OVH;70 Jahre Ortsverbände in Niedersachsen;DK0GS;01.07.17;31.10.17;H22
70OVH;70 Jahre Ortsverbände in Niedersachsen;DL0GN;01.07.17;31.10.17;H10
70OVH;70 Jahre Ortsverbände in Niedersachsen;DL0PE;01.07.17;31.10.17;H20
70OVH;70 Jahre Ortsverbände in Niedersachsen;DF0GIF;01.07.17;31.10.17;H08
70OVH;70 Jahre Ortsverbände in Niedersachsen;DK0UE;01.07.17;31.10.17;H23
70OVH;70 Jahre Ortsverbände in Niedersachsen;DL0GSH;01.07.17;31.10.17;H09
70P;70 Jahre Distrikt Württemberg;DK0FSW;18.05.23;31.12.23;P57
70P;70 Jahre Distrikt Württemberg;DL0DW;18.05.23;31.12.23;P34
70P01;70-jähriges Bestehen des OV P01;DP70BAC;01.10.21;31.12.21;P01
70P13;70 Jahre DOK P13 OV Tuttlingen;DL0TN;01.03.19;29.02.20;P13
70P15;70 Jahre OV Mühlacker-Vaihingen/Enz P15;DK0VE;01.01.22;30.09.22;P15
70Q02;70 Jahre OV St. Ingbert;DL0IT;01.01.21;31.12.21;Q02
70Q03;70 Jahre OV Neunkirchen;DL0NK;01.01.21;31.12.21;Q03
70R02;70 Jahre OV Grenzland;DL0GE;01.10.17;30.09.18;R02
70R04;70 Jahre Amateurfunk in Hilden;DL0CK;31.01.17;30.01.18;R04
70R05;Gründung des OV Kempen/Niederrhein vor 70 Jahren;DL0KK;01.02.20;31.12.20;R05
70R13;70 Jahre Amateurfunk in Remscheid;DL0GR;01.10.17;31.12.17;R13
70R14;70 Jahre Ortsverband R14 Solingen;DL0SO;01.08.17;31.07.18;R14
70R15;70 Jahre OV Velbert R15;DK0VJ;01.06.19;30.11.19;R15
70R15;70 Jahre OV Velbert R15;DL0VR;01.06.19;30.11.19;R15
70R15;70 jähriges Bestehen des OV Velbert R15;DC0AD;01.07.19;31.12.19;R15
70RAHR;70 Jahre Regensburger Altherrenrunde;DR70AHR;20.01.20;19.01.21;U17
70RLP;70 Jahre Distrikt Rheinland-Pfalz;DL0RP;01.01.19;31.12.19;K39
70RLP;70 Jahre Distrikt Rheinland-Pfalz;DK0RLP;01.01.19;31.12.19;K39
70RLP;70 Jahre Distrikt Rheinland-Pfalz;DF0RLP;01.01.19;31.12.19;K39
70RLP;70 Jahre Distrikt Rheinland-Pfalz;DA0RP;01.01.19;31.12.19;K39
70RLP;70 Jahre Distrikt Rheinland-Pfalz;DF0RPJ;01.01.19;31.12.19;K33
70RLP;70 Jahre Distrikt Rheinland-Pfalz;DM0K;01.01.19;31.12.19;K39
70RLP;70 Jahre Distrikt Rheinland-Pfalz;DQ70RLP;01.01.19;31.12.19;K39
70RLP;70 Jahre Distrikt Rheinland-Pfalz;DL0K;17.01.19;31.12.19;K54
70T03;70 Jähriges Gründungsjubiläum;DK0ZS;01.07.20;30.06.21;T03
70T03;70 Jähriges Gründungsjubiläum;DF0FK;01.07.20;30.06.21;T03
70T07;70 Jahre OV Memmingen;DL0AM;01.01.25;31.12.25;T07
70T07;70 Jahre OV Memmingen;DK0RUS;01.01.25;31.12.25;T07
70THW;70 Jahre Technisches Hilfswerk;DL70THW;16.11.20;15.08.21;K19
70U02;70 Jahre OV Bayerwald;DL0ZW;01.02.17;31.01.18;U02
70U03;70 Jähriges Bestehen OV Cham U03;DL0CH;01.07.24;30.09.24;U03
70U13;70 Jahre OV Regensburg U13;DL0RA;01.01.06;31.12.06;U13
70WAE;70 Jahre "Worked All Europe"-Diplom;DJ70WAE;01.01.18;31.12.18;
70WN;70 Jahre Distrikt N Westfalen-Nord;DF0WN;01.03.21;31.12.21;N00
70WUNB;70 Jahre Luftbrücke Wunstorf - Berlin;DL0WUN;01.06.19;30.11.19;H35
70ZDS;70 Jahre Zentralfachschule Deutsche Süßwarenwirtschaft;DL0SO;01.12.21;31.05.22;R14
725AE;725 Jahre Stadt Auerbach / Vogtland;DL0VLA;01.12.07;31.12.07;S56
725BMS;725 Jahrfeier Bodenwerder Münchhausenstadt;DL0HOL;25.06.12;31.08.12;H16
725HAL;725 Jahre Stadt Haltern am See;DK0HO;07.06.14;05.07.14;N42
725HN;725 Jahre Stadtrechte Heilbronn;DK0UL;01.05.06;31.12.06;P40
725KROPP;725 Jahre Gemeinde Kropp;DK0SL;01.08.10;30.09.10;M28
73AFUG;73. Geburtstag des Amateurfunkgesetzes;DL73AFUG;01.01.22;31.12.22;L33
750BLB;750 Jahre Bad Berleburg;DK0EL;01.09.08;30.09.08;O39
750BLH;750 Jahre Burgen in Lüdinghausen;DL0LN;01.06.21;31.08.21;N29
750BNA;750 Jahre Stadt Borna;DL0BNA;01.08.01;31.08.01;S42
750DOR;750 Jahre Stadt Dorsten;DL0XN;15.05.01;14.06.01;N38
750DRH;750 Jahre Stadt Dreieichenhain;DL0PP;01.05.06;31.12.06;F29
750FF;750 Jahre Stadt Frankfurt/Oder;DA0FFO;01.07.03;31.07.03;Y22
750FOR;750 Jahre Forst Lausitz;DM750FOR;01.01.15;31.12.15;Y27
750FWS;Stadtjubiläum 750 Jahre Fürstenwalde/ Spree;DK0FWS;01.02.22;31.07.22;Y21
750GBW;750 Jahre Stadt Grabow;DA0GBW;22.06.02;20.07.02;V16
750HDF;750 Jahre Stadt Hermsdorf;DL0HDF;01.01.06;31.12.06;X25
750HEL;750 Jahre Helmstedt;DL0KP;08.03.97;07.04.97;H30
750HEL;750 Jahre Helmstedt;DL0KP;04.05.97;01.06.97;H30
750HEL;750 Jahre Helmstedt;DL0KP;01.08.97;31.08.97;H30
750HEL;750 Jahre Helmstedt;DL0KP;01.10.97;31.10.97;H30
750HEL;750 Jahre Helmstedt;DL0KP;01.12.97;31.12.97;H30
750HGW;750 Jahre Hansestadt Greifswald;DL0HGW;01.05.00;31.05.00;V11
750KFF;750 Jahre Kloster Fürstenfeld;DL0FU;01.05.13;31.05.13;C28
750KL;750 Jahre Kloster "Zum Heiligen Kreuz" in Rostock;DQ750KL;01.01.20;31.12.20;V07
750KLN; 		750 Jahre Kaiserslautern;DL0KS;01.01.26;31.12.26;K16
750L;750 Jahre Stadtrechte Stadt Lüdenscheid (Sauerland);DL0LC;01.01.18;31.12.18;O14
750LY;750 Jahre Stadt Lüchen;DL0AGU;01.07.98;31.07.98;Y01
750NRP;750 Jahre Stadt Neuruppin;DL0NP;01.06.06;31.08.06;Y10
750OLB;750 Jahre Olbernhau;DL0OLB;01.04.10;30.06.10;S49
750OSD;750 Jahre Osdorf;DL0TEU;01.01.18;31.12.18;E29
750PZL;750 Jahre Penzlin;DM750PZL;20.07.13;19.08.13;V22
750PZL;750 Jahre Penzlin;DL0NBG;20.07.13;19.08.13;V22
750RIE;750 Jahre Stadt Riedlingen;DL0RIE;01.05.05;31.08.05;P57
750SDT;750 Jahre Schwedt/Oder;DL0PCK;01.06.15;31.05.16;Y19
750SZ;750 Jahre Stadt Salzkotten;DF0SZ;01.08.97;31.08.97;N60
750TEL;750 Jahre Teltow;DA0ZD;01.03.15;29.02.16;Y11
750TW;750 Jahre "Töpferstadt Waldenburg";DF0GC;01.05.04;31.05.04;S57
750UEM;750 Jahrfeier Stadt Ueckermünde;DQ750UEM;01.01.10;31.12.10;V25
75A05;75 Jahre OV Freiburg;DK0FR;01.01.24;31.12.24;A05
75AFUG;75 Jahre Amateurfunkgesetzgebung in Deutschland;DP75AFUG;01.03.24;31.05.24;
75AFUG;75 Jahre Amateurfunkgesetz;DL75AFUG;06.05.24;30.10.24;C15
75AFUV;75 Jahre Amateurfunkverordnung;DL75AFUV;06.05.24;30.10.24;C15
75APD;75 Jahre Flughafen Dortmund;DC0DAM;01.10.01;31.10.01;O05
75APD;75 Jahre Flughafen Dortmund;DL0DO;01.10.01;31.10.01;O05
75B02;75 Jahre OV Ansbach;DR2G;01.01.22;31.12.22;B02
75B02;75 Jahre OV Ansbach;DL0ABW;01.01.22;31.12.22;B02
75B02;75 Jahre OV Ansbach;DK0AN;01.01.22;31.12.22;B02
75B04;75 Jahre OV-Aschaffenburg B04;DL75ASB;01.01.25;31.12.25;B04
75BAD;Stadtjubiläum Bad Liebenwerda;DL0LIB;24.08.00;23.09.00;Y32
75BAL;75 Jahre Luftbrücke Wunstorf - Berlin;DL75BAL;24.06.23;23.03.24;H35
75BN;75 Jahre Sektion Bonn des DASD;DL0OV;01.03.02;31.03.02;G03
75BN;75 Jahre OV Bonn;DL0OV;01.07.02;31.07.02;G03
75BN;75 Jahre OV Bonn;DL0OV;01.09.02;30.09.02;G03
75BN;75 Jahre OV Bonn;DL0OV;01.11.02;30.11.02;G03
75BOST;75 Jahre Berliner Olympiastadion;DB0MVB;01.05.11;31.08.11;D13
75BOST;75 Jahre Berliner Olympiastadion;DL0MVB;01.05.11;31.08.11;D13
75BOST;75 Jahre Berliner Olympiastadion;DO0MVB;01.05.11;31.08.11;D13
75BOST;75 Jahre Berliner Olympiastadion;DA0MVB;01.05.11;31.08.11;D13
75BOST;75 Jahre Berliner Olympiastadion;DL0D;25.06.11;31.08.11;D13
75BRD;75 Jahre BRD / 75 Jahre Grundgesetz;DL75BRD;01.09.23;31.08.24;
75C;75 Jahre DARC - Distrikt Oberbayern;DL75OBY;14.01.22;31.12.22;C18
75CW;75 Jahre Amateurfunk in Langenberg;DL0NI;01.09.05;30.11.05;R07
75D04;75 Jahre OV D04;DF0BT;01.01.24;31.12.24;D04
75D04;75 Jahre OV D04;DL0JKH;01.01.24;31.12.24;D04
75D04;75 Jahre OV D04;DL0JR;01.01.24;31.12.24;D04
75DARC;75 Jahre Deutscher Amateur Radio Club;DC75DARC;01.05.25;01.11.25;J00
75DARC;75 Jahre Deutscher Amateur Radio Club;DK75DARC;01.05.25;01.11.25;J00
75DARC;75 Jahre Deutscher Amateur Radio Club;DD75DARC;01.05.25;01.11.25;J00
75DARC;75 Jahre Deutscher Amateur Radio Club;DR75DARC;01.05.25;01.11.25;J00
75DRG;75. Geburtstag Disrikt L;DL75DRG;01.01.22;31.12.22;L33
75DRG;75-jähriges Bestehen des Distriktes Ruhrgebiet (L);DL0DRG;01.01.22;31.12.22;L03
75DRI;75 Jahre OV Bad Driburg N05;DA0HX;01.05.26;31.10.26;N05
75DRI;75 Jahre OV Bad Driburg N05;DL0EG;01.05.26;31.10.26;N05
75DRS;75 Jahre Flughafen Dresden;DL0FHD;13.09.10;19.09.10;S05
75DU;Jubiläum der Ortsgruppe Duisburg;DL0DG;15.09.04;15.10.04;L02
75E;75 Jahre Distrikt Hamburg;DL0HMB;01.04.22;30.09.22;E09
75E;75 Jahre Distrikt E;DL0YLE;01.04.22;30.09.22;E12
75E02;75 Jahre OV Hamburg E02;DL0EH;01.01.22;31.12.22;E02
75E03;75 Jahre OV Lübeck;DL0LK;01.01.22;31.12.22;E03
75E2WW;75th Anniversary of the End of Second World War in Europe;DM75MIR;01.04.20;30.09.20;X32
75ERL;75 Jahre Amateurfunk in Erlangen;DL75ERL;01.02.07;31.01.08;B08
75ERL;75 Jahre Amateurfunk in Erlangen;DK0ER;15.02.07;31.12.07;B08
75F;75 Jahre Distrikt Hessen;DL0F;01.02.22;31.01.23;F34
75F06;75 Jahre OV Fulda F06;DF0FU;01.01.22;31.12.22;F06
75F06;75 Jahre OV Fulda;DA0FUL;01.01.22;31.12.22;F06
75F06;75 Jahre OV Fulda F06;DF0KAT;01.01.22;31.12.22;F06
75F10;JUBILÄUM 75 JAHRE OV F10;DL0KW;01.02.22;31.12.22;F10
75F11;75 Jahre DARC Ortsverband Bad Homburg F11;DL0HG;01.07.22;30.06.23;F11
75F11;75 Jahre DARC Ortsverband Bad Homburg F11;DK0HT;08.07.22;30.06.23;F11
75F19;75 Jahre OV F19 Wetzlar;DL0WM;29.01.22;31.12.22;F19
75G07;75 Jahre OV Gummersbach (G07);DL0GM;01.01.12;31.12.12;G07
75G11;75 Jahre DARC e.V. OV G11 Leverkusen;DL0IL;19.03.24;18.03.25;G11
75GF;75 Jahre Stadt Gifhorn;DF0GIF;01.01.19;31.12.19;H08
75H01;75 Jahre DARC Ortsverband Alfeld DOK H01;DP75ALF;01.08.22;30.07.23;H01
75H01;75 Jahre Ortsverband H01;DK0OA;01.08.22;30.07.23;H01
75H05;75 Jahre OV Celle H05;DF0CF;01.01.22;31.12.22;H05
75H05;75 Jahre OV Celle H05;DL0CN;14.02.22;31.12.22;H05
75H09;75 Jahre OV H09;DK0GV;01.11.22;31.01.23;H09
75H13;75 Jahre Ortsverband H13;DL0HV;01.01.22;31.12.22;H13
75H15;75 Jahre OV Hildesheim H15;DP75HILDE;06.06.22;05.06.23;H15
75H19;75 Jahre OV H19 Osterode am Harz;DL0OHA;01.04.25;31.12.25;H19
75H23;75 Jahre OV Uelzen (H23);DK0UE;01.07.23;31.12.23;H23
75H44;75 Jahre OV H44;DR2L;01.01.23;31.12.23;H44
75H44;75 Jahre OV H44;DL0BPY;25.01.23;24.01.24;H44
75HERTEN;75 Jahre Stadt Herten;DK0HN;01.01.11;31.12.11;N20
75HES;75 Jahre Distrikt Hessen;DL75HES;01.02.22;31.01.23;F34
75HU;75 Jahre Amateurfunk in Hanau;DL0HO;01.07.12;30.09.12;F09
75I04;75 Jahre Amateurfunk im Raum Bremen;DL75BREMEN;01.01.08;31.12.08;I04
75K;75 Jahre Distrikt Rheinland-Pfalz;DA0RP;01.01.24;31.12.24;K39
75K;75 Jahre Distrikt Rheinland-Pfalz;DF0RLP;01.01.24;31.12.24;K39
75K;75 Jahre Distrikt Rheinland-Pfalz;DL0RP;01.01.24;31.12.24;K39
75K;75 Jahre Distrikt Rheinland-Pfalz;DQ75RLP;01.01.24;31.12.24;K39
75K;75 Jahre Distrikt Rheinland-Pfalz;DL0K;01.01.24;31.12.24;K54
75K;75 Jahre Distrikt Rheinland-Pfalz;DK0RLP;01.01.24;31.12.24;K39
75Koeln;75 OV Köln;DL0CA;09.12.01;08.01.02;G10
75KUE;75 Jahre Ostseebad Kühlungsborn;DL75KUE;23.03.13;22.04.13;V06
75KWT;Erste KW-Tagung vor 75 Jahren in Jena;DF0JEN;01.01.01;31.01.01;X22
75LBG;75 Jahre Amateurfunk in Langenberg;DL0NI;01.09.05;30.11.05;R07
75LF;75 Jahre Jubiläum Stadt Langenfeld / Rheinland;DK0LF;03.04.23;02.01.24;R25
75LH;75 Jahre Lippstädter Herbstfestwoche;DL0LP;01.10.01;31.10.01;O13
75LU;75 Jahre Amateurfunk in Ludwigshafen;DF0SC;01.01.08;31.12.08;K06
75LU;75 Jahre Amateurfunk in Ludwigshafen;DK0LU;01.01.08;31.12.08;K06
75LU;75 Jahre Amateurfunk in Ludwigshafen;DL0LU;01.01.08;31.12.08;K06
75LUFT;75. Ende der Luftbrücke Berlin;DL0GWW;12.05.24;11.08.24;L33
75LUFT;75. Ende der Luftbrücke Berlin;DL0THF;12.05.24;11.08.24;L33
75LUFT;75. Ende der Luftbrücke Berlin;DL0TXL;12.05.24;11.08.24;L33
75M13;75 Jahre OV Schleswig (M13);DL0SX;01.06.11;31.12.11;M13
75MIT;75 Jahre "Funkverein Mittweida";DK0MIT;01.05.99;16.05.99;S44
75N01;75 Jahre N01;DL0BI;22.08.22;21.02.23;N01
75N08;75 Jahre OV N08 Herford;DK0HF;01.03.22;30.11.22;N08
75N13;75 Jahre OV Münster - N13;DK0MU;01.04.22;31.12.22;N13
75N14;75 jähriges Bestehen des N14;DL0PB;15.01.23;14.01.24;N14
75NDS;75 Jahre Niedersachsen;DF0XX;01.10.21;31.12.21;H05
75O11;75 Jahre OV Iserlohn;DL0ID;01.01.22;31.12.22;O11
75O11;75 Jahre OV Iserlohn;DL0IS;01.01.22;31.12.22;O11
75O14; 		75 Jahre DOK O14 Lüdenscheid;DL0LC;01.04.25;31.12.25;O14
75OB;Aktivitätstage in Oberhausen;DL0RO;01.07.04;31.07.04;L18
75P01;75 Jahre OV P01;DP75BAC;01.07.26;31.12.26;P01
75P01;75 Jahre OV P01;DL0FF;01.07.26;31.12.26;P01
75P01;75 Jahre OV P01;DK0ANT;01.07.26;31.12.26;P01
75P02;75-jähriges Jubiläum;DF0ES;01.03.21;28.02.22;P02
75P05;75 Jahre OV Heilbronn (P05);DL0HN;01.01.10;31.12.10;P05
75P06;75 Jahre OV-Ludwigsburg P06;DL0LB;01.04.21;31.12.21;P06
75P07;75 Jahre OV Reutlingen;DL0RT;01.01.25;31.12.25;P07
75P12;75 Jähriges Bestehen des OVs P12;DL0TB;01.03.24;30.11.24;P12
75P12;75 Jähriges Bestehen des OVs P12;DL75TUE;09.07.24;30.11.24;P12
75R02;75 Jahre OV Grenzland R02;DL0GE;01.07.22;30.09.22;R02
75R04;75 jähriges Bestehen des OV Hilden R04;DL75HIL;01.01.22;31.12.22;R04
75R10;75 Jahre OV Mönchengladbach (R10);DF0MG;01.01.10;31.12.10;R10
75R10;75 Jahre OV Mönchengladbach (R10);DL0RY;01.01.10;31.12.10;R10
75R14;75 Jahre Ortsverband R14;DL0SO;01.06.22;31.05.23;R14
75R15;75 Jahre OV R15;DK0GT;01.03.24;30.11.24;R15
75R15;75 Jahre OV R15;DC0AD;01.03.24;30.11.24;R15
75R15;75 Jahre OV R15;DL0VR;01.03.24;30.11.24;R15
75R15;75 Jahre OV R15;DK0VJ;01.03.24;30.11.24;R15
75RLP;75 Jahre Rheinland Pfalz;DL75RLP;01.01.22;31.12.22;K07
75RLP;75 Jahre Rheinland Pfalz;DR75RLP;01.01.22;31.12.22;K07
75RM;Aktivitätsjahr;DA0RM;01.02.05;31.01.06;P15
75ROW;Rotenburger Stadtfest;DK0SIL;30.08.04;12.09.04;I19
75ROW;Rotenburger Stadtfest;DK0RFT;30.08.04;12.09.04;I19
75ROW;Rotenburger Stadtfest;DK0AG;30.08.04;12.09.04;I19
75ROW;Rotenburger Stadtfest;DF0RFT;30.08.04;12.09.04;I19
75ROW;Rotenburger Stadtfest;DF0LU;30.08.04;12.09.04;I19
75SFCX;75 Jahre Seefahrtschule Cuxhaven;DL0SMD;16.06.03;15.07.03;E19
75SH;75 Jahre Schleswig-Holstein;DL0SH;22.08.21;21.02.22;M09
75SIM;75 Jahre Stadterhebung der Stadt Simbach am Inn;DL0ROI;01.05.26;31.12.26;U12
75T03;75 jähriges Jubiläum;DL0HUT;01.12.25;28.02.26;T03
75T03;75 jähriges Jubliäum;DF0FK;01.12.25;28.02.26;T03
75T03;75 jähriges Jubiläum;DK0ZS;01.12.25;28.02.26;T03
75T04;75-stes Bestehen des T04 (Kempten/Allgäu);DK0KE;01.08.24;31.01.25;T04
75TFSA;75. Todestag von Friedrich Simon Archenhold;DL0ABT;01.10.14;31.10.14;D25
75VBG;75 Jahre Stadt Vienenburg;DQ2010VBG;01.01.10;31.12.10;H09
75WAU;75. Geburtstag Wau Holland;DL75WAU;01.03.26;31.12.26;D23
75WDG;75 Jahre Wilhelm-Diess-Gymnasium Pocking;DL0WDG;01.05.23;31.07.23;U30
75Z21;75 Jahre OV Darmstadt;DL0FTZ;11.01.25;10.10.25;Z21
770OZ;770 Jahre Stadtrechte Oschatz;DC0TO;01.04.08;31.10.08;Z91
775ANG;775 Jahre Angermünde;DQ775ANG;11.03.08;31.12.08;Y16
775BSG;775 Jahre Barlachstadt Güstrow;DL0SWG;01.07.03;31.07.03;V15
775ED;775 Jahre Stadt Erding;DK0ED;14.04.03;11.05.03;C25
775FKW;775 Jahre Finkenwerder;DL0FKW;01.06.11;31.12.11;E37
775GUB;775 Jahre Stadt Guben;DK0GUB;01.04.10;31.12.10;Y26
775HGW; 		775 Jahre Hansestadt Greifswald;DL0HGW;01.05.25;31.08.25;V11
775HST;775 Jahre Hansestadt Stralsund;DL0HST;01.05.09;31.12.09;V03
775HWI;775 Jahre Hansestadt Wismar;DA0HWI;01.04.04;30.04.04;V13
775HWI;775 Jahre Hansestadt Wismar;DL0HWI;01.04.04;30.04.04;V13
775HWI;775 Jahre Hansestadt Wismar;DL0HWI;01.06.04;30.06.04;V13
775HWI;775 Jahre Hansestadt Wismar;DA0HWI;01.06.04;30.06.04;V13
775LFD;775 Jahre Leinefelde;DA0SL;01.09.02;30.09.02;X14
775LFD;775 Jahre Leinefelde;DF0WBS;01.09.02;30.09.02;X14
775MIL;775 Jahre Stadt Miltenberg;DF0MI;01.01.12;31.12.12;B24
775PIR;775 Jahre Stadt Pirna;DL0LIE;01.01.08;31.12.08;S03
775PLAU;775 Jahre Plau am See;DL0SAK;01.02.10;31.12.10;V18
775PLAU;775 Jahre Plau am See;DL0PAS;01.02.10;31.12.10;V18
775TMG;775 Jahre Stadt Tittmoning;DR775TMG;01.06.09;31.05.10;C16
775UET;775 Jahre Rosenstadt Uetersen;DK0RU;01.06.09;31.08.09;M21
775UET;775 Jahre Rosenstadt Uetersen;DL0OU;01.06.09;31.08.09;M21
775WB;775 Jahre Markt Weidenbach;DK0RF;07.06.04;20.06.04;B20
775WES;775 Jahre Wesel;DL0MKW;01.01.16;31.12.16;R17
775WR;775 Jahre Stadt Werningerode / Harz;DL0ELB;01.06.04;30.06.04;W09
775WR;775 Jahre Stadt Werningerode / Harz;DF0WR;01.06.04;30.06.04;W09
776MR;776 Jahre Sadtrechte Marburg;DK0UM;01.04.08;31.03.09;F15
777BBH;777 Jahre Babenhausen in T15;DL777BBH;01.04.14;31.03.15;T15
777BBH;777 Jahre Babenhausen in T15;DL0TX;01.04.14;31.03.15;T15
777GB;777-jähriges Bestehen der Gemeinde Büchen;DK0DRE;01.01.07;31.12.07;E30
777HWI;777 Jahre Hansestadt Wismar;DL0HWI;01.08.06;30.09.06;V13
777RI;777 Jahre Stadt Rinteln;DR777RI;01.06.16;31.12.16;H57
77DES;77 Jahre Dampfeisbrecher Stettin;DL0DES;01.01.10;31.12.10;E23
785OZ;785 Jahre Ersterwähnung der Stadt Oschatz;DC0TO;01.01.23;30.04.23;Z91
7JUIST;Lighthouseday;DL0PBS;17.08.07;19.08.07;I57
800ANHALT;800 Jahre Anhalt;DK0GYB;01.01.12;31.12.12;W33
800ANHALT;800 Jahre Anhalt;DM800ANH;15.01.12;31.12.12;W22
800BFD;800 Jahre Beierfeld/Erzgebirge;DM800BFD;01.05.08;31.07.08;S45
800BI;800 Jahre Bielefeld;DR800BI;01.01.14;31.12.14;N01
800BOH;Stadtjubiläum 800 Jahre Stadt Bocholt;DL0BX;10.12.21;09.12.22;N17
800BOH;800 Jahre Stadtrechte der Stadt Bocholt;DL0JBB;13.01.22;31.12.22;N17
800BOH;800 Jahre Stadtrechte der Stadt Bocholt;DK0RST;26.01.22;31.12.22;N17
800BRI;800 Jahre Stadt Brilon;DK0BH;01.04.20;31.03.21;O29
800BS;800 Jahre Burg Scharfenstein;DF0WBS;01.04.09;30.06.09;X14
800BS;800 Jahre Burg Scharfenstein;DA0SL;08.04.09;31.07.09;X14
800DD;800 Jahre Stadt Dresden;DA0DD;01.02.06;31.12.06;S20
800DE;800 Jahre Stadt Dessau;DK0ZAB;01.07.13;31.07.13;W22
800ELB;800 Jahre Stadt Elbingerode;DL0ELB;15.10.06;31.10.06;W09
800GRZ;800 jähriges Jubiläum der Stadt Greiz;DR800GRZ;17.02.09;31.12.09;X28
800HAM;800 Jahre Stadt Hamm;DL0JC;01.04.26;31.12.26;O10
800HLE;800 Jahre Heilige Elisabeth;DL0UM;01.03.07;31.12.07;F15
800HRO;800 Jahre Hansestadt Rostock;DQ800HRO;01.01.18;31.12.18;V07
800HS;800 Jahre Stadt Heusenstamm;DL0OH;01.05.11;30.09.11;F30
800KM;800 Jahre Stadt Kamenz;DM800KM;01.01.25;31.12.25;S22
800LAU;800 Jahre Stadt Lauenburg;DF0ZL;15.01.09;31.12.09;E30
800OT;800 Jahre Ochsenturm;DL0CX;03.04.18;31.03.19;I56
800OZ;800 Jahre Oschatz;DA0OZ;01.06.00;30.06.00;Z91
800OZ;Aktivitäten 800 Jahre Oschatz;DA0SOZ;01.07.00;31.07.00;S40
800PCH;800 Jahre Stadt Parchim;DL800PCH;01.05.26;31.08.26;V28
800PORT;800 Jahre Hafen Wismar;DR800PORT;18.03.11;29.02.12;V13
800RN;800 Jahre Rathenow;DL0HSR;01.08.16;31.12.16;Y12
800SI;800 Jahre Stadt Siegen;DL800SI;13.01.24;31.12.24;O16
800VOGT;800 Jahre Vogtland;DK0OVL;01.05.09;31.08.09;S62
800VOGT;800 Jahre Vogtland;DM800VOGT;01.05.09;30.09.09;S62
800WE;800. Jahrestag Stadt Weeze;DR800WE;01.02.26;31.12.26;L06
800WED;800 Jahre Stadt Wedel;DK0PR;07.03.12;31.12.12;E10
800WEIDA;800 Jahre der Stadt Weida;DR4X;01.01.09;31.12.09;X25
800WSO;800 Jahre Wüstes Schloß Osterland;DC0TO;15.04.11;15.08.11;Z91
800ZEH;800 Jahre Stadt Zehdenick;DL800ZEH;01.05.16;30.04.17;Y01
80AFGOE;80 Jahre Amateurfunk in Göttingen;DL0GSG;22.04.11;31.12.11;H10
80AFGOE;80 Jahre Amateurfunk in Göttingen;DL0GN;22.04.11;31.12.11;H10
80AMA;80 Jahre Amateurfunk in Deutschland;DR80AMA;01.05.07;31.12.07;O03
80BYV;80 Jahre Bayerische Verfassung;DQ80BYV;01.07.26;31.12.26;C18
80DRS;80 Jahre Flughafen-Dresden-International;DL0FHD;01.09.15;30.09.15;S05
80F17;80 Jahre Amateurfunk in der Wetterau;DL0FH;01.03.17;28.02.18;F17
80FW;80 Jahre Amateurfunk in Fürstenwalde;DM4D;01.04.06;30.09.06;Y18
80FW;80 Jahre Amateurfunk in Fürstenwalde;DK0FWS;01.04.06;30.09.06;Y18
80IARU;80 Jahre "Int. Amateur Radio Union"  (QSL = DF0HQ);DQ80IARU;16.04.05;31.12.05;X34
80LU;80 Jahre Amateurfunk in Ludwigshafen am Rhein;DF0SC;01.01.13;31.12.13;K06
80LU;80 Jahre Amateurfunk in Ludwigshafen am Rhein;DL0LU;01.01.13;31.12.13;K06
80LU;80 Jahre Amateurfunk in Ludwigshafen am Rhein;DK0LU;01.01.13;31.12.13;K06
80LU;80 Jahre Amateurfunk in Ludwigshafen am Rhein;DL8L;01.01.13;31.12.13;K06
80MIT;80 Jahre "Funkverein Mittweida";DK0MIT;01.05.03;31.05.03;S44
80N18;Der OV Recklinghausen wurde 1938 erstmals im DASD als OV erwähnt;DL0CRE;04.01.18;31.12.18;N18
80NDS;80 Jahre Niedersachsen;DK80NDS;01.11.26;30.11.26;H09
80NDS;80 Jahre Niedersachsen;DL0GSH;01.11.26;30.11.26;H09
80NDS;80 Jahre Niedersachsen;DK0GV;01.11.26;30.11.26;H09
80NRW;80 Jahre Nordthein-Westfalen;DL80NRW;01.08.26;31.10.26;N13
80O04;80 Jahre OV O04 Bochum;DL80BOCH;01.08.26;31.12.26;O04
80OBW;80 Jahre Stadtrecht der Fröbelstadt Oberweißbach;DL0OBW;01.01.12;31.12.12;X38
80OVKA;80 Jahre OV Karlsruhe A07;DL0KHZ;01.03.26;30.11.26;A07
80P06;80 Jahre OV Ludwigsburg P06;DL0LB;01.01.26;31.12.26;P06
80R10;80 Jahre OV Mönchengladbach;DL0RY;01.01.15;31.12.15;R10
80R10;80 Jahre OV Mönchengladbach;DF0MG;01.01.15;31.12.15;R10
80RADIO;Aktivitätstage;DL0KWH;01.12.00;31.12.00;Y07
80RARW;80 Jahre Amateurfunk in Rottweil;DA0RW;23.07.05;31.12.05;P10
80VOX;80 Jahre Rundfunk - Erinnerung an das VOX-Haus in Berlin;DL0KWH;01.10.03;31.10.03;Y07
80ZUSE;Konrad Zuse baute 1941 den ersten funktionstüchtigen Computer;DK80ZUSE;05.08.21;05.11.21;S29
819ASP;1200 Jahre Stadt Asperg;DQ1200ASP;01.01.19;31.12.19;P61
825HMUE;825 Jahre Hann. Münden;DK0RM;01.03.08;31.12.08;H14
825HMUE;825 Jahre Hann. Münden;DR0A;01.03.08;31.12.08;H14
825LP;825 Jahre Stadt Lippstadt;DL0LP;01.06.10;30.09.10;O13
825WIN;825 Jahre Stadt Wintersdorf;DM5O;01.09.06;30.09.06;X45
825WODO;825 Jahre Gemeinde Wolsdorf;DR825WO;01.07.07;30.06.08;H54
84WARD;84 Jahre IARU / World Amateur Radio Day;DL0LC;01.04.09;30.04.09;O14
850BB;850 Jahre Bielefeld-Brackwerde;DL0WAE;15.09.01;14.10.01;N02
850BB;850 Jahre Bielefeld-Brackwerde;DH0DX;15.09.01;14.10.01;N02
850BB;Aktivitätswochen;DH0DX;26.04.02;23.05.02;N02
850BB;Aktivitätswochen;DL0WAE;26.04.02;23.05.02;N02
850BB;Aktivitätswochen;DC0LOP;26.04.02;23.05.02;N02
850BB;Aktivitätswochen;DL0PG;26.04.02;23.05.02;N02
850BRB;850 Jahre Mark Brandenburg;DF0BRB;01.04.07;31.12.07;Y06
850CB;850 Jahre Stadt Cottbus;DL0CB;01.07.06;31.12.06;Y24
850DOM;850 Jahre Dom Schwerin;DQ850DOM;01.09.21;30.11.21;V14
850FG;850 Jahre Bergstadt Freiberg;DL0FG;01.06.12;31.07.12;S55
850GKB;850 Jahrfeier der Gemeinde Großkrotzenburg;DK850GK;01.05.25;31.08.25;F40
850JES;850 Jahre Gemeinde Jesewitz;DL0SAX;10.06.06;25.06.06;S36
850JLD;850 Jahre Lütgendortmund;DL0DWE;01.11.00;30.11.00;O52
850JLD;850 Jahrfeier in Lütgendortmund;DL0DWE;01.01.01;31.01.01;O52
850JLD;850 Jahre Lütgendortmund;DL0BVB;01.02.01;28.02.01;O52
850MEL;850 Jahre Stadt Melle;DK0GM;28.06.19;28.07.19;I28
850POE;850 Jahre Insel Poel;DL0HWI;01.09.13;14.09.13;V13
850SHA;850 Jahrfeier der Stadt Schwäbisch Hall;DL0SHA;01.10.06;31.12.06;P20
850SZB;850 Jahre Schwarzenberg;DA0SZB;01.08.00;31.08.00;S45
850TFK;850 Jahre Taufkirchen;DL0TFK;15.06.98;14.07.98;C09
850WL;850 Jahre Stadt Winsen (Luhe);DQ850WL;28.01.08;31.12.08;E33
850ZZ;850 Jahre Stadtgründung von Zwönitz;DP850ZZ;01.01.10;31.12.10;S45
85AFHU;85 Jahre organisierter Funkbetrieb in Hanau seit 1937;DL0HO;01.01.22;31.12.22;F09
85FRI;85 Jahre Landkreis Friesland;DK35FRI;01.07.18;30.06.19;I49
85HHA;85 Jahre Hamburger U-Bahn;DL0HHA;30.08.97;29.09.97;E27
85LU;85 Jahre Amateurfunk in Ludwigshafen am Rhein;DL0LU;01.01.18;31.12.18;K06
85LU;85 Jahre Amateurfunk in Ludwigshafen am Rhein;DL8L;01.01.18;31.12.18;K06
85LU;85 Jahre Amateurfunk in Ludwigshafen am Rhein;DF0SC;01.01.18;31.12.18;K06
85LU;85 Jahre Amateurfunk in Ludwigshafen am Rhein;DK0LU;01.01.18;31.12.18;K06
85MIT;85 Jahre Funkverein Mittweida;DK0MIT;01.05.09;31.05.09;S44
85ROS;Gründung der ersten Amateufunkvereinigung in Rosenheim Mai 1935;DL0ROS;01.02.20;30.10.20;C14
875C;875 Jahre Stadt Chemnitz;DF0CHE;01.01.18;31.12.18;S54
875NMS;875 Jahre Stadt Neumünster;DL0NR;24.06.02;21.07.02;M09
875SDH;Stadtjubiläum;DL0SHZ;29.05.00;18.06.00;X13
888PL;888 Jahre Stadt Plauen;DR888PL;22.02.10;31.12.10;S53
888RSA;888 Jahre Riesa;DF0RSA;01.05.07;30.09.07;S02
88YLF;Deutsch-Französiche YL-Aktivität;DM88YLF;06.07.16;31.07.16;Y24
88YLF;Deutsch-französische YL-Freundschaft;DM88YLF;01.03.24;31.03.24;Y24
8EEK;8. Europäischer Esperanto Kongress Herzberg;DD0D;01.04.09;31.07.09;H19
8JUIST;Lighthouseday;DL0PBS;15.08.08;17.08.08;I57
8LGBAY;Landesgartenschau Bayern 2008 in Neu-Ulm;DQ8LGBAY;25.04.08;05.10.08;P14
900EG; 		900 Jahre Urkundliche Erwähnung der Stadt Eggenfelden;DL0ROI;25.07.25;25.01.26;U12
900ERT;900 Jahre Gemeinde Ertingen;DL0ERT;01.05.05;31.08.05;P57
900GW;900 Jahre Grafsachaft Wertheim;DK0TT;01.10.03;31.10.03;A23
900LIP;900 Jahre Lippe;DL0LD;01.09.23;30.09.23;N04
900OB;900 Jahre Christianisierung von Westpommern durch Bischof Otto von Bamberg;DL0OB;01.05.24;31.10.24;B05
900RSA;900 Jahre Riesa;DF0RSA;01.06.19;31.07.19;S02
900STO;900 Jahre Stadt Stolberg;DL0LEO;01.01.18;31.12.18;G56
900TOD;900 Jahre Todstadt;DL0TOD;01.01.05;31.12.05;E17
900WR;900 Jahre Stadt Wernigerode / Harz;DF0WR;01.11.21;31.07.22;W09
900Z;900 Jahre Stadtjubiläum Stadt Zwickau;DM5Z;01.01.18;31.12.18;S60
900Z;900 Jahre Stadtjubiläum Stadt Zwickau;DL0ZWI;01.01.18;31.12.18;S60
900Z;900 Jahre Stadtjubiläum Stadt Zwickau;DM900ZWI;01.01.18;31.12.18;S60
90ARN;90 Jahre Amateurfunk in Arnstadt;DL0ARN;01.11.14;30.11.14;X10
90BGS;90 Jahre Bergischer Geschichtsverein SG;DL0SO;01.05.15;31.05.16;R14
90FHD;90 Jahre Flughafen Dresden;DF0FFR;01.04.25;01.10.25;S05
90FHD;90 Jahre Flughafen Dresden;DL0FHD;01.04.25;01.10.25;S05
90IARU;90 Jahre IARU;DJ90IARU;01.01.15;31.12.15;VO
90JMT;90 Jahre Reichspatent 613176 Junkers Morsetaste;DP90JMT;01.06.21;30.11.21;
90K06;90 Jahre Amateurfunk in Ludwigshafen am Rhein;DQ9L;01.01.23;31.12.23;K06
90KW;90 Jahre KerpenWerk;DL0LEO;01.09.10;31.12.10;G56
90KWTJ;90. Jahrestag der 1. Kurzwellentagung;DF90KWTJ;01.01.16;31.12.16;X22
90MIT;90 Jahre Klubstation der HS Mitweida;DK0MIT;01.05.14;31.05.14;S44
90NBR;90 Jahre Nürburgring;DL0NBR;01.06.17;30.06.17;K34
90ORGF;Rosengartenfestwochen;DA0NFL;01.06.03;30.06.03;Y33
90R10;90 Jahre Amateurfunk in Mönchengladbach;DL90MGL;07.04.25;07.10.25;R10
90RCKS;90 Jahre Radioclub Kassel;DL0EAM;01.01.14;31.12.14;F12
90RCKS;90 Jahre Radioclub Kassel;DL0SGK;01.01.14;31.12.14;F12
90RCKS;90 Jahre Radioclub Kassel;DP90RKS;01.01.14;31.12.14;F12
90SBSG;90 Jahre Stadtbücherei Solingen;DL0SO;01.07.16;31.07.16;R14
90SL;90 Jahre Amateurfunk in Schleswig;DL90SCHLEI;01.04.26;31.12.26;M13
90TJU;90 Jahre Erstflug JU52/3m;DF90TJU;01.03.22;30.11.22;Y07
90TJU;90 Jahre Erstflug JU52/3m;DM90TJU;01.03.22;30.11.22;W18
90TJU;90 Jahre Erstflug JU52/3m;DL90TJU;01.03.22;30.11.22;H15
90TJU;90 Jahre Erstflug JU52/3m;DK90TJU;01.03.22;30.11.22;W22
90TJU;90 Jahre Erstflug JU52/3m;DR90TJU;01.03.22;30.11.22;V28
90TJU;90 Jahre Erstflug JU52/3m;DQ90TJU;01.03.22;30.11.22;W22
90TJU;90 Jahre Erstflug JU52/3m;DP90TJU;01.03.22;30.11.22;S44
90TWB;90 Jahre Thüringer Waldbahn;DL0GTH;01.10.19;31.12.19;X17
90U13;90 Jahre OV Regensburg;DL0RA;01.02.26;31.10.26;U13
90VOX;Erste Rundfunksendung aus dem VOX Haus Berlin;DL0D;01.01.13;31.12.13;D13
90VOX;Erste Rundfunksendung aus dem VOX Haus Berlin;DB0MVB;01.01.13;31.12.13;D13
90VOX;Erste Rundfunksendung aus dem VOX Haus Berlin;DR90VOX;01.01.13;31.12.13;D13
90VOX;Erste Rundfunksendung aus dem VOX Haus Berlin;DA0MVB;01.01.13;31.12.13;D13
90VOX;Erste Rundfunksendung aus dem VOX Haus Berlin;DO0MVB;01.01.13;31.12.13;D13
90VOX;Erste Rundfunksendung aus dem VOX Haus Berlin;DL0MVB;01.01.13;31.12.13;D13
950RD;950 Jahre Stadt Rhede;DK0RD;01.07.00;31.07.00;N54
950RD;950 Jahre Stadt Rhede;DF0RD;01.11.00;30.11.00;N54
950RZ;950 Jahre Stadt Ratzeburg;DR950RZ;01.01.12;31.12.12;E39
95MIT;95 Jahre Klubstation Mittweida;DK0MIT;01.05.19;31.05.19;S44
96BRAM;10 Jahre OV  I 52;DF0BRA;03.10.96;31.10.96;I52
96FHE;Fliegerhorst Erding;DA0FHE;01.09.96;30.09.96;C25
96TSK;Tage der schwed. Kultur in Lützen;DA0KGA;16.09.96;22.09.96;W25
96YFD;Fieldday-Aktivitäten Nürnberg-Erlangen;DA0YFD;06.09.96;30.09.96;B31
97ALAF;97-iger Fasching in Köln-Aachen;DF0KA;01.02.97;28.02.97;G26
97BAR;Stadtfest in Bargteheide;DL0HY;31.05.97;01.06.97;E25
97BJT;Bundesjugendtreffen in Dessau;DA0JT;01.05.97;30.05.97;W22
97BJT;Bundesjugendtreffen in Dessau;DK0ZAB;01.05.97;31.05.97;W22
97EURO;Europawoche in Hamburg;DA0EU;25.04.97;28.04.97;E12
97HARZ;100 Jahre Schützenverein im Südharz;DL0SHZ;01.08.97;17.08.97;X13
97HLAU;Mainzer Fastnacht;DL0HZ;12.01.97;11.02.97;K07
97HM;Aktivitäten auf Helgoland;DA0HEL;20.03.97;19.04.97;E20
97HWB;Hörerwettbewerb Angermünde Schwedt Casekow;DF0UM;22.03.97;05.04.97;Y16
97ILM;Altstaftfest in Ilmenau;DK0TUI;06.06.97;08.06.97;X30
97JUML;Jugendaktivitätstag in Hohenbrunn;DL0OO;09.07.97;31.07.97;C09
97MSM;Eröffnung Museum Schloß Moyland;DL0KLE;20.05.97;19.06.97;L31
97MSM;Eröffnung Museum Schloß Moyland;DL0MSM;20.05.97;19.06.97;L31
97MSM;Eröffnung Museum Schloß Moyland;DL0DET;20.05.97;19.06.97;L31
97MSM;Eröffnung Museum Schloß Moyland;DL0RWE;20.05.97;19.06.97;L31
97MSM;Eröffnung Museum Schloß Moyland;DL0KLE;20.06.97;19.07.97;L31
97MSM;Eröffnung Museum Schloß Moyland;DL0RWE;20.06.97;19.07.97;L31
97MSM;Eröffnung Museum Schloß Moyland;DL0MSM;20.06.97;19.07.97;L31
97MSM;Eröffnung Museum Schloß Moyland;DL0DET;20.06.97;19.07.97;L31
97MSM;Eröffnung Museum Schloß Moyland;DL0RWE;20.07.97;19.08.97;L31
97MSM;Eröffnung Museum Schloß Moyland;DL0MSM;20.07.97;19.08.97;L31
97MSM;Eröffnung Museum Schloß Moyland;DL0KLE;20.07.97;19.08.97;L31
97MSM;Eröffnung Museum Schloß Moyland;DL0DET;20.07.97;19.08.97;L31
97SAC;100 Jahre erste deutsche Funkverbindung;DL0PDM;22.08.97;05.09.97;Y09
97STD;Treffen der DSW;DK0HAL;01.05.97;15.05.97;E04
97STD;Treffen der DSW;DK0STD;01.05.97;15.05.97;E04
97STD;Treffen der DSW;DF0HH;01.05.97;15.05.97;E04
97STD;Treffen der DSW;DL0OT;01.05.97;15.05.97;E04
97TDS;Tag der Sachsen;DL0PL;30.08.97;14.09.97;S53
97TSK;Tage der Schwedischen Kultur in Lützen;DA0KGA;22.08.97;20.09.97;W25
97VWE;Aktivitätstage in Emden;DF0VWE;21.06.97;06.07.97;I55
97YFD;Jugendfieldday;DA0YFD;28.07.97;24.08.97;B31
98BAR;Europafest in Bargteheide;DL0HY;15.06.98;05.07.98;E25
98BRB;Brandenburger Tage in Brandenburg;DF0BRB;01.09.98;20.09.98;G22
98BRB;Brandenburg Tage;DF0BRB;01.09.98;20.09.98;Y06
98DNT;30. DNAT;DF0DNT;17.08.98;13.09.98;N32
98EJC;Jugendcamp in Berlin-Brandenburg;DK0JR;11.06.98;16.06.98;D04
98ELBE;Feuerschiff Elbe 1;DL0CUX;01.08.98;31.08.98;E01
98EURO;Europawoche in Gifhorn;DF0GIF;01.05.98;31.05.98;H08
98EURO;Europawochenende in Hamburg;DA0EW;02.05.98;03.05.98;E12
98FOC;FOC Continental Dinner;DK0FOC;28.05.98;05.06.98;G20
98HARZ;Bergmannstreffen in Nordhausen;DL0SHZ;11.09.98;20.09.98;X13
98HT;Hessentage in Erbach;DK0DK;01.06.98;30.06.98;F35
98HWB;Hörerwettbewerb im Distrikt Brandenburg;DF0UM;04.04.98;18.04.98;Y16
98JAIG;Jahrestreffen der JAIG;DF0BLM;27.04.98;24.05.98;D17
98JHW;Bundeskongress der Junghandwerker;DF0CHE;01.09.98;30.09.98;S54
98JHW;Bundeskongress der Junghandwerker;DL0DBU;01.09.98;30.09.98;S54
98LRS;Erinnerung an Leuchtturm Roter Sand;DA0LRS;20.08.98;25.08.98;G22
98OSH;Eröffnung Fernwanderweg Ochsenweg;DK0SL;15.05.98;14.06.98;M28
98PBW;Pfadfinder-Bundeslager in Tüdal;DA0PBW;15.07.98;14.08.98;Z73
98PBW;41. World Jamboree On THe Air;DA0PBW;01.11.98;30.11.98;Z73
98SAT;Sachsen-Anhalt-Tag in Zeitz;DL0HW;01.07.98;31.07.98;W17
98SFF;Sängerfest in Finsterwalde;DK0FIW;01.08.98;31.08.98;Y38
98TDS;Tag der Sachsen in Hoyerswerda;DK0HY;17.08.98;13.09.98;S29
98V;Tag der Vogtländer;DA0CV;15.08.98;13.09.98;X28
98YFD;Jugendfieldday im Großraum Nürnberg;DA0YFD;01.08.98;24.08.98;B31
98YFD;Jugendfieldday 1998 Grossraum Nürnberg;DA0YFD;01.08.98;24.08.98;B31
990ROB;990 jähriges Festjahr der Gemeinde Rodenbach;DL990RO;06.04.15;29.02.16;F65
995UBOOT;UBOOT in Kiel;DA0MEL;01.07.00;31.07.00;E36
995UBOOT;Aktivitätswochen;DA0MEL;27.04.01;06.05.01;E36
995UBOOT;Aktivitätswochen;DA0MEL;20.07.01;29.07.01;E36
999WMS;999 Jahre Wolmirstedt;DL0WMS;30.08.08;31.08.08;W37
99AGCW;Jahrestreffen AGCW;DK0AG;01.05.99;31.05.99;K27
99AGCW;Jahrestreffen der AGCW;DF0ACW;01.05.99;31.05.99;F09
99AGCW;Jahrestreffen AGCW;DL0CWW;01.05.99;31.05.99;N08
99AGCW;Jahrestreffen AGCW;DL0DA;01.05.99;31.05.99;S06
99ARDF;Deutsche ARDF-Meisterschaften;DA0RDF;17.07.99;15.08.99;B25
99BAR;Öffentlichkeitsarbeit;DL0HY;21.05.99;13.06.99;E25
99BFA;Jahr der Senioren der UNESCO;DL0BFA;01.05.99;31.05.99;D15
99BUGA;Bundes-Garten-Schau in Magdeburg;DL0MAG;01.05.99;30.06.99;W05
99BUGA;Bundesgartenschau in Magdeburg;DA0BUG;01.06.99;30.06.99;W37
99BUGA;Bundes-Garten-Schau in Magdeburg;DL0MGD;01.06.99;30.06.99;W10
99BUGA;Bundes-Garten-Schau in Magdeburg;DL0WMS;01.06.99;30.06.99;W37
99BUGA;BUGA in Magdeburg;DA0BUG;18.09.99;17.10.99;W37
99DFK;50 Jahre Familiensportbund Bonn;DL0NAR;21.08.99;29.08.99;G03
99EUR;Aktivitätswochen;DA0EUR;01.07.99;31.07.99;X13
99EURO;Europawoche in Giffhorn;DF0GIF;01.05.99;31.05.99;H08
99FHA;Aktivitäten zur Messe "Freizeit und Hobby";DL0FFP;08.11.99;23.11.99;Z30
99HWB;29. Hörerwettbewerb des Distriktes Brandenburg;DF0UM;03.04.99;18.04.99;Y16
99ILLW;Aktivität zum In. lighthouse weekend;DA0LGT;19.08.99;23.08.99;I04
99JAIG;Jahrestreffen der JAIG;DL0RA;17.04.99;16.05.99;C28
99LH;Aktivitäten zum "light house weekend" auf Rügen;DL0RUG;14.08.99;29.08.99;V08
99MCC;1200 Jahre Friemersheim;DA0MCC;01.08.99;31.08.99;L20
99MCC;1200 Jahre Friemersheim;DA0MCC;01.12.99;31.12.99;L20
99OLGA;Landesgartenschau;DL0RO;01.06.99;30.06.99;L18
99OLGA;Landesgartenschau;DL0RO;01.09.99;30.09.99;L18
99ORA;Aktivitätswochen;DL0ORB;14.08.99;13.09.99;Y02
99PBW;IOTA-Aktivitäten;DK0PBW;15.10.99;14.11.99;Z73
99SAT;Sachsen-Anhalt Tage;DL0HBS;21.06.99;18.07.99;W02
99SIAS;Aktivitätstage Uni Siegen;DL0DFS;05.05.99;06.05.99;O55
99SMD;Seefunkaktivitäten zum Schiffsmeldedienst;DL0SMD;01.05.99;31.05.99;E19
99SRO;125 Jahre Stadtrechte Oberhausen;DL0RO;01.08.99;31.08.99;L18
99WXR;Jahrestreffen der Int. Wetterrunde;DL0WXR;01.05.99;31.05.99;M10
99YFD;Jugendfieldday;DA0YFD;01.08.99;30.09.99;B31
9ARMIN;2000 Jahre Varusschlacht;DL0LD;01.10.08;31.03.09;N04
9JUIST;Lighthouseday;DL0PBS;13.08.09;16.08.09;I57
9VARUS;2000 Jahre Varusschlacht;DR9VARUS;01.01.09;31.12.09;I47
9WKT;9. Welt-Kindertheater-Festival in Lingen;DK0LE;01.06.06;31.08.06;I08
AASP05;Amateurfunk im Spreewald;DL0LSW;27.10.05;27.11.05;Y28
ABC17;Erstes Amateurfunk-BarCamp in Deutschland;DL0MOL;20.09.17;18.10.17;Y21
ABC24;AfuBarCamp 2024;DL0MOL;01.08.24;31.10.24;Y21
ABS756;Tagebau-Absetzer ABS756;DL0RG;01.08.09;31.10.09;G20
ADHPAK;Aktion Deutschland hilft Pakistan;DK0SG;06.09.10;31.10.10;G25
ADLER;175-jährige Jubiläum der ersten Eisenbahnverbindung;DB175ADLER;01.01.10;31.12.10;B01
AERO25;25 Jahre Luftschiff- und Marine-Museum;DL0AER;01.05.16;30.04.17;E01
AFM;Amateurfunkmuseum Bad Bentheim;DK0AFM;01.02.86;31.03.93;I21
AFM;Förderverein Amateurfunkmuseum Grafing;DF0AFM;23.05.87;;C24
AFM;Förderverein Amateurfunkmuseum Berlin;DL0AMB;23.05.87;;D05
AFM;Förderverein Amateurfunkmuseum Grafing;DL0AFM;23.05.87;;C24
AFM;Förderverein Amateurfunkmuseum Reppenstedt;DK0AML;20.07.87;23.02.94;E05
AFM;Förderverein Amateurfunkmuseum Schleswig Holstein;DL0ASH;01.05.89;17.04.97;F21
AFM;Förderverein Amateurfunk Museum e.V.;DB0AFM;07.10.91;;E05
AFM;Förderverein Amateurfunkmuseum e.V.;DL0AKR;01.04.95;;R04
AFP;DARC Referat für Amateurfunkpeilen;DF0AFP;01.01.79;;P06
AFP;Siegerländer Amateurfunk-Triatlon in Freudenberg;DL0DFS;04.06.94;19.06.94;O55
AFTX05;Amateurfunktreffen in Thüringen in Ilmenau;DF0HQ;01.04.05;30.04.05;X34
AFUG40;lfd. SDOK 1989;...0..;01.01.89;31.12.89;
AFUG40;40 Jahre Amateurfunkgesetz;DL0DBP;01.01.89;31.12.89;Z41
AFUG40;40 Jahre Amateurfunkgesetz;DL0DL;01.01.89;31.12.89;
AFUG40;40 Jahre Amateurfunkgesetz;DB0HQ;01.01.89;31.12.89;
AFZ;Amateurfunkzentrum Baunatal;DB0AFZ;20.12.70;30.11.80;
AFZ;Amateurfunkzentrum Baunatal;DF0AFZ;01.01.71;;
AFZ;Amateurfunkzentrum Baunatal;DB0HQ;01.12.80;31.12.17;
AFZ;Clubstation AFZ Baunatal;DL0AFZ;12.11.18;;F12
AFZ10;10 Jahre Amateurfunkzentrum Baunatal;DB0HQ;01.07.82;31.12.82;
AFZ10;10 Jahre Amateurfunkzentrum Baunatal;DF0AFZ;01.07.82;31.12.82;
AFZ20;20 Jahre Amateurfunkzentrum Baunatal;DA0DBP;01.01.92;31.12.92;Z60
AFZ20;20 Jahre Amateurfunkzentrum Baunatal;DA0RC;01.01.92;31.12.92;
AFZ20;Ausstellung;DF0DT;25.03.92;29.03.92;O05
AFZ20;Ausstellung;DF0DZ;25.03.92;29.03.92;O45
AFZ20;600 Jahre Gymnasium;DA0HPS;08.06.92;13.06.92;E19
AFZ20;Stadtfest Helmbrechts;DF0HF;17.06.92;24.06.92;B39
AFZ20;Aktivitätsmonat SOP;DL0SOP;01.07.92;31.07.92;V06
AFZ20;Afu-Ausstellung;DF0STL;03.07.92;19.07.92;U23
AFZ20;Werbeveranstaltung;DF0CHE;17.08.92;23.08.92;S54
AFZ20;Treffen Marinefunker;DL0MFG;03.09.92;08.09.92;R27
AFZ20;Europafest;DL0EBV;10.09.92;15.09.92;G02
AFZ20;Europafest;DL0XA;10.09.92;15.09.92;G02
AFZ20;Ausstellung auf Schiff;DL0MFG;16.09.92;28.09.92;R27
AFZ20;Sonderausstellung MF;DL0MFG;01.10.92;14.10.92;R27
AFZ20;Messe Communica;DL0LS;19.10.92;01.11.92;A08
AFZ20;Werbeveranstaltung;DL0MFB;14.11.92;22.11.92;Y15
AFZ20;Werbeveranstaltung / Weihnachtsmarkt;DF0LU;11.12.92;13.12.92;I19
AFZ25;25 Jahre Amateurfunkzentrum Baunatal;DB0HQ;01.09.97;31.12.97;
AFZ30;30 Jahre AFZ;DF0AFZ;01.01.02;31.12.02;
AFZ30;30 Jahre AFZ;DB0HQ;01.01.02;31.12.02;
AFZ35;35 Jahre Amateurfunkzentrum Baunatal;DF0AFZ;01.01.07;31.12.07;
AFZ35;35 Jahre Amateurfunkzentrum Baunatal;DB0HQ;01.01.07;31.12.07;
AFZ40;40 Jahre Amateur-Funk-Zentrum in Baunatal;DB0HQ;01.01.12;31.12.12;
AFZ40;40 Jahre Amateur-Funk-Zentrum in Baunatal;DF0AFZ;01.01.12;31.12.12;
AGCW2000;Jahrestreffen;DF0AGC;01.05.00;31.05.00;H63
AGCW2000;Jahrestreffen;DF0ACW;01.05.00;31.05.00;F09
AGCW2000;Jahrestreffen;DK0AG;01.05.00;31.05.00;K27
AGCW30;30 Jahre AGCW;DF0AGC;01.05.01;31.12.01;H63
AGCW30;30 Jahre AGCW;DK0AG;01.05.01;31.12.01;K27
AGCW30;30 Jahre AGCW;DF0ACW;01.05.01;31.12.01;F09
AGCW30;30 Jahre AGCW;DL0CWW;01.06.01;31.12.01;F21
AGCW35;35 Jahre AGCW-DL;DF0AGC;01.01.06;31.12.06;H63
AGCW35;35 Jahre AGCW-DL;DK0AG;01.01.06;31.12.06;I19
AGCW35;35 Jahre AGCW-DL;DL0AGC;01.01.06;31.12.06;E13
AGCW35;35 Jahre AGCW-DL;DF0ACW;01.01.06;31.12.06;F09
AGCW35;35 Jahre AGCW-DL;DR35AGCW;01.01.06;31.12.06;I19
AGCW35;35 Jahre AGCW-DL;DQ35AGCW;01.01.06;31.12.06;I19
AGCW35;35 Jahre AGCW-DL;DL0DA;01.01.06;31.12.06;S06
AGCW35;35 Jahre AGCW-DL;DL0CWW;01.02.06;31.12.06;F21
AGCW40;40 Jahre AGCW-DL e.V.;DF0AGC;01.02.11;31.12.11;E20
AGCW40;40 Jahre AGCW-DL e.V.;DL0DA;01.02.11;31.12.11;S06
AGCW40;40 Jahre AGCW-DL e.V.;DR40AGCW;01.02.11;31.12.11;F21
AGCW40;40 Jahre AGCW-DL e.V.;DK0AG;01.02.11;31.12.11;I19
AGCW40;40 Jahre AGCW-DL e.V.;DF0ACW;01.02.11;31.12.11;F09
AGCW40;40 Jahre AGCW-DL e.V.;DL0CWW;01.02.11;31.12.11;F21
AGCW50;50 Jahre AGCW-DL;DL0DA;01.01.21;31.12.21;S06
AGCW50;50 Jahre AGCW-DL;DP50AGCW;01.01.21;31.12.21;H34
AGCW50;50 Jahre AGCW-DL;DF0ACW;01.01.21;31.12.21;F09
AGCW50;50 Jahre AGCW-DL;DL0AGC;01.01.21;31.12.21;E13
AGCW50;50 Jahre AGCW-DL;DR50AGCW;01.01.21;31.12.21;S06
AGCW50;50 Jahre AGCW-DL;DF0AGC;01.01.21;31.12.21;H63
AGCW50;50 Jahre AGCW-DL;DK0AG;01.01.21;31.12.21;H02
AIS;Amateurfunk in Schulen;DK0AIS;01.01.96;;E04
AIS;50 Jahre St. Bernhardt - Gymnasium;DB0GX;01.06.96;30.06.96;R33
AIS;Amateurfunk in Schulen;DL0ETA;29.11.96;20.02.97;B36
AIS;Amateurfunk in Schulen;DB0RS;01.06.97;30.06.97;L01
AIS;Amateurfunk in Schulen;DF0HH;01.07.97;31.07.97;E04
AIS;Amateurfunk in Schulen;DB0RHW;01.07.97;31.07.97;E04
AIS;Amateurfunk in Schulen;DL0GFH;01.09.97;30.09.97;N58
AIS;Eröffnung Schulstation;DL0MMG;20.04.98;27.06.98;G50
AIS;Gesamtschulsymposium in Wann-Eickel;DL0MMG;09.11.98;06.12.98;G50
AJW;AJW DARC Referat Ausbildung Jugendarbeit und Weiterbildung;DL0AJW;01.03.04;;P34
AJWH;Jugendgruppe H33;DR2016KIDS;01.04.16;31.03.17;H33
AJWH;Ausbildung, Jugend und Weiterbildung;DL0RL;01.04.17;31.03.18;H33
AJWK;DARC Referat Jugend und Ausbildung Distrikt Rheinland-Pfalz;DF0RPJ;01.02.21;;K33
AJWM;Schüler- Jugend- Pfadfinderarbeit im AJW.M;DF0PC;01.09.23;;M01
AJWU;AJW Distrikt U;DF0AJW;01.12.19;;U01
AKNZ;Akademie für Krisenmanagement, Notfallplanung und Zivilschutz;DL0KSB;10.09.10;09.09.11;K01
AMT01;Amtec;DA0AMT;01.10.01;31.12.01;Q01
AMT02;Amtec;DA0AMT;01.10.02;31.12.02;Q01
AMT03;AMTEC 2003;DA0AMT;01.10.03;31.12.03;Q01
AMT04;AMTEC in Saarbrücken;DA0AMT;01.10.04;31.12.04;Q01
AMT05;AMTEC in Saarbrücken;DA0AMT;01.11.05;31.12.05;Q01
AMT06;AMTEC in Saarbrücken;DA0AMT;01.10.06;31.12.06;Q01
AMT07;AMTEC in Saarbrücken;DA0AMT;01.09.07;30.11.07;Q01
AMT08;AMTEC in Saarbrücken;DA0AMT;01.09.08;30.11.08;Q01
AMT2000;AMTEC;DA0AMT;01.10.00;31.12.00;Q01
AMT95;AMTEC in Saarbrücken 14. internat. Amateurfunkausstellung;DA0AMT;10.11.95;10.12.95;Q01
AMT96;AMTEC in Saarbrücken 1996;DA0AMT;01.10.96;31.12.96;Q01
AMT97;AMTEC 1997;DA0AMT;01.10.97;31.12.97;Q01
AMT98;AMTEC 1998;DA0AMT;01.10.98;31.12.98;Q01
AMT99;AMTEC 1999;DA0AMT;01.10.99;31.12.99;Q01
AMTEC09;AMTEC in Saarbrücken 2009;DA0AMT;01.09.09;30.11.09;Q01
ANA80;80 Jahre Amateurfunk in Annaberg;DL0ANA;01.05.04;31.07.04;S48
ANA90;90 Jahre Amateurfunk in Annaberg-Buchholz;DL90ANA;01.09.15;30.11.15;S48
AND;DARC-Notfunkreferat;DL0AND;21.03.85;;L18
AND;DARC-Notfunkreferat;DL0MAR;27.09.86;31.12.91;C14
AND;DARC-Notfunkreferat;DB0AND;18.07.88;31.12.00;?
AND;Johanniter Unfallhilfe;DL0JUH;19.03.93;;A07
ANS60;60 Jahre OV Ansbach (B02);DQ60ANS;23.07.07;31.12.07;B02
ANT07;Antarctic Activity Week;DR2007ANT;19.02.07;25.02.07;P57
ANT08;Antarktik Aktivity Week 2008;DA0ANT;18.02.08;24.02.08;P14
ANT09;Antarktik Aktivity Week 2009;DA0ANT;16.02.09;22.02.09;P14
ANT10;Antarctic Activity Week 2010;DA0ANT;22.02.10;28.02.10;P14
AP;DARC Referat "Amateurfunkpeilen";DA0RDF;01.04.04;;B25
APOLLO;50 Jahre Apollo Mondprogram - Landung auf dem Mond;DA0APOLLO;03.12.18;19.11.19;O35
APOLLO11;40. Jahrestag der Apollo-11 Mondlandung;DQ11APOLLO;22.07.09;14.07.10;N28
ARDF08;Deutsche ARDF Meisterschaft 2008;DK0ERF;01.08.08;31.08.08;X09
ARDF17;ARDF DM 2017;DR9P;01.06.17;15.06.17;R24
ARDF18;Aktivitäten zur Unterstützung des ARDF Referates;DL0FOX;01.01.18;31.12.18;S45
ARDF97;8. Weltmeisterschaft im ARDF;DA0RDF;01.08.97;30.09.97;B25
ARDFR;ARDF Referat Distrikt R;DR9P;01.01.12;;R24
ARKONA09;Kap Arkona der Insel Rügen;DL0SSB;01.10.09;31.10.09;B02
ARS;lfd. SDOK;...0..;15.05.81;31.12.86;
ASTRO;60 Jahre Astropeiler Stockert;DL0EF;11.09.16;25.09.16;G22
ASTRO;65 Jahre Astropeiler Stockert;DL0EF;01.09.21;30.09.21;G22
ASTRO;70 Jahre Astropeiler Stockert;DL0EF;01.06.26;30.11.26;G22
ASTRO;70 Jahre Astropeiler Stockert;DL70ASTRO;01.06.26;30.11.26;G22
ASW09;Alpine Junioren Ski WM 2009 in Garmisch-Partenkirchen;DL0GAP;13.02.09;15.03.09;C03
ASW09;Alpine Junioren Ski WM 2009 in Garmisch-Partenkirchen;DF0H;13.02.09;15.03.09;C03
ASW09;Alpine Junioren Ski WM 2009 in Garmisch-Partenkirchen;DL0GFJ;13.02.09;15.03.09;C03
ASW11;Alpine Ski-Weltmeisterschaften 2011 Garmisch-Partenkirchen;DF0H;01.02.11;28.02.11;C03
ASW11;Alpine Ski-Weltmeisterschaften 2011 Garmisch-Partenkirchen;DL0GAP;01.02.11;28.02.11;C03
ASW11;Alpine Ski-Weltmeisterschaften 2011 Garmisch-Partenkirchen;DK0WWR;01.02.11;28.02.11;C03
ATH16;Aktivitätstage Hessen 2016;DL0F;01.04.16;31.05.16;
ATV;AG ATV (AGAF);DL0ATV;01.01.00;;F09
AUEC24;DARC-Camp am Auecamp im Jahr 2024;DK0AUE;01.01.24;31.12.24;I20
AUEC25;Auecamp 2025;DK0AUE;01.01.25;31.12.25;I73
AW100;100 Jahre Automobilbau in Westsachsen;DK0JRS;01.03.04;31.12.04;S60
AW100;100 Jahre Automobilbau in Westsachsen;DF0GC;01.03.04;31.12.04;S57
AW100;100 Jahre Automobilbau in Westsachsen;DL0RCW;01.03.04;31.12.04;S46
AW100;100 Jahre Automobilbau in Westsachsen;DL0ZWI;01.03.04;31.12.04;S60
AW100;100 Jahre Automobilbau in Westsachsen;DK0ZN;01.03.04;31.12.04;S65
AW60;60 Jahre OV Ahrweiler (K01);DK0JA;01.01.12;31.12.12;K01
AWE110;110 Jahre Automobilbau in Eisenach;DF0ESA;01.04.08;31.12.08;X11
AWG;Aktivitätsgruppe "AWG";DC0AWG;01.05.04;11.11.11;I28
AWG;Aktivitätsgruppe "AWG";DO0AWG;01.05.04;01.03.06;H24
AWG;Aktivitätsgruppe "AWG";DK0AWG;01.05.04;11.11.11;P57
AWG;Aktivitätsgruppe "AWG";DF0AWG;01.05.04;11.11.11;H08
AWG;Aktivitätsgruppe "AWG";DL0AWG;01.05.04;11.11.11;E31
AWG;Aktivitätsgruppe Wolfsburg-Giffhorn;DF0FAW;01.07.05;11.11.11;F05
AWG;Aktivitätsgruppe "AWG";DN0AWG;01.03.06;11.11.11;H08
AWG05;Jubiläum 5 Jahre AWG;DQ11AWG;01.07.05;30.06.06;H08
AWG05LW;Lighthouse-Weekend;DF0AWG;01.08.05;21.08.05;H08
AWG11;11 Jahre Aktivitätsgruppe Wolfsburg Gifhorn;DL11AWG;11.02.11;31.12.11;Z60
B1956;70 Jahre OV B19;DL0CG;01.01.26;31.12.26;B19
BAHO150;150 Jahre Stadtrechte in Bad Honnef;DL150BH;01.01.12;31.12.12;G09
BAHO150;150 Jahre Stadtrechte in Bad Honnef;DL0AD;01.01.12;31.12.12;G09
BAY05;Richard-Wagner-Festspiele 2005;DK0NB;25.07.05;28.08.05;B06
BAY05;Richard-Wagner-Festspiele 2005;DK0BTH;25.07.05;28.08.05;B06
BAY05;Richard-Wagner-Festspiele 2005;DK0BT;25.07.05;28.08.05;B06
BAY06;Richard-Wagner-Festspiele 2006 in Bayreuth;DK0NB;25.07.06;28.08.06;B06
BAY06;Richard-Wagner-Festspiele 2006 in Bayreuth;DK0BT;25.07.06;28.08.06;B06
BAY06;Richard-Wagner-Festspiele 2006 in Bayreuth;DK0BTH;25.07.06;28.08.06;B06
BAY07;Richard-Wagner-Festspiele 2007;DK0BT;25.07.07;28.08.07;B06
BAY07;Richard-Wagner-Festspiele 2007;DK0NB;25.07.07;28.08.07;B06
BAY08;Richard-Wagner-Festspiele 2008;DK0BT;25.07.08;28.08.08;B06
BAY09;Richard-Wagner-Festspiele 2009;DK0BT;25.07.09;28.08.09;B06
BAY10;Richard-Wagner-Festspiele 2010;DK0BT;25.07.10;28.08.10;B06
BAY11;Richard Wagner Festspiele 2011 in Bayreuth;DK0NB;25.07.11;28.08.11;B06
BBT;DARC-Bayerischer Bergtag;DF0BBT;08.07.81;;U01
BBT12;Brandenburgtag 2012;DA0LSW;01.01.12;31.12.12;Y28
BC07;Pfadfinder Aktion Black Castle in Tittmoning;DL0ROI;01.07.07;31.08.07;U12
BCC;20 Jahre BCC;DA0BCC;01.10.03;30.09.04;B10
BCC;25 Jahre BCC;DA0BCC;01.01.08;31.12.08;B10
BCC;Bavarian Contest Club;DA0BCC;03.06.20;02.06.21;C16
BCC;Bavarian Contest Club;DA0BCC;03.06.21;;C16
BCT04;Station Distrikt Berlin anläßlich Berliner Computertage;DL0BCT;05.02.04;31.12.04;D15
BE65;DARC-Deutschlandtreffen Berlin 1965;DL0BN;04.06.65;07.06.65;D09
BENE16FR;Papst Benedikt XVI in Freiburg;DR16BENE;01.07.11;31.10.11;A05
BF1250;Feiern Bistum Fulda / 1250. Todestages des Franciskanermönches Bonifatius;DK0OL;01.04.04;31.12.04;F25
BF1250;Feiern Bistum Fulda / 1250. Todestages des Franciskanermönches Bonifatius;DK0OL;01.04.04;31.12.04;F72
BF1250;Feierlichkeiten des Bistums Fulda;DF0FU;01.04.04;31.12.04;F06
BG150;150 Jahre Stadt Bergisch Gladbach;DF0BG;15.08.06;30.09.06;G19
BIK25;Beethoven in Kerpen 2025;DL0BEETHOV;25.08.25;25.09.25;G29
BK;Bundeskanzler Sommerfest;DK0BK;01.09.78;30.09.78;K04
BK;Bundeskanzler Kinderfest;DK0BKF;15.06.89;30.06.89;?
BK95;Kinder- und Sommerfest beim Bundeskanzler in Bonn;DA0BKF;01.09.95;30.09.95;Z37
BL04;Aktivitäten rund um die erste Bogenlampe in Gera vor 150 Jahren;DK0KTL;25.10.04;21.11.04;X20
BL50;50 Jahre OV A02;DL0IF;28.04.02;26.05.02;A02
BL50;Fünfzig Jahre OV P30 Balingen;DL0NET;01.01.15;31.12.15;P30
BL50;Fünfzig Jahre OV P30 Balingen;DL0AZ;01.01.15;31.12.15;P30
BLA14;Brandenburger Landesausstellung 2014;DK0FIW;07.06.14;22.06.14;Y38
BLA14;Brandenburger Landesausstellung 2014;DK0FIW;15.09.14;30.11.14;Y38
BLGS23;Gartenschau in Balingen Zollernalbkreis 2023;DL0AZ;01.02.23;31.10.23;P30
BLN;DARC Distrikt Berlin;DF0BLN;01.05.92;;D08
BLN;Sonderstation des Distriktes Berlin;DA0BLN;01.03.03;31.12.03;D20
BLN50;50 Jahre Distrikt Berlin;DL0FEZ;01.01.97;31.12.97;D21
BLN50;50 Jahre Distrikt Berlin;DL0ABT;01.01.97;31.12.97;D25
BLN50;50 Jahre Distrikt Berlin;DK0BW;01.01.97;31.12.97;D10
BLN50;50 Jahre Distrikt Berlin;DB0WED;01.01.97;31.12.97;D10
BLN50;50 Jahre Distrikt Berlin;DK0KA;01.01.97;31.12.97;D02
BLN50;50 Jahre Distrikt Berlin;DF0BLN;01.01.97;31.12.97;D08
BLN50;50 Jahre Distrikt Berlin;DL0JU;01.01.97;31.12.97;D03
BLN50;50 Jahre Distrikt Berlin;DL0TE;01.01.97;31.12.97;D08
BLN50;50 Jahre Distrikt Berlin;DL0CZ;01.01.97;31.12.97;D13
BLN50;50 Jahre Distrikt Berlin;DL0BN;01.01.97;31.12.97;D09
BLN50;50 Jahre Distrikt Berlin;DL0CON;15.02.97;31.12.97;D20
BLN50;50 Jahre Distrikt Berlin;DF0BT;15.02.97;31.12.97;D04
BLN50;50 Jahre Distrikt Berlin;DL0BFH;15.02.97;31.12.97;D19
BLN50;50 Jahre Distrikt Berlin;DL0JS;15.02.97;31.12.97;D05
BLN50;50 Jahre Distrikt Berlin;DF0LI;01.03.97;31.12.97;D26
BLN50;50 Jahre Distrikt Berlin;DB0MVB;01.03.97;31.12.97;D13
BLN50;50 Jahre Distrikt Berlin;DL0OSZ;01.03.97;31.12.97;D06
BLN50;50 Jahre Distrikt Berlin;DL0IV;01.03.97;31.12.97;D14
BLN50;50 Jahre Distrikt Berlin;DL0WF;01.03.97;31.12.97;D11
BLN50;50 Jahre Distrikt Berlin;DK0EK;01.03.97;31.12.97;D11
BLN50;50 Jahre Distrikt Berlin;DL0FI;01.03.97;31.12.97;D01
BLN50;50 Jahre Distrikt Berlin;DL0AON;26.05.97;31.12.97;D27
BLN60;60 Jahre Distrikt Berlin;DR60BLN;01.04.09;31.03.10;D23
BLN775;775 Jahre Berlin;DL0BIG;01.01.12;31.12.12;D24
BLN775;775 Jahre Berlin;DL0JS;01.01.12;31.12.12;D05
BLN775;775 Jahre Berlin;DL0TE;01.01.12;31.12.12;D08
BLN775;775 Jahre Berlin;DB0MVB;01.01.12;31.12.12;D13
BLN775;775 Jahre Berlin;DL0MVB;01.01.12;31.12.12;D13
BLN775;775 Jahre Berlin;DP775BLN;01.01.12;31.12.12;D05
BLN775;775 Jahre Berlin;DL0YLD;01.01.12;31.12.12;D27
BLN775;775 Jahre Berlin;DO0MVB;01.01.12;31.12.12;D13
BLN775;775 Jahre Berlin;DL0AON;01.01.12;31.12.12;D27
BLN775;775 Jahre Berlin;DA0MVB;01.01.12;31.12.12;D13
BLN775;775 Jahre Berlin;DL0D;01.01.12;31.12.12;D13
BLN775;775 Jahre Berlin;DQ775BLN;01.01.12;31.12.12;D13
BLOTA;Boat Lifts on The Air;DL0CRE;01.09.14;31.08.15;N18
BLOTA;Boat Lifts on The Air;DL0WA;14.09.14;13.09.15;N21
BLOTA;Tag des offenen Denkmals;DL0CRE;18.09.15;04.10.15;N18
BM;Ham-Radio-Border-Meeting-Kempen;DL0KK;01.05.75;31.03.82;R05
BMF20;20 Jahre Berliner Mauerfall;DL0TE;01.08.09;31.03.10;D08
BN;DARC Distrikt Berlin;DL0BN;30.11.83;;D09
BN;DARC Distrikt Berlin;DF0RR;30.01.88;23.11.14;D18
BN25;25 jähriges Bestehen der Contestgruppe DK0BN;DK0BN;01.03.97;28.02.98;K15
BN61;Funkausstellung Berlin 1961;DL0BN;20.08.61;10.09.61;D09
BO700;700 Jahre Stadt Bochum;DK0BO;01.06.21;28.02.22;O35
BOB-WM;Bob- u. Skeleton WM 2015 in Winterberg;DF0WB;23.02.15;08.03.15;O44
BOS;Behindertenlehrgänge;DF0BOS;01.07.92;;D03
BOWA20;Fusion der Gemeinde Bomlitz mit Walsrode 2020;DF0W;01.01.20;31.12.20;H02
BOWA20;Fusion der Gemeinde Bomlitz mit Walsrode 2020;DL0WAL;01.01.20;31.12.20;H02
BRA;DARC Distrikt Brandenburg;DK0BRA;01.01.92;31.12.96;Y22
BRA;DARC Distrikt Brandenburg;DL0BRA;01.01.92;;Y43
BRA;Werbeveranstaltung;DL0FOR;01.08.96;25.08.96;Y27
BRA;DARC Distrikt Brandenburg;DK0FFO;01.11.96;;Y22
BRA;Distrikt Brandenburg /Festwoche in Mühlberg;DA0SBM;01.06.97;30.06.97;Y31
BRA;DARc Distrikt Brandenburg;DK0GUB;26.07.97;05.08.97;Y26
BRA;DARC Distrikt Brandenburg;DL0FOR;26.07.97;05.08.97;Y27
BRA;DARC Distrikt Brandenburg;DK0NFL;26.07.97;05.08.97;Y33
BRA;DARC Distrikt Brandenburg;DL0CB;26.07.97;05.08.97;Y24
BRA;Heimatfest;DL0ZDD;25.08.00;27.08.00;Y05
BRA;5. Brandenburg + 5. Amateurfunktreffen in FFO;DA0SLU;01.09.00;30.09.00;Y22
BRA;Landesgartenschau in Brandenburg;DF0WF;17.06.02;02.07.02;Y36
BRA;Distrikts-Ausbildungsmaßnahmen;DN1BRA;01.09.02;31.12.04;Y43
BRA;Fontane-Jahr 2019;DA200TF;01.01.19;31.12.19;Y73
BRA10;10 Jahre Distrikt Brandenburg;DL0BRA;01.01.01;30.04.01;Y32
BRIDGE;Jahrhundertbauwerk Rügenbrücke vor Stralsund;DL0HST;01.07.07;31.12.07;V03
BROSSA;870 Jahre Kaiserkrönung Friedrich I. Barbarossa;DP6Z;01.01.25;30.09.25;P62
BS;Bodenseetreffen Konstanz;DL0IM;01.06.62;31.12.75;A36
BS;DARC Distrikt Bayern-Süd;DL0BS;01.01.79;;C31
BSF;Bundesschützenfest in Ahrweiler;DK0JA;01.08.07;31.10.07;K01
BTHVN;250 Jahre Beethoven;DL250BTHVN;16.12.19;15.12.20;G03
BU500;500 Jahre Barbara Uthmann;DL0ANA;22.08.14;21.09.14;S48
BUA06;Aktionstag Bergbau und Amateurfunk;DR0N;15.05.06;15.06.06;N19
BUA07;Aktionstag Bergbau und Amateurfunk;DF0RAG;01.05.07;30.06.07;N07
BUA08;Bergbau und Amateurfunk 2008;DR0N;01.05.08;30.06.08;N19
BUA09;Bergbau und Amateurfunk 2009;DF0BUA;15.05.09;30.06.09;O52
BUA10;Bergbau und Amateurfunk 2010;DF0BUA;01.05.10;30.06.10;O52
BUA11;Bergbau und Amateurfunk 2011;DF0BUA;01.05.11;30.06.11;O52
BUA12;Bergbau und Amateurfunk 2012;DF0BUA;01.05.12;30.06.12;O52
BUA13;Bergbau und Amateurfunk 2013;DF0RAG;01.05.13;31.05.13;N07
BUGA01;BUGA in Potsdam;DA0PDM;21.04.01;07.10.01;Y09
BUGA07;Bundesgartenschau 2007 in Gera;DK0KTL;01.04.07;31.10.07;X20
BUGA09;Bundesgartenschau 2009 in Schwerin;DL0SWN;01.04.09;31.12.09;V14
BUGA09;Bundesgartenschau 2009 in Schwerin;DF0SWN;01.04.09;31.12.09;Z87
BUGA15;BUGA 2015 Havelregion;DF0BRB;01.01.15;31.12.15;Y06
BUGA15;BUGA 2015 Havelregion;DL0HSR;01.01.15;31.12.15;Y12
BUGA19;Bundesgartenschau 2019 in Heilbronn;DM19BUGA;29.05.19;28.11.19;P05
BUGA2011;Bundesgartenschau 2011 in Koblenz;DL0LR;01.12.10;30.11.11;K05
BUGA2011;Bundesgartenschau 2011 in Koblenz;DL0KO;01.12.10;30.11.11;Z11
BUGA2011;Bundesgartenschau 2011 in Koblenz;DR11BUGA;01.01.11;31.12.11;K32
BUGA23;Bundesgartenschau 2023 in Mannheim;DM23BUGA;09.04.23;08.10.23;
BUM2010;Bunkermuseum Frauenwald 2010;DK0FAF;01.01.10;31.12.10;X38
BUND;Tag der offenen Tür der Bundesregierung;DL0BMI;01.08.07;31.08.07;Y11
BUS;DARC-Referat für Bild- und Schriftübertragung;DL0BUS;02.02.80;31.03.93;?
BUS;DARC-Referat für Bild- und Schriftübertragung;DF0BUS;15.03.80;31.03.93;I37
BUS;DARC-Referat für Bild- und Schriftübertragung;DL0FAX;01.11.84;31.03.93;F53
BUS;DARC-Referat für Bild- und Schriftübertragung;DL0ATV;01.11.84;31.03.93;F09
BW30;30 Jahre OV Berlin-Wedding;DB0WED;01.09.04;31.08.05;D10
BW30;30 Jahre OV Berlin-Wedding;DK0BW;01.09.04;31.08.05;D10
BW50;50 Jahre Baden Würtemberg;DA0BW;15.03.02;15.01.03;A07
BWA;Baden-Würtemberg-Aktivitäten;DK0VE;01.01.01;;P15
BY;Distrikt Nordrhein;DF0BY;11.11.82;31.12.03;R25
BY;Distrikt Nordrhein;DF0EN;15.09.89;;R22
BY08;OLYMPIC GAMES 2008 in China;DL2008BY;01.07.08;31.08.08;L16
BYETXL;Schließung von Flughafen Tegel;DL73TXL;01.07.20;30.06.21;D13
C15MARKTL;Papst Benedikt XVI in Marktl;DR06XVI;23.08.06;12.08.07;C15
CAMPFN;Funkaktivitäten zum HamCamp FN;DA0HC;01.01.14;31.12.14;P57
CAMPFN;Funkaktivitäten zum HamCamp FN;DA0HC;01.01.15;18.11.18;P57
CCCAMP;Chaos Communication Camp 2015;DK0CCC;07.08.15;21.08.15;D23
CCCAMP07;Chaos Communication Camp 2007;DA0CCC;04.08.07;19.08.07;D23
CD61;100 Jahre Deilheim Bentheim;DJ6SY;01.07.61;15.07.61;?
CEPT10;10 Jahre CEPT;DF0RM;01.07.95;16.07.95;U23
CEPT10;40 Jahre OV Emmerich;DL0DZ;01.07.95;29.07.95;L04
CEPT10;10 Jahre CEPT;DF0STL;01.07.95;16.07.95;U23
CEPT10;Amateurfunk-Vorführungen;DA0ZHF;01.08.95;31.08.95;W07
CEPT10;25 Jahre Freundschaftstreffen LX / DL;DA0LUX;01.09.95;30.09.95;Q08
CEPT10;10 Jahre CEPT;DF0STL;02.09.95;17.09.95;U23
CEPT10;10 Jahre CEPT;DF0RM;02.09.95;17.09.95;U23
CEPT10;Amateurfunk-Vorführungen in Buchholz/Nordheide;DK0XA;09.09.95;10.09.95;E21
CEPT10;Stadtfeier 725 Jahre Templin;DL0AGU;28.09.95;01.10.95;Y01
CEPT10;10-jähriges Bestehen des OV Eichstätt;DL0EIC;24.12.95;07.01.96;B41
CFG300;C. F. Gellert 300. Geburtstag;DL0FBG;01.01.15;31.12.15;S44
CFG300;C.F.Gellert 300. Geburtstag;DA300CFG;01.01.15;31.12.15;S44
CHIO2006;Internationales Reitturnier CHIO in Aachen;DL0AC;01.06.06;31.05.07;G01
CJD;Christliches Jugendwerkdorf Deutschlands;DL0CJD;01.10.93;31.12.97;D08
CM00;OV Goch;DF0CG;12.05.01;28.06.02;L06
CM01;DARC Clubmeister 2001;DL0CS;29.06.02;24.05.03;M15
CM02;DARC Clubmeister 2002;DL0SE;24.05.03;26.06.04;O32
CM03;DARC Clubmeister des Jahres 2003 / OC Schwelm;DL0SE;26.06.04;20.06.05;O32
CM04;DARC Clubmeister 2004;DL0MB;20.06.05;19.06.06;A24
CM04;DARC Clubmeister 2004;DL0ET;20.06.05;19.06.06;A24
CM04;DARC Clubmeister 2004;DK0OX;20.06.05;19.06.06;A24
CM04;DARC Clubmeister 2004;DR9A;01.03.06;19.06.06;A24
CM04;DARC Clubmeister 2004;DM1A;01.03.06;19.06.06;A24
CM04;DARC Clubmeister 2004;DP6M;01.03.06;19.06.06;A24
CM05;DARC Clubmeister 2005;DL0ET;01.04.06;31.03.07;A24
CM05;DARC Clubmeister 2005;DP6M;01.04.06;31.03.07;A24
CM05;DARC Clubmeister 2005;DR9A;01.04.06;31.03.07;A24
CM05;DARC Clubmeister 2005;DL0MB;01.04.06;31.03.07;A24
CM05;DARC Clubmeister 2005;DM1A;01.04.06;31.03.07;A24
CM06;DARC Clubmeister 2006;DL0ET;01.04.07;01.04.08;A24
CM06;DARC Clubmeister 2006;DM1A;01.04.07;30.06.10;A24
CM06;DARC Clubmeister 2006;DL0MB;01.04.07;01.04.08;A24
CM06;DARC Clubmeister 2006;DR9A;01.04.07;30.06.10;A24
CM06;DARC Clubmeister 2006;DQ1A;01.04.07;01.06.11;A24
CM06;DARC Clubmeister 2006;DP6M;01.04.07;30.08.10;A24
CM07;DARC Clubmeister 2007;DR9A;01.04.08;31.03.09;A24
CM07;DARC Clubmeister 2007;DL0ET;01.04.08;31.03.09;A24
CM07;DARC Clubmeister 2007;DP6M;01.04.08;31.03.09;A24
CM07;DARC Clubmeister 2007;DM1A;01.04.08;31.03.09;A24
CM07;DARC Clubmeister 2007;DL0MB;01.04.08;31.03.09;A24
CM07;DARC Clubmeister 2007;DQ1A;01.04.08;31.03.09;A24
CM08;DARC Clubmeister 2008;DF0BV;01.06.09;31.05.10;C25
CM08;DARC Clubmeister 2008;DK0ED;01.06.09;31.05.10;C25
CM09;DARC Clubmeister 2009;DL0TS;26.06.10;30.06.11;F27
CM10;DARC Clubmeister 2010;DK0PC;01.07.11;30.06.12;M11
CM11;DARC Clubmeister 2011;DL0TS;01.07.12;30.06.13;F27
CM13;Clubmeisterschaft 2013;DK0ED;01.07.14;30.06.15;C25
CM14;Clubmeisterschaftssieg 2014;DK0ED;01.07.15;30.06.16;C25
CM15;Clubmeister 2015;DK0ED;01.07.16;30.06.17;C25
CM17;Clubmeister 2017 OV Erding, C25;DK0ED;01.07.18;30.06.19;C25
CM18;Clubmeister 2018 OV Erding, C25;DK0ED;01.07.19;30.06.20;C25
CM19;Gewinner Clubmeisterschaft 2019;DK0MM;01.07.20;30.06.21;F39
CM20;Gewinner Clubmeisterschaft 2020;DL0TS;25.06.21;24.06.22;F27
CM21;ClubMeister 2021;DD5M;20.07.22;23.06.23;C01
CM21;ClubMeister 2021;DA0N;20.07.22;23.06.23;C01
CM21;ClubMeister 2021;DK0JVA;20.07.22;23.06.23;C01
CM21;ClubMeister 2021;DK0VA;20.07.22;23.06.23;C01
CM21;ClubMeister 2021;DL7C;20.07.22;23.06.23;C01
CM21;ClubMeister 2021;DL0RPJ;20.07.22;23.06.23;C01
CM21;ClubMeister 2021;DB0HY;20.07.22;23.06.23;C01
CM21;ClubMeister 2021;DK0V;20.07.22;23.06.23;C01
CM78;Wiederbelebung alter CM;DK0HF;01.05.99;02.07.19;N08
CM80;OV Gemünd  G22;DK0HH;15.05.81;14.05.82;G22
CM81;OV Bad Kreuznach  K 04;DF0RX;15.05.82;27.05.83;K04
CM82;OV Bielefeld N 01;DL0BI;28.05.83;25.05.84;N01
CM83;OV Würmtal  C 30;DK0WL;26.05.84;17.05.85;C30
CM84;OV Ahlen  N 34;DK0EP;18.05.85;23.05.86;N34
CM85;OV Ahlen  N 34;DK0EP;24.05.86;22.05.87;N34
CM86;OV Leichlingen  R25;DF0CQ;23.05.87;;R25
CM87;OV Suederbrarup  M 15;DL0CS;28.05.88;22.04.89;M15
CM88;Clubmeister 1988;DK0HEL;23.04.89;25.05.90;B39
CM88;Wiederbelebung alte Clubmeister;DL0AR;01.07.98;30.06.99;B39
CM88;Wiederbelebung alte Clubmeister;DF0HF;01.07.98;30.06.99;B39
CM88;Wiederbelebung alte Clubmeister;DL0HEL;01.07.98;30.06.99;B39
CM88;Wiederbelebung alte Clubmeister;DK0HEL;01.07.98;30.06.99;B39
CM89;OV Fritzlar;DF0DF;26.05.90;10.05.91;F70
CM90;OV Melsungen  F 36;DL0DK;11.05.91;15.05.92;F36
CM91;OV Melsungen  F 36;DL0DK;16.05.92;14.05.93;F36
CM92;OV Melsungen  F 36;DL0DK;15.05.93;13.05.94;F36
CM93;OV Melsungen  F 36;DL0DK;14.05.94;12.05.95;F36
CM94;OV Melsungen  F 36;DL0DK;13.05.95;10.05.96;F36
CM95;OV Melsungen  F 36;DL0DK;11.05.96;23.05.97;F36
CM96;OV Brarup M 15;DL0CS;24.05.97;15.05.98;M15
CM97;OV Melsungen;DL0DK;16.05.98;31.05.99;F36
CM99;DARC Clubmeister 1999;DF0CG;23.06.00;12.05.01;L06
CMC22;Gewinner der Clubmeisterschaft Classic 2022;DA2R;24.06.23;28.06.24;U14
CMC22;Gewinner der Clubmeisterschaft Classic 2022;DF0S;24.06.23;28.06.24;U14
CMC22;Gewinner der Clubmeisterschaft Classic 2022;DF0G;24.06.23;28.06.24;U14
CMC22;Gewinner der Clubmeisterschaft Classic 2022;DL0SG;24.06.23;28.06.24;U14
CMC22;Gewinner der Clubmeisterschaft Classic 2022;DK2R;24.06.23;28.06.24;U14
CMC22;Gewinner der Clubmeisterschaft Classic 2022;DL2L;12.10.23;28.06.24;U14
CMC23;Gewinner der Clubmeisterschaft Classic 2023;DF0S;29.06.24;27.06.25;U14
CMC23;Gewinner der Clubmeisterschaft Classic 2023;DF0G;29.06.24;27.06.25;U14
CMC23;Gewinner der Clubmeisterschaft Classic 2023;DK2R;29.06.24;27.06.25;U14
CMC23;Gewinner der Clubmeisterschaft Classic 2023;DL0SG;29.06.24;27.06.25;U14
CMC23;Gewinner der Clubmeisterschaft Classic 2023;DA2R;29.06.24;27.06.25;U14
CMC23;Gewinner der Clubmeisterschaft Classic 2023;DL2L;29.06.24;27.06.25;U14
CMO22;Gewinner der Clubmeisterschaft Open 2022;DB0HY;24.06.23;28.06.24;C01
CMO22;Gewinner der Clubmeisterschaft Open 2022;DL0RPJ;24.06.23;28.06.24;C01
CMO22;Gewinner der Clubmeisterschaft Open 2022;DA0N;24.06.23;28.06.24;C01
CMO22;Gewinner der Clubmeisterschaft Open 2022;DK0V;24.06.23;28.06.24;C01
CMO22;Gewinner der Clubmeisterschaft Open 2022;DK0VA;24.06.23;28.06.24;C01
CMO22;Gewinner der Clubmeisterschaft Open 2022;DD5M;24.06.23;28.06.24;C01
CMO22;Gewinner der Clubmeisterschaft Open 2022;DL7C;24.06.23;28.06.24;C01
CMO22;Gewinner der Clubmeisterschaft Open 2022;DK0JVA;24.06.23;28.06.24;C01
CMO23;Gewinner der Clubmeisterschaft Open 2023;DM6M;01.08.24;27.06.25;H24
CMO23;Gewinner der Clubmeisterschaft Open 2023;DL0DD;01.08.24;27.06.25;H24
CMO23;Gewinner der Clubmeisterschaft Open 2023;DL0VW;01.08.24;27.06.25;H24
CMO23;Gewinner der Clubmeisterschaft Open 2023;DF0AWG;01.08.24;27.06.25;H24
CMO25;Gewinner der Clubmeisterschaft Open 2025;DL0DD;27.06.26;24.06.27;H24
CMO25;Gewinner der Clubmeisterschaft Open 2025;DM6M;27.06.26;24.06.27;H24
CMO25;Gewinner der Clubmeisterschaft Open 2025;DL0VW;27.06.26;24.06.27;H24
CMO25;Gewinner der Clubmeisterschaft Open 2025;DF0AWG;27.06.26;24.06.27;H24
CO57;DARC Deutschlandtreffen Coburg 1957;DL0BN;02.08.57;05.08.57;D09
CO90;90 Jahre Radioverein in Coburg;DL0CG;10.02.09;31.01.10;B19
CO950;950 Jahrfeier der Stadt Coburg;DL0CG;01.03.06;30.06.06;B19
COC125FFW;125 Jahre Freiwillige Feuerwehr Stadt Cochem;DK0MOS;01.10.07;31.03.08;K45
COC125FFW;125 Jahre Freiwillige Feuerwehr Stadt Cochem;DF0COC;01.10.07;31.03.08;K45
COLOGNE06;80 Jahre OV Köln G10;DA0FWC;01.06.06;31.07.06;G10
CON23;Jahrestagung Conveniat;DF0CON;24.04.23;23.10.23;I33
COTA;Castles on the Air;DR1COTA;01.09.07;31.08.08;L18
COTA;Castle on the Air - Aktivitäten;DP7COTA;01.03.12;28.02.13;U23
COTA;Castles on the Air;DR11COTA;01.08.12;30.06.13;X11
COTA;Castles on the Air;DA0COTA;01.09.12;30.04.13;O04
COTA;Castles on the Air;DF0WCA;01.11.13;;X11
CPU;AG Mikrocomputer Kurpfalz;DF0CPU;01.04.97;;K06
CSD20;Christopher-Street-Days in 2020;DL0GAY;01.01.20;31.12.20;Y73
CSD21;Christopher Street Day 2021;DL0GAY;01.04.21;30.09.21;Y73
CSD22;Christopher Street Day 2022;DL0GAY;01.04.22;31.10.22;Y73
CSD23;Christopher Street Day 2023;DL0GAY;01.04.23;31.10.23;Y73
CSD24;Christopher Street Day 2024;DL0GAY;05.04.24;31.10.24;Y73
CSD25; 		CSD-Veranstaltungen 2025 in DL;DL0GAY;01.04.25;01.10.25;Y73
CSD26;CSD Veranstaltungen 2026 in DL;DL0GAY;01.04.26;30.09.26;Y73
CSJ60;60 Jahre Clubstation Jesewitz;DM60CSJ;01.01.22;30.09.22;S36
CTDW;Aktivität des Contest Team Dortmund-West;DQ0A;01.01.06;31.12.06;O52
CTDW;Aktivität des Contest Team Dortmund-West;DR0R;01.01.06;31.12.06;O52
CV60;60 Jahre SOS-Kinderdorf (Child-Village);DF0CHE;05.02.09;31.12.09;S54
CV60;60 Jahre SOS-Kinderdorf (Child-Village);DL60CHILD;20.02.09;31.12.09;S54
CW;AGCW-DL;DK0AG;01.07.82;07.05.98;I19
CW;AGCW-DL;DF0ACW;11.09.86;;F09
CW;AGCW-DL;DF0AGC;29.09.90;;E20
CW;AGCW-DL;DL0DA;01.07.92;;S06
CW;AGCW-DL;DL0CWW;01.11.94;31.12.24;F21
CW;AGCW-DL;DK0AG;01.11.98;;H02
CW;AGCW-DL;DL0AGC;01.04.03;31.12.10;E13
CW;QRS-Netz;DL0SLW;22.11.23;21.11.24;K15
CW;QRS-Netz der AGCW;DL0SLW;01.02.26;31.12.26;K15
CW2000;DTC im Jahr 2000;DL0HTC;01.01.00;31.12.00;E33
CW2000;DTC im Jahr 2000;DK0DTC;01.01.00;31.12.00;A16
CW2000;DTC im Jahr 2000;DF0DTC;01.01.00;31.12.00;N13
D1;1. Deutsche Weltraummission 1985;DP0SL;15.10.85;30.11.85;
D1;1. Deutsche Weltraummission 1985;DK0UB;15.10.85;30.11.85;O35
D1;1. Deutsche Weltraummission 1985;DK0EK;15.10.85;30.11.85;D11
D1;1. Deutsche Weltraummission 1985;DF0VR;15.10.85;30.11.85;C23
D1;1. Deutsche Weltraummission 1985;DF0LRK;15.10.85;30.11.85;G25
D2;2. Deutsche Weltraummission 1993;DA0RC;01.02.93;31.05.93;
D23FD;Fieldday des OV D23;DK0CCC;15.10.04;18.10.04;D23
D4RU;75 Jahre Amateurfunk in Langenberg;DL0NI;01.09.05;30.11.05;R07
DA200SJA;Deutsch-Französische Jahr "Rendez-vous";DF0JEN;01.10.06;31.10.06;X22
DAFK;Deutsch-Arabischer-Freundschaftskreis;DL0DAF;01.09.94;31.12.06;P53
DAMP;Ausbildungslager Nord in Damp;DA0MP;01.03.96;31.12.07;I04
DAN;Erinnerung an die Küstenfunkstelle Norddeich Radio;DL0DAN;01.12.12;31.12.12;Z65
DAN;Museum Norddeich Radio;DL0DAN;01.08.14;15.08.14;Z65
DAN100;Andenken 100 Jahre Norddeich-Radio;DF0DAN;01.06.07;31.12.07;I55
DAN100;Andenken 100 Jahre Norddeich-Radio;DR100DAN;01.06.07;31.12.07;I09
DAN100;Andenken 100 Jahre Norddeich-Radio;DL0DAN;01.06.07;31.12.07;Z65
DAN100;Andenken 100 Jahre Norddeich-Radio;DL100DAN;01.06.07;31.12.07;Z65
DAN100;Andenken 100 Jahre Norddeich-Radio;DK0DAN;01.06.07;31.12.07;I55
DAN98;Andenken Norddeichradio Sendestelle Osterloog;DL0DAN;15.02.98;15.04.98;Z65
DARC;Sonderstation des DARC;DA0RC;09.11.94;;
DARC;DARC-Aktivitäten zur Jahrtausendwende;DA2OOO;01.03.99;31.12.00;
DARC40;40 Jahre DARC e. V.;DA0RC;01.01.90;31.12.90;
DARC40;40 Jahre DARC;DK0DM;01.01.90;31.12.90;C31
DARC40;40 Jahre DARC;DL0DM;01.01.90;31.12.90;C31
DARC40;40 Jahre DARC;DB0HQ;01.01.90;31.12.90;
DARC40;40 Jahre DARC;DL0DL;01.01.90;31.12.90;
DARC50;50 Jahre DARC e. V.;DA0RC;01.01.00;31.12.00;
DARC60;60 Jahre DARC e. V.;DL60DARC;01.01.10;31.12.10;
DARC60;60 Jahre DARC e. V.;DA0RC;01.01.10;31.12.10;
DARCVO;DARC e. V. Vorstand;DL7ATE;24.10.09;13.11.11;U08
DARCVO;DARC e. V. Vorstand;DL1DCT;24.10.09;13.11.11;O49
DARCVO;DARC e. V. Vorstand;DL8LE;24.10.09;31.12.10;U11
DARCVO;DARC e. V. Vorstand;DJ0QN;24.10.09;13.11.11;C26
DARCVO;DARC e. V. Vorstand;DL6SAK;01.10.10;13.11.11;F19
DASD;Deutscher Amateur Sende- und Empfangsdienst;DL0ASD;01.01.08;31.12.08;N43
DBO;DARC Distrikt Bayern-Ost;DL0DBO;01.08.85;;U15
DBO;DARC Distrikt Bayern-Ost;DL0U;01.10.05;30.06.15;U15
DC;DARC Distrikt Franken;DK0DC;01.01.79;;B14
DC2000;DARC Aktivitäten zur Jahrtausendwende;DC2000;01.01.00;31.12.00;Q13
DCW;Deut. Telegraphie Club e.V.;DK0DTC;01.12.98;;N32
DCW;Deut. Telegraphie Club e.V.;DL0HTC;01.12.98;;E33
DCW;Deut. Telegraphie Club e.V.;DF0DTC;01.12.98;;N13
DD2000;DARC-Aktivitäten zur Jahrtausendwende;DD2OOO;01.02.00;31.12.00;A06
DDSR;100 Jahre Hochseeschlepper Seefalke;DK100DDSR;01.01.24;31.12.24;I05
DEKT34;Deutscher Evangelischer Kirchentag in Hamburg 2013;DL0HHM;22.04.13;05.05.13;E15
DEL50I18;50 Jahre OV Delmenhorst (I18);DK0FC;01.01.07;31.12.07;I18
DF;Deutsche Funkausstellung Berlin;...0..;01.08.64;08.09.85;
DF;INt. Funkausstellung Berlin;DK0IFA;30.08.85;30.06.91;D11
DFF60;60 Jahre Deutscher Fernsehfunk;DL0KWH;01.12.12;31.12.12;Y07
DHS;Aktivität internationaler Küstenfunkstellen;DA0DHS;01.04.88;02.05.99;Z89
DHS;Europ. Treffen der Küstenfunkstellen in Glowe / Rügen;DA0DHS;16.09.95;01.10.95;Z89
DI;Distrikt Nordsee Sonderstation;DL0I;01.01.19;31.12.19;I18
DI;Distrikt Nordsee Sonderstation;DL0I;01.01.20;;I18
DICZ;111. Geburtstag Lotsenschoner ATALANTA;DL0HWI;01.04.12;31.08.12;V18
DIG;Diplom-Interessen-Gruppe;DL0DIG;01.03.79;;G46
DIG;Diplom-Interessen-Gruppe;DK0DIG;01.09.84;;N16
DIG;Diplom-Interessengruppe im DARC;DF0DIG;01.11.84;;G46
DIG;Diplom-Interessen-Gruppe;DA0DIG;01.02.14;;G46
DIG;DIG-Clubstation;DL0DSE;15.01.17;;
DIG;50 Jahre Diplom Interessen Gruppe;DR50DIG;01.01.19;31.12.19;G46
DIG;55 Jahre Diplom Interessen Gruppe;DQ55DIG;13.01.24;12.01.25;P07
DIG01;DIG Treffen in Kreischa;DF0WER;01.05.01;30.06.01;S01
DIG01;DIG Trefeen in Kreischa;DL0FTL;01.05.01;30.06.01;S01
DIG01;DIG treffen in Kreischa;DL0DIG;01.05.01;30.06.01;R15
DIG25;25 Jahre DIG im DARC;DF0DIG;01.01.94;31.12.94;G22
DIG25;25 Jahre DIG;DK0DIG;01.01.94;31.12.94;A20
DIG25;25 Jahre DIG im DARC;DA0DIG;01.01.94;31.12.94;R15
DIG25;25 Jahre DIG im DARC;DL0DIG;01.01.94;31.12.94;R15
DIG25;25 Jahre DIG im DARC;DL0XYL;01.01.94;31.12.94;F15
DIG25;25 Jahre DIG im DARC;DL0DSE;01.01.94;31.12.94;G37
DIG33;33 Jahre DIG;DF0DIG;01.01.02;31.12.02;G22
DIG33;33 Jahre DIG;DK0DIG;01.01.02;31.12.02;A20
DIG33;33 Jahre DIG;DL0DSE;01.01.02;31.12.02;G37
DIG33;33 Jahre DIG;DL0YL;01.01.02;31.12.02;Z92
DIG33;33 Jahre DIG;DL0XYL;01.01.02;31.12.02;F15
DIG33;33 Jahre DIG;DL0DIG;01.01.02;31.12.02;R15
DIG35;35 Jahre DIG;DF0DIG;01.05.04;31.10.04;G22
DIG35;35 Jahre DIG;DL0DIG;01.05.04;31.10.04;R15
DIG35;35 Jahre DIG;DK0DIG;01.05.04;31.10.04;A20
DIG35;35 Jahre DIG;DA0DIG;01.05.04;31.10.04;R15
DIG40;40 Jahre DIG;DK0DIG;01.01.09;31.12.09;A20
DIG40;40 Jahre DIG;DL0DIG;01.01.09;31.12.09;R15
DIG40;DIG-Treffen in Regensburg;DL0RA;01.06.09;30.06.09;U13
DIX125;Otto-Dix-Jahr der Stadt Gera;DL0DIX;01.01.16;31.12.16;X20
DIX125;Otto-Dix-Jahr der Stadt Gera;DK0GER;01.01.16;31.12.16;X20
DIX130;130. Geburtstag des Malers Otto Dix, der 1891 in Gera geboren wurde;DM5G;01.12.21;31.12.21;X20
DIX130;130. Geburtstag des Malers Otto Dix, der 1891 in Gera geboren wurde;DL0DIX;01.12.21;31.12.21;X20
DIX130;130. Geburtstag des Malers Otto Dix, der 1891 in Gera geboren wurde;DK0GER;01.12.21;31.12.21;X20
DJF;Deutsch-Japanische-Freundschaft;DL0DJF;01.04.93;;C28
DJF;Deutsch-Japanische-Freundschaft;DK0DJF;01.09.94;;C28
DJVO;Distriktsjugendverband Westfalen-Süd;DL0DJV;01.06.94;31.03.08;O27
DK;DARC DOK-Börse;DL0DK;01.07.64;28.02.80;F36
DK2000;DARC-Aktivitäten zur Jahrtausendwende;DL0PVD;01.04.00;31.12.00;K42
DK2000;DARC-Aktivitäten zur Jahrtausendwende;DK0JZ;01.04.00;31.12.00;K42
DKH11;Dunkelkaufhaus, Erlebnis der Sinne in Wetzlar;DL0DKH;05.02.11;31.12.11;F15
DKTOS;Deutscher Katholikentag 2008 in Osnabrück;DL2008DKT;08.03.08;31.12.08;I12
DKTR;Katholikentag Regensburg;DL2014DKT;01.04.14;31.03.15;U29
DL2000;DARC-Aktivitäten zur Jahrtausendwende;DL2OOO;01.09.97;31.12.00;A20
DL2000;DARC-Aktivitäten zur Jahrtausendwende;DK2OOO;01.09.98;31.12.00;A19
DL2000;DARC-Aktivitäten zur Jahrtausendwende;DH2OOO;01.07.99;31.12.00;O52
DL2000;Jahrtausendwende;DJ2OOO;01.07.99;31.12.00;O30
DL2000;DARC Aktivitäten zur Jahrtausendwende;DG0OOO;01.04.00;31.12.00;F34
DL3TD;HQ-Memorial DL3TD;DA0HQ;01.07.11;15.07.11;X34
DL5YY;HQ-Memorial DL5YY;DA0HQ;01.07.06;09.07.06;X34
DL60;lfd. SDOK 1987;..0..;01.01.87;31.12.87;
DL60;60 Jahre UKW-Tagungen;DL6O;01.04.15;31.12.15;A20
DL60SW;60 Jahre OV Sachsenwald (E06);DL0SW;03.04.20;31.12.20;E06
DL91;DARC-Clubstation;DA0RC;01.01.91;31.12.91;
DL91;lfd. SDOK 1991;..0..;01.01.91;31.12.91;
DL91;VFDB-Clubstation;DL0VK;01.01.91;31.12.91;Z25
DLBIER;500 Jahre Reinheitsgebot in Deutschland;DL500BIER;15.01.16;31.12.16;G29
DLFF;Deutschland Flora & Fauna;DF0WFF;26.09.09;31.12.09;I25
DLFF23;WCA u. WWFF-Aktivitäten, Burgentag, Castle-Weekend;DR44WCA;18.04.23;17.04.24;U23
DLFF25; 		Aktivitäten im WWFF-Marathon und Aktionsmonat August;DQ44WCA;01.08.25;31.12.25;
DLFF26;WWFF Aktivitäten;DQ44WCA;01.01.26;27.04.26;U23
DLFF26;WWFF Aktivitäten;DP44WCA;28.04.26;31.12.26;U23
DLH50;50 Jahre Deutsche Lufthansa;DL0LH;01.02.05;31.12.05;E27
DLH50;50 Jahre Deutsche Lufthansa;DL0DLH;01.02.05;31.12.05;K07
DLRG23;DLRG 2023 - 110 Jahre;DL110RG;01.09.23;29.02.24;
DM2000;DARC-Aktivitäten zur Jahrtausendwende;DM2OOO;01.02.00;31.12.00;S24
DM850M;850 Jahre Stadt Meerane;DF0GC;01.03.24;30.11.24;S57
DMC;Digital-Modes-Club DL;DL0DMC;16.07.10;15.07.11;S42
DMC;Digital-Modes-Club DL;DL0DMC;04.02.12;31.01.20;S42
DMM;Deutsches Musem München;DK0DM;01.01.91;;C31
DMM;Distrikt Bayern Süd;DL0DM;01.01.91;;C31
DMYV13;Deutscher Motor Yacht Verband 2013;DL0LO;14.07.13;28.07.13;I07
DN;DARC Distrikt Niedersachsen;DL0DN;01.01.79;;H01
DNT;DNAT Bentheim;DL0ZZ;01.08.77;31.12.87;I21
DNT;DNAT Bentheim;DL0DNT;01.08.77;31.12.87;I21
DNT;Deutsch-Niederländische AFu-Tage im DARC Bentheim;DF0DNT;01.01.88;;N32
DO2000;DARC Aktivitäten zur Jahrtausendwende;DO2OOO;01.04.00;31.12.00;Z91
DO61;DARC Deutschlandtreffen Dortmund 1961;DL0KTA;01.02.61;31.05.61;
DOC12;Documenta 12 in Kassel;DL0FDX;28.07.07;21.09.07;N01
DOG;Internationaler Tag des Hundes;DA0DOG;01.10.24;30.09.25;K15
DOG;Internationaler Tag des Hundes;DA0CAT;17.07.25;30.09.25;K15
DOK;DARC-DOK-Börse;DL0DOK;01.11.80;31.12.13;I54
DOK;DARC-DOK-Börse;DK0DOK;07.12.87;31.05.11;I05
DOK;DARC-DOK-Börse;DF0DOK;01.01.94;;I54
DOK;DARC-DOK-Börse UKW - SHF;DB0DOK;01.11.95;11.07.06;B08
DOK;DARC-DOK-Börse UKW - SHF;DA0DOK;12.07.06;31.05.11;X34
DOK14;DARC-DOK-Börse;DL0DOK;01.01.14;31.12.14;H08
DOK15;DARC-DOK-Börse;DL0DOK;01.01.15;31.12.15;
DOK16;DOK-Börse 2016;DL0DOK;01.01.16;31.12.16;H08
DOK17;DOK-Börse 2017;DL0DOK;01.01.17;31.12.17;
DOK18;DOK-Börse 2018;DL0DOK;01.01.18;31.12.18;H08
DOK19;DOK-Börse 2019;DL0DOK;01.01.19;31.12.19;H60
DOK20;Jahres SDOK der DOK Börse;DL0DOK;01.01.20;31.12.20;E15
DOK21;Jahres SDOK der DOK Börse;DL0DOK;01.01.21;31.12.21;H60
DOK22;DOK Börse 2022;DL0DOK;01.01.22;31.12.22;H60
DOK23;DOK Börse 2023;DL0DOK;01.01.23;31.12.23;E15
DOK24;DOK Börse 2024;DL0DOK;01.01.24;31.12.24;E15
DOK25;DOK Börse Jahres DOK 2025;DL0DOK;01.01.25;31.12.25;E15
DOK26;DOK Börse 2026;DL0DOK;01.01.26;31.12.26;J00
DOK30;30 Jahre DOK-Börse;DL0DOK;01.06.09;30.06.09;I54
DOK30;30 Jahre DOK-Börse;DK0DOK;01.06.09;30.06.09;I05
DOK30;30 Jahre DOK-Börse;DA0DOK;01.06.09;30.06.09;X34
DOK30;30 Jahre DOK-Börse;DF0DOK;01.06.09;30.06.09;I54
DPG05;Fünftes Deutsch-Polnisches Grenzfest;DL0UEM;25.04.05;08.05.05;V25
DR50FM;Drolshagen und De Fryske Marren (NL) 50-jährige Partnerschaft;DL0DRO;01.05.19;30.04.20;O43
DRF;Deutsche Rettungsflugwacht;DD1D;20.10.06;19.10.07;H14
DRG;DARC Distrikt Ruhrgebiet;DL0DRG;13.06.85;;L03
DRIBURG60;60 Jahre OV Bad Driburg (N05);DL0EG;01.03.11;31.12.11;N05
DRK;Fernmeldebereitschaft des DRK;DL0DRK;01.04.01;;O41
DRK;Deutsches Rotes Kreuz;DR0K;01.12.05;30.06.15;B01
DRK;Deutsches Jugendrotkreuz;DB0JRK;01.12.05;;B01
DRK;Deutsches Rotes Kreuz;DD0DRK;01.10.06;;W14
DRS01;DARC Rundspruchstation;DL0DL;01.01.01;31.12.01;
DRS01;Rundspruchstation;DA0RC;01.01.01;31.12.01;
DRS02;DARC Deutschlandrundspruch;DL0DL;01.01.02;31.12.02;
DRS03;DARC Deutschlandrundspruch;DL0DL;01.01.03;31.12.03;
DRS04;DARC Deutschlandrundspruch;DL0DL;01.01.04;31.12.04;
DRS05;DARC Deutschlandrundspruch;DL0DL;01.01.05;31.12.05;
DRS06;DARC Deutschlandrundspruch;DL0DL;01.01.06;31.12.06;
DRS07;DARC Deutschlandrundspruch;DL0DL;01.01.07;31.12.07;
DRS08;DARC Deutschlandrundspruch;DL0DL;01.01.08;30.04.08;
DRS08;DARC Deutschlandrundspruch;DL0DL;02.06.08;30.11.08;
DRS09;DARC Deutschlandrundspruch;DL0DL;01.01.09;31.12.09;
DRS10;DARC Deutschlandrundspruch;DL0DL;01.01.10;31.12.10;
DRS11;DARC Deutschlandrundspruch;DL0DL;01.01.11;31.12.11;
DRS12;DARC Deutschlandrundspruch;DL0DL;01.01.12;31.12.12;
DRS13;DARC Deutschlandrundspruch;DL0DL;01.01.13;31.12.13;
DRS14;DARC Deutschlandrundspruch;DL0DL;01.01.14;31.12.14;
DRS15;DARC Deutschlandrundspruch;DL0DL;01.01.15;31.12.15;
DRS16;Deutschland Rundspruch 2016;DL0DL;04.01.16;31.12.16;
DRS17;Deutschland Rundspruch;DL0DL;01.01.17;31.12.17;
DRS18;Deutschland Rundspruch 2018;DL0DL;01.01.18;31.12.18;
DRS19;Deutschland Rundspruch 2019;DL0DL;01.01.19;31.12.19;
DRS20;Deutschland Rundspruch 2020;DL0DL;01.01.20;31.12.20;
DRS21;Deutschland Rundspruch 2021;DL0DL;01.01.21;31.12.21;
DRS22;Deutschland Rundspruch 2022;DL0DL;01.01.22;31.12.22;
DRS23;Deutschland Rundspruch 2023;DL0DL;01.01.23;31.12.23;
DRS24;Deutschland-Rundspruch 2024;DL0DL;01.01.24;31.12.24;
DRS25;Deutschland-Rundspruch 2025;DL0DL;01.01.25;31.12.25;
DRS26;Deutschland-Rundspruch 2026;DL0DL;01.01.26;31.12.26;J00
DRS93;DARC-Rundspruchstation;DL0DL;01.01.93;31.12.93;
DRS94;DARC-Rundspruchstation;DL0DL;01.01.94;31.12.94;
DRS95;DARC-Rundspruchstation;DL0DL;01.01.95;31.12.95;
DRS96;DARC-Rundspruchstation;DL0DL;01.01.96;31.12.96;
DSA;Rundspruchstation Distrikt Sachsen Anhalt;DL0DSA;01.01.94;;W09
DSK06;Interessengemeinschaft Bergbau und Amateurfunk IGARAG;DF0RAG;01.11.06;31.12.06;N07
DSK07;Deutsche Steinkohle 07;DF0RAG;01.11.07;31.12.07;N07
DST2006;Distrikts-Service-Tag 2006;DA0RP;01.10.06;31.10.06;K39
DST2006;Distrikts-Service-Tag 2006;DL0K;01.10.06;31.10.06;K45
DST2006;Distrikts-Service-Tag 2006;DF0RLP;01.10.06;31.10.06;K39
DST2006;Distrikts-Service-Tag 2006;DM0K;01.10.06;31.10.06;K39
DST2006;Distrikts-Service-Tag 2006;DK0RLP;01.10.06;31.10.06;K39
DST2007;Distrikts-Service-Tag 2007;DM0K;01.09.07;31.10.07;K39
DST2007;Distrikts-Service-Tag 2007;DL0K;01.09.07;31.10.07;K45
DST2008;Distrikts-Service-Tag 2008;DL0RP;01.09.08;31.01.09;K46
DST2008;Distrikts-Service-Tag 2008;DA0RP;01.09.08;31.01.09;K39
DST2008;Distrikts-Service-Tag 2008;DK0RLP;01.09.08;31.01.09;K39
DST2008;Distrikts-Service-Tag 2008;DM0K;01.09.08;31.01.09;K39
DST2008;Distrikts-Service-Tag 2008;DL0K;01.09.08;31.01.09;K45
DST2008;Distrikts-Service-Tag 2008;DF0RLP;01.09.08;31.01.09;K39
DSW;Diplom-Sammler Waterkant;DK0DSW;01.07.98;;M06
DSW;Diplom-Sammler Waterkant;DL0DSW;01.07.98;;I17
DSW;Diplom-Sammler Waterkant;DF0DSW;01.07.98;;M06
DSW;Diplom-Sammler Waterkant;DA0LHT;01.07.13;04.05.17;H54
DSW10;10 Jahre Diplomsammler Waterkant;DF0DSW;01.01.04;31.12.04;I17
DSW10;10 Jahre Diplomsammler Waterkant;DL0DSW;01.01.04;31.12.04;I17
DSW10;10 Jahre Diplomsammler Waterkant;DK0DSW;01.01.04;31.12.04;I17
DTM95;Deutsche Telegraphie-Meisterschaft 1995;DA0HSC;01.09.95;31.10.95;N11
DTMB;Deutsches Technik Museum Berlin;DK0DTM;01.06.16;31.05.17;Y14
DVA;Distrikts-Sonder-DOK Baden;DL7RP;21.03.04;15.11.14;A10
DVA;Distrikts-Sonder-DOK Baden;DF3GU;13.04.08;;A05
DVA;Distrikts-Sonder-DOK Baden;DL5IAF;09.07.22;;A39
DVA;Distrikts-Sonder-DOK Baden;DD2CR;09.07.22;;A08
DVB;Distrikts-Sonder-DOK Franken;DF4NR;01.04.04;;B14
DVB;Distrikts-Sonder-DOK Franken;DL9NDS;01.02.06;22.10.23;B06
DVB;Distrikts-Sonder-DOK Franken;DO1NTS;01.02.06;30.10.07;B03
DVB;Distrikts-Sonder-DOK Franken;DH1NEK;01.02.06;30.10.08;B11
DVB;Distrikts-Sonder-DOK Franken;DB8NI;01.02.06;31.12.12;B12
DVB;Distrikts-Sonder-DOK Franken;DG4NBI;11.10.09;;B02
DVB;Distrikts-Sonder-DOK Franken;DL9NDW;22.10.23;;B09
DVC;Distrikts-Sonder-DOK Oberbayern;DC4RH;01.04.04;10.03.07;C08
DVC;Distrikts-Sonder-DOK Oberbayern;DL2QT;10.03.07;09.11.19;C18
DVC;Distrikts-Sonder-DOK Oberbayern;DJ5CL;10.03.07;13.11.11;C25
DVC;Distrikts-Sonder-DOK Oberbayern;DL3MBG;10.03.07;13.11.11;C15
DVC;Distrikts-Sonder-DOK Oberbayern;DK2PZ;13.11.11;;C01
DVC;Distrikts-Sonder-DOK Oberbayern;DG6SM;13.11.11;14.09.15;C18
DVC;Distrikts-Sonder-DOK Oberbayern;DL8FA;01.09.15;;C11
DVC;Distrikts-Sonder-DOK Oberbayern;DF2NU;09.11.19;;C18
DVD;Distrikts-Sonder-DOK Berlin;DL7BE;01.06.05;21.02.09;D11
DVD;Distrikts-Sonder-DOK Berlin;DL1BFF;01.06.05;20.01.07;D23
DVD;Distrikts-Sonder-DOK Berlin;DL9SAU;20.01.07;11.04.15;D23
DVD;Distrikts-Sonder-DOK Berlin;DL7UGO;01.04.11;16.03.13;D26
DVD;Distrikts-Sonder-DOK Berlin;DL7BMG;11.04.15;;D20
DVD;Distrikts-Sonder-DOK Berlin;DL7KST;11.04.15;03.08.24;D20
DVD;Distrikts-Sonder-DOK Berlin;DL7HD;11.04.15;01.04.17;D06
DVD;Distrikts-Sonder-DOK Berlin;DL7ARY;11.04.15;02.11.19;D14
DVD;Distrikts-Sonder-DOK Berlin;DC4LW;01.04.17;30.07.22;D23
DVD;Distrikts-Sonder-DOK Berlin;DM5DK;30.07.22;03.08.24;D20
DVD;Distrikts-Sonder-DOK Berlin;DL7USM;30.07.22;;D25
DVD;Distrikts-Sonder-DOK Berlin;DL2LJ;03.08.24;;D23
DVD;Distrikts-Sonder-DOK Berlin;DF3EI;03.08.24;;D20
DVE;Distrikts-Sonder-DOK Hamburg;DJ9LN;01.10.04;13.10.12;E12
DVE;Distrikts-Sonder-DOK Hamburg;DF3XZ;01.10.04;13.10.12;E13
DVE;Distrikts-Sonder-DOK Hamburg;DG2HA;01.10.04;16.04.11;E02
DVE;Distrikts-Sonder-DOK Hamburg;DH0LAE;01.10.04;04.11.06;E12
DVE;Distrikts-Sonder-DOK Hamburg;DK6XU;01.10.04;15.11.08;E15
DVE;Distrikts-Sonder-DOK Hamburg;DH3HAD;01.10.04;04.11.06;E12
DVE;Distrikts-Sonder-DOK Hamburg;DK6XR;01.10.04;15.11.08;E02
DVE;Distrikts-Sonder-DOK Hamburg;DL9XBB;01.10.04;23.10.21;E12
DVE;Distrikts-Sonder-DOK Hamburg;DK7EO;01.10.04;21.08.08;E29
DVE;Distrikts-Sonder-DOK Hamburg;DL1HBL;01.10.04;04.11.06;E19
DVE;Distrikts-Sonder-DOK Hamburg;DL4HO;01.10.04;05.04.08;E19
DVE;Distrikts-Sonder-DOK Hamburg;DL4HAZ;04.11.06;16.04.11;E13
DVE;Distrikts-Sonder-DOK Hamburg;DD3HX;04.11.06;08.03.07;E27
DVE;Distrikts-Sonder-DOK Hamburg;DB1BMK;13.10.12;12.10.25;E32
DVE;Distrikts-Sonder-DOK Hamburg;DG8HJ;31.10.15;;E15
DVE;Distrikts-Sonder-DOK Hamburg;DL2OBH;24.10.21;;E32
DVE;Distrikts-Sonder-DOK Hamburg;DL5HAS;12.10.25;;E35
DVF;Distrikts-Sonder-DOK Hessen;DB3PA;01.09.04;02.09.05;F27
DVF;Distrikts-Sonder-DOK Hessen;DL3EL;01.09.04;17.09.11;F49
DVF;Distrikts-Sonder-DOK Hessen;DH8FAP;03.09.05;01.08.08;F17
DVF;Distrikts-Sonder-DOK Hessen;DL6ZBW;27.10.07;17.09.11;F09
DVF;Distrikts-Sonder-DOK Hessen;DK2NO;01.08.08;;F35
DVF;Distrikts-Sonder-DOK Hessen;DL3AH;17.09.11;;F34
DVF;Distrikts-Sonder-DOK Hessen;DB3PA;17.09.11;22.08.15;F27
DVF;Distrikts-Sonder-DOK Hessen;DL4CR;22.08.15;17.08.19;F23
DVF;Distrikts-Sonder-DOK Hessen;DL1JU;17.08.19;;F76
DVF;Distrikts-Sonder-DOK Hessen;DO5WE;01.03.22;;F73
DVG;Distrikts-Sonder-DOK Köln-Aachen;DJ6AN;01.09.04;31.10.09;G17
DVG;Distrikts-Sonder-DOK Köln-Aachen;DL3KAA;01.09.04;24.02.07;G03
DVG;Distrikts-Sonder-DOK Köln-Aachen;DJ5KP;01.09.04;24.02.07;G54
DVG;Distrikts-Sonder-DOK Köln-Aachen;DJ5KX;24.02.07;17.10.15;G09
DVG;Distrikts-Sonder-DOK Köln-Aachen;DL3YAT;24.02.07;14.10.17;G11
DVG;Distrikts-Sonder-DOK Köln-Aachen;DL1KMH;31.10.09;17.10.15;G14
DVG;Distrikts-Sonder-DOK Köln-Aachen;DL1KMN;17.10.15;09.08.18;G20
DVG;Distrikts-Sonder-DOK Köln-Aachen;DF5JL;17.10.15;08.08.18;G20
DVG;Distrikts-Sonder-DOK Köln-Aachen;DL9DJ;14.10.17;25.10.22;G40
DVG;Distrikts-Sonder-DOK Köln-Aachen;DL3HAH;21.10.18;25.10.22;G16
DVG;Distrikts-Sonder-DOK Köln-Aachen;DJ5KX;21.10.18;10.06.21;G09
DVG;Distrikts-Sonder-DOK Köln-Aachen;DC1KO;23.10.21;25.10.22;G33
DVG;Distrikts-Sonder-DOK Köln-Aachen;DF5JL;29.04.23;20.04.24;G23
DVG;Distrikts-Sonder-DOK Köln-Aachen;DL3HAH;29.04.23;;G16
DVG;Distrikts-Sonder-DOK Köln-Aachen;DL3YAT;29.04.23;;G11
DVG;Distrikts-Sonder-DOK Köln-Aachen;DO1BEN;20.04.24;;G11
DVH;Distrikts-Sonder-DOK Niedersachsen;DB6OE;01.09.04;09.11.13;H59
DVH;Distrikts-Sonder-DOK Niedersachsen;DL2NC;10.11.13;;H32
DVH;Distrikts-Sonder-DOK Niedersachsen;DH8OH;10.11.13;;H19
DVH;Distrikts-Sonder-DOK Niedersachsen;DC7OS;10.11.13;;H65
DVH;Distrikts-Sonder-DOK Niedersachsen;DD4OI;22.03.14;;H39
DVH;Distrikts-Sonder-DOK Niedersachsen;DH6KA;22.03.14;;H34
DVI;Distrikts-Sonder-DOK Nordsee;DH2BAO;13.03.05;26.03.17;I01
DVI;Distrikts-Sonder-DOK Nordsee;DJ9OD;13.03.05;26.03.17;I14
DVI;Distrikts-Sonder-DOK Nordsee;DL4BO;13.03.05;26.03.17;I17
DVI;Distrikts-Sonder-DOK Nordsee;DB8WK;13.03.05;26.03.17;I16
DVI;Distrikts-Sonder-DOK Nordsee;DL8BDU;13.03.05;31.12.07;I51
DVI;Distrikts-Sonder-DOK Nordsee;DJ1HN;15.12.05;26.03.17;I36
DVI;Distrikts-Sonder-DOK Nordsee;DL9BCP;26.03.17;;I18
DVI;Distrikts-Sonder-DOK Nordsee;DO1BR;26.03.17;;I37
DVI;Distrikts-Sonder-DOK Nordsee;DL8BBC;26.03.17;10.03.24;I20
DVK;Distrikts-Sonder-DOK Rheinland-Pfalz;DF2IH;01.09.04;30.04.07;K38
DVK;Distrikts-Sonder-DOK Rheinland-Pfalz;DF3UX;01.09.04;;K39
DVK;Distrikts-Sonder-DOK Rheinland-Pfalz;DJ6WC;01.09.04;31.03.10;K28
DVK;Distrikts-Sonder-DOK Rheinland-Pfalz;DL4PY;01.09.04;31.03.10;K45
DVK;Distrikts-Sonder-DOK Rheinland-Pfalz;DL7PP;01.09.04;30.04.07;F27
DVK;Distrikts-Sonder-DOK Rheinland-Pfalz;DF8WR;01.09.04;18.04.26;K52
DVK;Distrikts-Sonder-DOK Rheinland-Pfalz;DF7PN;01.09.04;06.03.16;K07
DVK;Distrikts-Sonder-DOK Rheinland-Pfalz;DK7UP;01.09.04;17.04.26;K47
DVK;Distrikts-Sonder-DOK Rheinland-Pfalz;DO1DJJ;01.12.06;18.04.16;K45
DVK;Distrikts-Sonder-DOK Rheinland-Pfalz;DF6PX;25.03.10;13.03.13;K05
DVK;Distrikts-Sonder-DOK Rheinland-Pfalz;DD4MS;28.03.10;06.04.14;K11
DVK;Distrikts-Sonder-DOK Rheinland-Pfalz;DG4PB;28.03.10;;K34
DVK;Distrikts-Sonder-DOK Rheinland-Pfalz;DC8WV;29.03.10;;K33
DVK;Distrikts-Sonder-DOK Rheinland-Pfalz;DM1DK;06.04.10;31.12.12;K33
DVK;Distrikts-Sonder-DOK Rheinland-Pfalz;DL4YCZ;06.04.10;01.02.13;K17
DVK;Distrikts-Sonder-DOK Rheinland-Pfalz;DH8SL;06.04.10;03.05.13;K11
DVK;Distrikts-Sonder-DOK Rheinland-Pfalz;DL5DI;01.05.10;17.04.26;K43
DVK;Distrikts-Sonder-DOK Rheinland-Pfalz;DO9FB;01.05.10;08.03.16;K54
DVK;Distrikts-Sonder-DOK Rheinland-Pfalz;DC2IQ;17.03.13;17.04.26;K54
DVK;Distrikts-Sonder-DOK Rheinland-Pfalz;DC2FB;09.03.16;;K54
DVK;Distrikts-Sonder-DOK Rheinland-Pfalz;DJ7ZZ;29.04.16;31.12.17;K02
DVK;Distrikts-Sonder-DOK Rheinland-Pfalz;DJ9XX;01.09.26;;K15
DVL;Distrikts-Sonder-DOK Ruhrgebiet;DJ7RC;10.04.05;25.03.14;L15
DVL;Distrikts-Sonder-DOK Ruhrgebiet;DL5EBF;10.04.05;29.02.12;L16
DVL;Distrikts-Sonder-DOK Ruhrgebiet;DH0EAV;10.04.05;;L30
DVL;Distrikts-Sonder-DOK Ruhrgebiet;DJ2ET;10.04.05;19.05.19;L18
DVL;Distrikts-Sonder-DOK Ruhrgebiet;DG3ET;25.03.14;10.11.17;L07
DVL;Distrikts-Sonder-DOK Ruhrgebiet;DL3EAC;29.03.14;14.04.18;L11
DVL;Distrikts-Sonder-DOK Ruhrgebiet;DJ2RO;11.05.19;;
DVL;Distrikts-Sonder-DOK Ruhrgebiet;DM4EAX;11.05.19;;
DVM;Distrikts-Sonder-DOK Schleswig-Holstein;DJ9FC;01.11.05;13.03.10;M02
DVM;Distrikts-Sonder-DOK Schleswig-Holstein;DK0M;01.11.05;13.03.10;M02
DVM;Distrikts-Sonder-DOK Schleswig-Holstein;DN2FC;01.11.05;13.03.10;M02
DVM;Distrikts-Sonder-DOK Schleswig-Holstein;DJ6EU;14.03.10;06.04.14;M14
DVM;Distrikts-Sonder-DOK Schleswig-Holstein;DL1VH;06.04.14;;M15
DVM;Distrikts-Sonder-DOK Schleswig-Holstein;DG5LN;06.04.14;31.05.15;M30
DVM;Distrikts-Sonder-DOK Schleswig-Holstein;DL1LB;06.04.14;18.04.26;M09
DVM;Distrikts-Sonder-DOK Schleswig-Holstein;DJ5HN;01.06.15;31.12.24;M30
DVM;Distrikts-Sonder-DOK Schleswig-Holstein;DF9LJ;16.03.24;18.04.26;M15
DVM;Distrikts-Sonder-DOK Schleswig-Holstein;DK7RCA;19.04.26;;M25
DVM;Distrikts-Sonder-DOK Schleswig-Holstein;DK7LE;19.04.26;;M06
DVN;Distrikts-Sonder-DOK Westfalen-Nord;DK4QT;28.03.04;22.04.12;N01
DVN;Distrikts-Sonder-DOK Westfalen-Nord;DF8AE;22.04.12;21.04.18;N01
DVN;Distrikts-Sonder-DOK Westfalen-Nord;DC2CB;15.04.18;;N29
DVN;Distrikts-Sonder-DOK Westfalen-Nord;DG1YCR;15.04.18;;N18
DVN;Distrikts-Sonder-DOK Westfalen-Nord;DH6MB;15.04.18;03.04.22;N29
DVN29;Distriktsversammlung in Westfalen-Nord;DL0LN;01.04.05;30.04.05;N01
DVO;Distrikts-Sonder-DOK Westfalen-Süd;DJ4VF;19.03.05;30.07.11;O12
DVO;Distrikts-Sonder-DOK Westfalen-Süd;DL4DP;19.03.05;12.05.09;O52
DVO;Distrikts-Sonder-DOK Westfalen-Süd;DJ2SF;16.09.11;31.12.15;O30
DVO;Distrikts-Sonder-DOK Westfalen-Süd;DG6MBS;01.11.11;09.04.22;O02
DVO;Distrikts-Sonder-DOK Westfalen-Süd;DL6DH;21.03.12;14.06.14;O39
DVO;Distrikts-Sonder-DOK Westfalen-Süd;DK5DC;21.03.12;12.01.20;O49
DVO;Distrikts-Sonder-DOK Westfalen-Süd;DL1DAM;14.06.14;;O05
DVO;Distrikts-Sonder-DOK Westfalen-Süd;DL2DCX;09.04.22;14.06.24;O49
DVO;Distrikts-Sonder-DOK Westfalen-Süd;DL1DCT;09.04.22;;O49
DVO;Distrikts-Sonder-DOK Westfalen-Süd;DO6SH;15.06.24;;O38
DVO;Distrikts-Sonder-DOK Westfalen-Süd;DO7DMK;15.06.24;;O11
DVP;Distrikts-Sonder-DOK Württemberg;DH8BM;01.09.04;17.09.17;P57
DVP;Distrikts-Sonder-DOK Württemberg;DL3SFK;01.09.04;17.09.17;P02
DVP;Distrikts-Sonder-DOK Württemberg;DR30RADIO;01.01.06;31.05.06;P57
DVP;Distrikts-Sonder-DOK Württemberg;DK3SI;18.10.15;;P11
DVP;Distrikts-Sonder-DOK Württemberg;DL5KAZ;18.10.15;27.06.16;P06
DVP;Distrikts-Sonder-DOK Württemberg;DK5GU;17.09.17;30.08.20;P49
DVP;Distrikts-Sonder-DOK Württemberg;DB2TU;17.09.17;29.10.23;P34
DVP;Distrikts-Sonder-DOK Württemberg;DL3GBE;17.09.17;27.10.19;P09
DVP;Distrikts-Sonder-DOK Württemberg;DG8WM;29.10.19;29.10.23;P07
DVP;Distrikts-Sonder-DOK Württemberg;DG8AL;29.10.23;;P07
DVP;Distrikts-Sonder-DOK Württemberg;DL5SFC;01.01.24;;P30
DVQ;Distrikts-Sonder-DOK Saar;DC2VE;01.09.04;;Q05
DVQ;Distrikts-Sonder-DOK Saar;DL4VCM;01.09.04;04.09.11;Q01
DVQ;Distrikts-Sonder-DOK Saar;DK8VR;01.09.04;;Q18
DVQ;Distrikts-Sonder-DOK Saar;DK2YL;01.11.10;31.12.19;Q05
DVQ;Distrikts-Sonder-DOK Saar;DL4VAI;01.12.12;;Q07
DVQ;Distrikts-Sonder-DOK Saar;DL4VCV;01.01.20;;Q07
DVR;Distrikts-Sonder-DOK Nordrhein;DL1EIP;01.09.04;;R22
DVR;Distrikts-Sonder-DOK Nordrhein;DF6EF;01.04.08;;R02
DVS;Distrikts-Sonder-DOK Sachsen;DL9PM;01.12.04;21.04.07;S36
DVS;Distrikts-Sonder-DOK Sachsen;DF7UL;01.09.05;30.09.05;S55
DVS;Distrikts-Sonder-DOK Sachsen;DL2HSC;01.12.05;22.04.17;S49
DVS;Distrikts-Sonder-DOK Sachsen;DL6EV;01.12.05;22.09.19;S65
DVS;Distrikts-Sonder-DOK Sachsen;DL2JBG;01.12.05;21.04.07;S54
DVS;Distrikts-Sonder-DOK Sachsen;DM5JBN;19.09.07;18.04.15;S60
DVS;Distrikts-Sonder-DOK Sachsen;DL3VU;22.04.17;13.04.19;S45
DVS;Distrikts-Sonder-DOK Sachsen;DM2DRN;14.04.18;30.09.23;S48
DVS;Distrikts-Sonder-DOK Sachsen;DL7LVM;13.04.19;30.09.23;S23
DVS;Distrikts-Sonder-DOK Sachsen;DL9DRA;30.09.23;;S06
DVS;Distrikts-Sonder-DOK Sachsen;DL6JZ;30.09.23;;S07
DVS;Distrikts-Sonder-DOK Sachsen;DL6JF;06.10.25;;S45
DVT;Distrikts-Sonder-DOK Schwaben;DC9LK;01.04.04;21.11.11;T03
DVT;Distrikts-Sonder-DOK Schwaben;DG5MPQ;21.11.11;;T09
DVT;Distrikts-Sonder-DOK Schwaben;DL9VD;19.10.13;23.10.21;T08
DVT;Distrikts-Sonder-DOK Schwaben;DJ1MGK;27.10.19;;T10
DVT;Distrikts-Sonder-DOK Schwaben;DK2HM;23.10.21;;T08
DVU;Distrikts-Sonder-DOK Bayern-Ost;DL2ZA;01.09.04;18.04.15;U15
DVU;Distrikts-Sonder-DOK Bayern-Ost;DL9PO;01.09.04;22.05.12;U12
DVU;Distrikts-Sonder-DOK Bayern-Ost;DL7ATE;01.09.04;24.10.09;U08
DVU;Distrikts-Sonder-DOK Bayern-Ost;DL5RU;01.09.04;22.05.12;U09
DVU;Distrikts-Sonder-DOK Bayern-Ost;DL5RE;01.09.04;18.04.15;U29
DVU;Distrikts-Sonder-DOK Bayern-Ost;DL1RDB;01.09.04;18.04.15;U13
DVU;Distrikts-Sonder-DOK Bayern-Ost;DC6RJ;14.06.09;22.05.12;U01
DVU;Distrikts-Sonder-DOK Bayern-Ost;DL5RJ;14.06.09;20.12.10;U14
DVU;Distrikts-Sonder-DOK Bayern-Ost;DL4RCK;14.06.09;22.05.12;U13
DVU;Distrikts-Sonder-DOK Bayern-Ost;DC3TC;18.04.15;;U13
DVU;Distrikts-Sonder-DOK Bayern-Ost;DO1NPF;18.04.15;27.09.25;U10
DVU;Distrikts-Sonder-DOK Bayern-Ost;DL7GA;18.04.15;27.09.23;U21
DVU;Distrikts-Sonder-DOK Bayern-Ost;DF9SG;30.09.25;;U02
DVV;Distrikts-Sonder-DOK Mecklenburg-Vorpommern;DL6KWN;01.09.04;06.01.21;V07
DVV;Distrikts-Sonder-DOK Mecklenburg-Vorpommern;DM7KS;01.09.04;22.10.05;V28
DVV;Distrikts-Sonder-DOK Mecklenburg-Vorpommern;DL7UVO;22.10.05;03.04.09;V08
DVV;Distrikts-Sonder-DOK Mecklenburg-Vorpommern;DL9GFB;22.10.05;22.12.20;V06
DVV;Distrikts-Sonder-DOK Mecklenburg-Vorpommern;DL5KVV;22.10.05;21.02.21;V07
DVV;Distrikts-Sonder-DOK Mecklenburg-Vorpommern;DG3TP;28.08.21;25.08.22;V14
DVV;Distrikts-Sonder-DOK Mecklenburg-Vorpommern;DK6YA;28.08.21;;V07
DVV;Distrikts-Sonder-DOK Mecklenburg-Vorpommern;DH3SUP;02.09.21;31.08.22;V28
DVV;Distrikts-Sonder-DOK Mecklenburg-Vorpommern;DJ2BC;19.11.22;16.06.23;V22
DVV;Distrikts-Sonder-DOK Mecklenburg-Vorpommern;DB3MAX;19.11.22;;V04
DVV;Distrikts-Sonder-DOK Mecklenburg-Vorpommern;DK3BK;23.09.23;;V18
DVW;Distrikts-Sonder-DOK Sachsen-Anhalt;DK6NB;01.01.06;31.03.07;W10
DVW;Distrikts-Sonder-DOK Sachsen-Anhalt;DL3HWD;01.01.06;25.04.09;W35
DVW;Distrikts-Sonder-DOK Sachsen-Anhalt;DL9ZWG;01.01.06;31.03.07;W01
DVW;Distrikts-Sonder-DOK Sachsen-Anhalt;DL2HRH;01.01.06;31.03.07;W35
DVW;Distrikts-Sonder-DOK Sachsen-Anhalt;DL9ZWG;25.04.09;22.04.17;W37
DVW;Distrikts-Sonder-DOK Sachsen-Anhalt;DL4ST;19.09.15;22.04.17;W09
DVW;Distrikts-Sonder-DOK Sachsen-Anhalt;DL4ST;22.04.17;01.02.21;W09
DVW;Distrikts-Sonder-DOK Sachsen-Anhalt;DK1DSA;03.05.17;;W29
DVW;Distrikts-Sonder-DOK Sachsen-Anhalt;DL2HRS;03.05.17;09.09.20;W38
DVW;Distrikts-Sonder-DOK Sachsen-Anhalt;DL2HRS;18.06.22;;W38
DVW;Distrikts-Sonder-DOK Sachsen-Anhalt;DD5DX;18.06.22;;W17
DVX;Distrikts-Sonder-DOK Thüringen;DL1AXL;01.09.04;31.12.06;X22
DVX;Distrikts-Sonder-DOK Thüringen;DL4APJ;01.09.04;11.10.08;X20
DVX;Distrikts-Sonder-DOK Thüringen;DL2AVK;01.09.04;12.03.05;X35
DVX;Distrikts-Sonder-DOK Thüringen;DL1AI;01.09.04;12.03.05;X09
DVX;Distrikts-Sonder-DOK Thüringen;DJ2AY;12.03.05;11.10.08;X47
DVX;Distrikts-Sonder-DOK Thüringen;DL1APJ;12.03.05;11.10.08;X18
DVX;Distrikts-Sonder-DOK Thüringen;DL5AZZ;12.03.05;17.03.07;X33
DVX;Distrikts-Sonder-DOK Thüringen;DL3AWB;17.03.07;11.10.08;X45
DVX;Distrikts-Sonder-DOK Thüringen;DG0OSK;17.03.07;01.03.17;X37
DVX;Distrikts-Sonder-DOK Thüringen;DK4RC;28.02.09;;X28
DVX;Distrikts-Sonder-DOK Thüringen;DL2ARH;28.02.09;;X25
DVX;Distrikts-Sonder-DOK Thüringen;DO3AWE;01.03.17;18.04.24;X11
DVX;Distrikts-Sonder-DOK Thüringen;DM3AWE;19.04.24;;X11
DVY;Distrikts-Sonder-DOK Brandenburg;DK8RE;01.09.04;16.07.05;Y43
DVY;Distrikts-Sonder-DOK Brandenburg;DL8UAA;01.11.04;08.12.07;Y43
DVY;Distrikts-Sonder-DOK Brandenburg;DL0BRA;01.11.04;31.12.04;Y43
DVY;Distrikts-Sonder-DOK Brandenburg;DL2RSF;14.06.08;18.03.17;Y35
DVY;Vertretung des DVY im Brandenburg-Berlin Contest;DG2RON;06.12.15;07.12.15;Y03
DVY;Vertretung des DVY im Brandenburg-Berlin Contest;DG2RON;10.09.16;11.09.16;Y03
DVY;Distrikts-Sonder-DOK Brandenburg;DM7PCH;18.03.17;22.11.25;Y38
DVY;Distrikts-Sonder-DOK Brandenburg;DG2RON;18.03.17;15.11.19;Y03
DVY;Distrikts-Sonder-DOK Brandenburg;DM5WF;18.03.17;;Y43
DVY;Distrikts-Sonder-DOK Brandenburg;DM3ZF;01.04.23;;Y28
DVZ;Sonder-DOK VFDB;DF0Z;28.08.05;30.06.15;Z84
DVZ;Sonder-DOK VFDB;DA0Z;28.08.05;30.06.15;Z35
DVZ;Sonder-DOK VFDB;DK0Z;28.08.05;30.06.15;Z60
DVZ;Sonder-DOK VFDB;DL0Z;28.08.05;30.06.15;Z41
DW;DARC Distrikt Württemberg;DL0DW;01.01.79;;P01
DW;Ausstellung;DL0EB;20.09.92;20.09.92;
DW;DARC Distrikt Württemberg;DR2007ANT;12.01.07;18.02.07;P57
DW;DARC Distrikt Württemberg;DR2007ANT;26.02.07;31.12.07;P57
DW;DARC Distrikt Württemberg;DA0ANT;01.12.07;17.02.08;P14
DW;DARC Distrikt Württemberg;DA0ANT;25.02.08;30.11.12;P14
DW;DARC Distrikt Württemberg;DL0HR;01.01.14;31.10.25;P57
DW;DARC Distrikt Württemberg;DK0FSW;23.01.15;;
DWE20;20 Jahre OV  O52;DL0BVB;01.09.05;31.12.05;O52
DWE20;20 Jahre OV  O52;DL0DWE;01.09.05;31.12.05;O52
DWE20;20 Jahre OV Dortmunder Westen;DK0HBG;01.09.05;31.12.05;O52
DWS;DARC Distrikt Westfalen-Süd;DL0DWS;01.08.84;;O12
DWT15;115. Deutscher Wandertag;DP3E;01.01.15;31.12.15;N61
DX;DARC DX-Rundspruchstation;DK0DX;01.01.93;;X34
DXCC;DX-Referat / DXCC-Checkpoint;DF0LI;01.01.98;30.04.06;D26
DYM18;December YOTA Month 2018 (DYM);DF0YOTA;01.12.18;31.12.18;C25
DYM21;December YOTA Month Aktivität des YOTA Team Deutschland im DARC AJW Referat;DC0YOTA;01.12.21;31.12.21;C25
DYM22;December YOTA Month Aktivität des YOTA Team Deutschland im DARC AJW Referat;DQ0YOTA;01.12.22;31.12.22;C25
DYM24;December YOTA Month Aktivität des YOTA Team Deutschland im DARC AJW Referat;DQ0YOTA;01.12.24;31.12.24;U01
DYM25;YOTA Month Aktivity Team Deutschland;DQ0YOTA;01.12.25;31.12.25;U01
E3904SAR;Aktivitäten für DGZRS;DK0RZ;15.10.04;17.10.04;E39
E3904SAR;Aktivitätswochen;DK0RZ;18.12.04;31.12.04;E39
EAM20;20jähriges bestehen der PRIG-EAM Kassel;DL0EAM;15.01.07;31.12.07;F12
EB1050;1050 Jahre Stadt Eilenburg;DR1050EB;01.01.11;31.12.11;S36
EBMLAUF;EBM-Papst Marathonlauf 2007;DA0DRK;08.09.07;10.09.07;P33
EBMLAUF;EBM-Papst Marathon 2009;DA0DRK;07.09.09;20.09.09;P33
EDAY70;70 Jahre Flugplatz Strausberg;DL0MOL;01.06.06;30.11.06;Y21
EDXC12;European DX Council Conference 2012;DR5Y;25.05.12;05.06.12;W22
EFC;Europäische Fuchsjagdmeisterschaft in Felbert 1971;...?..;;10.06.15;
EHF24;Handball-EM 2024 Männer;DM24EHF;06.01.24;05.02.24;
EIC2010;15. Eichsfeldtage 2010;DL0GME;19.08.10;23.08.10;X14
EK4ABK;90 Jahre Amateurfunk in Wismar, Rufzeichen 1928 war EK4ABK;DM90AIW;01.01.18;30.06.18;V13
EKO50;50 Jahre OV Eisenhüttenstadt;DA0EKO;01.09.04;31.12.04;Y13
ELBE75;Begegnung russischer und amerikanischer Truppen am 25.04.1945 bei Torgau;DA0TOR;01.03.20;31.05.20;S69
ELBE80;80 Jahre historisches Treffen zum Ende des 2. Weltkrieges bei Torgau;DA0TOR;10.03.25;10.12.25;S69
ELH17;ILLW17;DA0LHT;01.08.17;15.09.17;M35
EM2024;Fußball EM Männer 2024 in DL;DL2024R;14.06.24;14.07.24;
EM2024;Fußball EM Männer 2024 in DL;DL2024E;14.06.24;14.07.24;
EM2024;Fußball EM Männer 2024 in DL;DL2024U;14.06.24;14.07.24;
EM2024;Fußball EM Männer 2024 in DL;DL2024O;14.06.24;14.07.24;
EM24;Fußball Europameisterschaft in DL 2024;DL24EURO;15.09.21;14.09.22;Z25
EM24;Europameisterschaft Fussball in DL;DL2024EM;01.01.24;31.12.24;I20
EMMA;160 Jahre Emma Wilhelmina Theresia zu Waldeck und Pyrmont;DL160EMMA;15.02.18;14.02.19;F01
EMV;DARC EMV Referat;DB0GA;01.05.02;;Z88
EMV;DARC EMV-Referat;DK0EMV;01.11.03;;N43
EMVK;Distrikts-Sonder-DOK des EMV-Referates Distrikt RLP (K);DA0EMV;01.01.20;11.12.24;K15
ENK100;100 Jahre Eingemeindung Neukölln zu Berlin;DB100ENK;15.08.20;15.11.20;D03
EPG;Europäische Pfadfinder;DL0EPG;01.07.93;;K31
EPO;Afu-Initiativen der exterritorialen Station im Europ. Patentamt München;DP0EPO;01.10.96;;
ERZ19;Aufnahme des Erzgebirges in das UNESCO Weltkulturerbe;DM19ERZ;10.09.19;09.09.20;S45
ERZ2000;EXPO-Projekt Oberharzer Bergbaumuseen;DF0ERZ;01.01.00;31.12.00;H19
ESPERANTO;Bekanntmachung der Weltsprache ESPERANTO durch die ILERA;DP5E;01.01.06;31.07.10;Y43
ESPERANTO12;Esperanto-Jahr 2012;DP5E;01.01.12;31.12.12;Y43
ESPERO;Bekanntmachung der Weltsprache ESPERANTO;DP5E;12.12.15;11.12.16;Y43
ESPERO;Weltsprache ESPERANTO;DP5E;26.05.17;;Y43
ETC17;Kinderstadt ECK-TOWN-CITY 2017;DL0EO;01.08.17;31.08.17;M01
ETC18;Teilnahme in der Kinderstadt Eck-Town-City;DL0EO;01.08.18;31.08.18;M01
EU2004;Staatsfeierlichkeiten zum EU-Beitritt von "SP" und "OK";DL0OBL;01.05.04;31.05.04;S04
EU2004;Staatsfeierlichkeiten zum EU-Beitritt von "SP" und "OK";DK0SAX;01.05.04;31.05.04;S24
EU2004;Staatsfeierlichkeiten zum EU-Beitritt von "SP" und "OK";DL0HTG;01.05.04;31.05.04;S24
EUDXF;European DX-Foundation e.V.;DL0EUF;01.01.95;;E10
EUDXF;30 Jahre EUDXF;DL30EUDXF;30.06.16;31.12.16;G29
EUDXF;33 Jahre EUDXF;DL33EUDXF;01.11.19;30.11.19;E10
EUDXF;35 Jahre EUDXF;DL35EUDXF;01.11.21;31.10.22;L33
EURO;AFu-Vorführungen;DL0XN;06.02.93;21.02.93;N38
EURO;Stadtfeier;DK0LZ;17.04.93;26.04.93;H47
EURO;Stadtfeier;DB0GES;17.04.93;26.04.93;H47
EURO;AFu-Vorführungen;DF0BAU;21.04.93;28.04.93;S25
EURO;Hafenfest mit Afu-Vorführung;DL0PK;10.05.93;20.05.93;
EURO;Messe Hobbytronic;DF0DZ;12.05.93;16.05.93;O45
EURO;Messe Hobbytronic;DF0DT;12.05.93;16.05.93;O05
EURO;Volksfest mit Afu-Vorführung;DF0MSP;17.05.93;23.05.93;B35
EURO;Vorführung Afu;DL0HOG;10.06.93;13.06.93;
EURO;Stadtfest Helmbrechts;DL0HEL;12.06.93;27.06.93;
EURO;Ausstellung;DF0STL;04.07.93;17.07.93;U23
EURO;Ausstellung;DF0RM;04.07.93;17.07.93;U23
EURO;Hessentag;DL0OVL;09.07.93;18.07.93;
EURO;Vorführungen Afu;DK0CH;10.07.93;18.07.93;P21
EURO;Ausstellung;DA0HDM;25.07.93;08.08.93;V06
EURO;Ausstellung;DL0NO;01.09.93;14.09.93;
EURO;Ausstellung;DA0TDS;01.09.93;14.09.93;S60
EURO;Stadtfest Münchberg;DL0HEL;11.09.93;26.09.93;
EURO;Ausstellung;DK0WX;12.09.93;22.09.93;P48
EURO;Werbeveranstaltung;DL0CK;13.09.93;26.09.93;R04
EURO;Werbeveranstaltung;DK0LF;13.09.93;26.09.93;R08
EURO;Ausstellung;DK0LI;01.10.93;14.10.93;B28
EURO;Ausstellung;DL0CY;01.10.93;14.10.93;B28
EURO;Messe COMMUNICA;DA0COM;25.10.93;31.10.93;A08
EURO;Ausstellung;DK0HF;30.10.93;14.11.93;N08
EURO;250 Jahrfeier Uni Erlangen/Nürnberg;DK0FAU;01.11.93;30.11.93;B08
EURO;Tagung des Europarates in Essen;DL0UP;01.10.94;31.12.94;
EURO;Zweite Europawoche in Hamburg;DA0EU;03.05.96;05.05.96;E12
EW;DARC-Europatreffen in Wolfsburg;DL0KT;01.05.68;31.12.68;H24
EWU02;Einführung EURO;DK0AX;01.01.02;28.02.02;H32
EWU02;Einführung EURO Bargeld;DL0EUR;01.01.02;28.02.02;H45
EWU02;Einführung EURO;DF0GIF;01.01.02;28.02.02;H08
EWU02;Einführung EURO-Bargeld;DL0VBG;01.01.02;28.02.02;H09
EWU02;Einführung EURO;DL0VW;01.01.02;28.02.02;H24
EXPO2000;EXPO 2000 in Hannover DARC-Aktivität;DL0IBM;01.07.99;31.10.00;H47
EXPO2000;EXPO 2000 Hannover;DA0EXP;01.07.99;31.10.00;H45
EXPO2000;EXPO in Hannover DARC Aktivität;DL0EXP;01.07.99;31.12.00;
EXPO2000;EXPO 2000 in Hannover DARC-Aktivität;DL0XPO;01.07.99;31.10.00;H13
EXPO2000;EXPO MItgestaltung;DK0ZGH;01.01.00;31.12.00;H54
EXPO2000;EXPO Mitgestaltung;DF0GDH;01.01.00;31.12.00;H54
EXPO2000;EXPO in Leinefelde;DF0WBS;01.04.00;31.12.00;X14
EXPO2000;EXPO in Leinefelde;DA0SL;01.04.00;31.12.00;X14
EXPO2000;EXPO 2000 Hannover;DA0XPO;01.06.00;31.12.00;Z08
EXTRA;Kultur-Event "Extraschicht";DL0LJ;17.06.17;01.07.17;L07
F51MW;Messe in Wächtersbach;DK0AJ;01.04.06;31.05.06;F51
F51MW;Messe in Wächtersbach;DK0AJ;01.04.07;31.05.07;F51
F51MW;Messe in Wächtersbach;DK0AJ;01.04.08;31.05.08;F51
F51MW;Messe in Wächtersbach;DK0AJ;01.04.09;31.05.09;F51
FA;Clubstation der Zeitschrift "FUNKAMATEUR";DF0FA;01.06.94;;D26
FA;50 Jahre Zeitschrift "FUNKAMATEUR";DA0JF;01.09.01;31.12.01;D26
FA;Clubstation der Zeitschrift "FUNKAMATEUR";DR3F;01.04.06;31.01.11;D26
FA;Clubstation der Zeitschrift "FUNKAMATEUR";DR3F;01.04.12;31.12.16;D26
FARDF;ARDF Referat Hessen;DF0F;01.05.11;30.04.12;F11
FBD25;Fehmarnbeltdays 2025 in Lübeck;DL25BELT;07.06.25;17.08.25;E35
FBEMT10;10 Jahre Fachbereich EMT der Fachhochschule Bonn-Rhein-Sieg;DC0FHB;01.09.07;15.03.08;G25
FBG825;825 Jahre Frankenberg;DL0FBG;01.07.13;31.07.13;S44
FCK;Aktivitäten zu aktuellen Anlässen in 2006;DF0FCK;01.04.06;31.12.06;K54
FCK;Aktivitäten zu aktuellen Anlässen in 2006;DL0FCK;01.04.06;31.12.06;K39
FCK;Aktivitäten zu aktuellen Anlässen in 2006;DK0FCK;01.05.06;31.10.06;K16
FCK;1.Liga Aufstiegsparty 2010;DF0FCK;12.05.10;31.12.10;K54
FE07;Fire Experience 2007;DD1D;20.10.07;30.11.07;H14
FEPA2005;Aktivitätswochen für Kinder;DL0BUX;01.08.05;31.08.05;E19
FFJ2012;Friedrich Fröbel - Jubiläen 2012;DK0FAF;01.01.12;31.12.12;X38
FFJ2012;Friedrich Fröbel - Jubiläen 2012;DL0GBB;01.01.12;31.12.12;X38
FFJ2012;Friedrich Fröbel - Jubiläen 2012;DK0RFF;01.01.12;31.12.12;X38
FH76;Ham-Radio Friedrichshafen 1976;DL0IM;01.06.76;30.06.76;A35
FIFA;Fußball WM 2006 Würdigung der FIFA;DA0FIFA;01.05.06;31.07.06;W07
FIFI;Fichtenfieldday O28;DL0LEN;23.05.15;22.06.15;O28
FIFI;Fichtenfieldday O28;DL0LEN;13.05.16;12.06.16;028
FIFI;Fichtenfieldday 2017 des O28;DL0LEN;01.06.17;30.06.17;028
FIFI;Fichtenfieldday 2018 des O28;DL0LEN;01.06.18;30.06.18;028
FIFI;Fichtenfieldday 2019 des O28;DL0LEN;20.05.19;20.06.19;O28
FIFI;Fichtenfieldday 2020 des O28;DL0LEN;01.06.20;30.06.20;O28
FIH;Funkamateure in Hilfsorganisationen;DA0FIH;01.02.00;;B33
FIH;Funkamateure in Hilfsorganisationen;DK0FIH;01.02.00;;H08
FIH;Funkamateure in Hilfsorganisationen;DF0FIH;01.02.00;;H54
FIH;Funkamateure in Hilfsorganisationen;DL0FIH;01.02.00;;P21
FIH;Funkamateure in Hilfsorganisationen;DB0FIH;01.02.00;;N21
FIH;Funkamateure in Hilfsorganisationen;DC0FIH;01.02.00;;G02
FIH;Funkamateure in Hilfsorganisationen;DO0FIH;01.02.00;;N01
FIH;Funkamateure in Hilfsorganisationen;DD0FIH;01.03.00;;Y22
FIH;Funkamateure in Hilfsorganisationen;DG0FIH;01.06.00;;F07
FIRAC;Vereinigung der Funkamateure der Deutschen Bahn AG;DL0EFA;01.05.00;;Q12
FISAIC;70 Jahre FISAIC (internationale Vereinigung der Eisenbahnkulturgruppen);DB70FISAIC;04.11.22;03.12.22;S25
FJS;Fünfhundert Jahre Schwelm;DL0SE;08.06.96;23.06.96;O32
FKK;Freunde der Freikörper Kultur;DL0FKK;08.07.22;07.07.23;L33
FLD775;775 Jahre Stadt Friedland in Mecklenburg;DM775FLD;20.01.19;19.01.20;V22
FM*;Deutsche Fuchsjagdmeisterschaften;...0..;;10.06.15;
FM02;Deutsche Foxoring Meisterschaft 2002;DK0HER;01.01.02;31.12.02;O42
FMC;"Friends of S.F.B. Morse Club";DL0FMC;01.07.04;31.12.14;O37
FMN13;Freizeitmesse Nürnberg 2013;DR2B;18.02.13;03.03.13;B02
FOC75;75 Jahre First CW Operators Club FOC;DK75FOC;01.04.13;31.12.13;G29
FPF10;Flugplatzfest Luftwaffenmuseum Gatow 2010;DK0GSK;01.02.10;30.11.10;Y18
FPF11;Luftwaffenmuseum Berlin Gatow Flugplatzfest 2011;DK0GSK;01.02.11;30.11.11;Y18
FPF12;Flugplatzfest Berlin Gatow 2012;DK0GSK;01.09.12;30.09.12;Y18
FPF13;Flugplatzfest Berlin Gatow 2013;DR10EDBG;01.09.13;30.09.13;Y18
FPFG09;Flugplatzfest Luftwaffenmuseum Gatow;DF0BW;01.01.09;31.10.09;Y18
FPFG09;Flugplatzfest Luftwaffenmuseum Gatow;DK0GSK;01.01.09;31.10.09;Y18
FPN;Forschungsplattform Nordsee;DL0FP;31.10.81;31.08.85;
FR200;200 Jahre Plattdeutscher Schriftsteller Fritz Reuter;DL0LOI;01.04.10;31.12.10;V23
FS125;125 Jahre drahtlose Telegraphie;DF0FU;01.01.20;31.12.20;F06
FS125;125 Jahre drahtlose Telegraphie;DA0FUL;04.01.20;31.12.20;F06
FS125;125 Jahre drahtlose Telegraphie;DF0KAT;06.01.20;31.12.20;F06
FSB13;Tag des offenen Denkmals auf der ehemaligen Field Station Berlin;DK0TU;05.09.13;19.09.13;D01
FT100;Geburtstag 100 Jahre Berliner Funkturm;DB100FT;01.01.26;31.12.26;D03
FT25;25 Jahre Nutzung des Funkturms Zeche Waltrop;DL0WA;01.09.07;29.02.08;N21
FTG;Zeitschrift "Funktelegramm";DL0FTG;01.05.00;;E38
FTK16;Funk Tag Kassel 2016;DA0RC;01.03.16;30.04.16;
FTK17;Funk Tag Kassel 2017;DA0RC;01.03.17;08.04.17;
FTK18;Funktag Kassel 2018;DA0RC;01.03.18;07.04.18;
FTK19;Funktag Kassel 2019;DA0RC;01.03.19;06.04.19;
FTK20;Funktag Kassel 2020;DA0RC;01.03.20;18.04.20;
FTK22;Funk Tag Kassel 2022;DA0RC;01.04.22;30.04.22;
FTK23;Funk.Tag Kassel 2023;DA0RC;01.03.23;15.04.23;
FTK24;Funk.Tag Kassel 2024;DA0RC;01.03.24;27.04.24;
FTK26;Funk.Tag Kassel 2026;DA0RC;01.03.26;31.05.26;B02
FTL90;90 Jahre Stadt Freital;DL0FTL;08.01.11;31.12.11;S27
FTM26;Wiedereröffnung Funktechnik Museum Königs Wusterhausen;DL0KWH;01.06.26;31.08.26;Y07
FUB;DARC-Referat für Funkbetrieb;DL0FUB;15.03.80;;
FUBP;Referat Funkbetrieb im Distrikt Württemberg P;DL0HR;01.05.19;;P57
FUBZ;Leitung der Z-Runden mit Rundspruch;DF0FTP;01.08.15;31.07.16;Z24
FUBZ;Leitung der Z-Runden mit Rundspruch;DL0FTP;01.08.15;31.07.16;Z84
FUBZ;Leitung der Z-Runden mit Rundspruch;DL0FTP;01.08.16;;Z84
FUBZ;Leitung der Z-Runden mit Rundspruch;DF0FTP;01.08.16;;Z24
FWAF01;Deutschlandweite Fröbelaktivitäten;DB0FAF;01.01.01;31.12.01;X38
FWAF01;Deutschlandweite Fröbelaktivitäten;DC0LFF;01.01.01;31.12.01;M10
FWAF01;Deutschlandweite Fröbelaktivität;DK0FAF;01.05.01;31.12.01;X38
FWAF2000;Fröbelaktivitäten deutschlandweit;DK0FAF;01.04.00;31.12.00;X38
FWAF99;Deutschlandweite F. A. W. Fröbel-Aktivitäten;DK0FAF;01.01.99;31.12.99;X38
FZH;DARC-Freizeitgelände Hatten;DL0BZ;31.03.79;;I46
G769AD;Jubiläumsjahr 1250 Jahre Gültstein, 1. Urkundliche Erwähnung 769 n.Chr;DL1250G;23.03.19;22.03.20;P18
GBB20MOE;20 Jahre Städtepartnerschaft Großbreitenbach mit Mörlenbach;DL0GBB;01.01.10;31.12.10;X48
GCEU;Geographical Center of the European Union;DK0CEU;01.03.07;31.12.07;F04
GCEU08;Geographical Center of the European Union;DK0CEU;01.02.08;31.12.08;F04
GCEU09;Geographical Center of the European Union;DK0CEU;12.03.09;31.12.09;F04
GCEU10;Geographical Center of the European Union;DK0CEU;01.03.10;31.12.10;F04
GCEU11;Geographical Center of the European Union;DK0CEU;12.02.11;31.12.11;F04
GCEU12;Geographical Center of the European Union;DK0CEU;01.02.12;31.12.12;F04
GCO05;Oldtimer Segelflugtreffen in Eggersdorf;DL0MOL;01.06.05;30.08.05;Y21
GDLGS;Landesgartenschau Schwäbisch Gmünd;DL0SC;01.07.14;30.06.15;P23
GDM;Grenzdenkmäler;DA0GDH;06.05.96;05.06.96;H54
GDM;Grenzdenkmäler;DA0ZGH;06.05.96;05.06.96;H54
GDM;Grenzdenkmäler;DA0GDT;06.05.96;05.06.96;H54
GDM;Grenzdenkmäler;DA0ZGH;06.06.96;30.06.96;H54
GDM;Grenzdenkmäler;DA0GDH;06.06.96;30.06.96;H54
GDM;Grenzdenkmäler;DA0GDT;06.06.96;30.06.96;H54
GDM;Grenzdenkmäler;DA0GDH;06.07.96;31.07.96;H54
GDM;Grenzdenkmäler;DA0ZGH;06.07.96;31.07.96;H54
GDM;Grenzdenkmäler;DA0GDT;06.07.96;31.07.96;H54
GDM;Grenzdenkmäler;DA0ZGH;08.08.96;28.08.96;H54
GDM;Grenzdenkmäler;DA0GDH;08.08.96;28.08.96;H54
GDM;Grenzdenkmäler;DA0GDT;08.08.96;28.08.96;H54
GDM;Grenzdenkmäler;DA0ZGH;07.09.96;06.10.96;H54
GDM;Grenzdenkmäler;DA0GDH;07.09.96;06.10.96;H54
GDM;Grenzdenkmäler;DA0GDT;07.09.96;06.10.96;H54
GDM;Grenzdenkmäler;DA0GDH;19.10.96;15.11.96;H54
GDM;Grenzdenkmäler;DA0GDT;19.10.96;15.11.96;H54
GDM;Grenzdenkmäler;DA0ZGH;19.10.96;15.11.96;H54
GDM;Grenzdenkmäler;DA0GDH;03.12.96;31.12.96;H54
GDM;Grenzdenkmäler;DA0ZGH;03.12.96;31.12.96;H54
GDM;Grenzdenkmäler;DA0GDT;03.12.96;31.12.96;H54
GDM;Projekt "Grenzenlos";DF0GDH;01.01.06;;H54
GDM;Projekt "Grenzenlos";DL0GDT;01.01.06;;H54
GDM;Projekt "Grenzenlos";DK0ZGH;01.01.06;;H54
GDM01;Grenzdenkmäler;DK0ZGH;01.01.01;31.12.01;H54
GDM01;Grenzdenkmäler;DL0GDT;01.01.01;31.12.01;H54
GDM01;Grenzdenkmäler;DF0GDH;01.01.01;31.12.01;H54
GDM02;Projekt "Grenzen los";DL0GDT;01.01.02;31.12.02;H54
GDM02;Projekt "Grenzen los";DF0GDH;01.01.02;31.12.02;H54
GDM02;Projekt "Grenzen los";DK0ZGH;01.01.02;31.12.02;H54
GDM03;Projekt "Grenzen los";DF0GDH;01.01.03;31.12.03;H54
GDM03;Projekt "Grenzen los";DK0ZGH;01.01.03;31.12.03;H54
GDM03;Projekt "Grenzen los";DL0GDT;01.01.03;31.12.03;H54
GDM04;Projekt "Grenzenlos";DK0ZGH;01.01.04;31.12.04;H54
GDM04;Projekt "Grenzenlos";DL0GDT;01.01.04;31.12.04;H54
GDM04;Projekt "Grenzenlos";DF0GDH;01.01.04;31.12.04;H54
GDM05;Weitere Aktivitäten zum Projekt "Grenzen los";DK0ZGH;01.01.05;31.12.05;H54
GDM05;Weitere Aktivitäten zum Projekt "Grenzen los";DF0GDH;01.01.05;31.12.05;H54
GDM05;Weitere Aktivitäten zum Projekt "Grenzen los";DL0GDH;01.01.05;31.12.05;H54
GDM2000;GDM im Jahr der EXPO;DL0GDT;01.01.00;31.12.00;H54
GDM97;Grenzdenkmäler;DL0GDT;01.01.97;31.12.97;H54
GDM97;Grenzdenkmäler;DF0GDH;01.01.97;31.12.97;H54
GDM97;Grenzdenkmäler;DK0ZGH;01.01.97;31.12.97;H54
GDM98;Grenzdenkmäler;DK0ZGH;01.01.98;31.12.98;H54
GDM98;Grenzdenkmäler;DL0GDT;01.01.98;31.12.98;H54
GDM98;Grenzdenkmäler;DF0GDH;01.01.98;31.12.98;H54
GDM99;Grenzdenkmäler;DK0ZGH;01.01.99;31.12.99;H54
GDM99;Grenzdenkmäler;DL0GDT;01.01.99;31.12.99;H54
GDM99;Grenzdenkmäler;DF0GDH;01.01.99;31.12.99;H54
GDXF;Clubstation der German DX Foundation (GDXF);DF0GDX;01.02.21;31.01.22;I09
GDXF;Clubstation der German DX Foundation (GDXF);DF0GDX;01.02.22;;I09
GELEIT07;Geleitfest in Seligenstadt;DK0RA;01.04.07;31.08.07;F38
GEO11;Global GeoParks Communication Network 2011;DK0GEO;01.05.11;30.09.11;H19
GEO11;Global GeoParks Communication Network 2011;DD0D;01.05.11;30.09.11;H19
GEO12;Global GeoParks Communication Network 2012;DKOGEO;01.05.12;30.09.12;H19
GEO12;Global GeoParks Communication Network 2012;DD0D;01.05.12;30.09.12;H19
GEO13;Global GeoParks Communication Network 2013;DD0D;01.05.13;31.05.13;H19
GEO13;Global GeoParks Communication Network 2013;DK0GEO;01.05.13;31.05.13;H19
GEO20;20 Jahre GEO-DX Group;DL0GEO;01.07.17;31.12.17;L03
GEO2012;Aktivitäten Naturschutz Moormerland Wolfsmeer;DL0GEO;02.07.12;31.12.12;L03
GERKE;220. Geburtstag Clemens GERKE, Reformator des Morsecodes;DC220GERKE;02.02.21;30.04.21;G29
GES07;40 Jahre OV Geseke (O34);DL0ZG;01.01.07;31.12.07;O34
GF50;50 Jahre Segelschulschiff Gorch Fock;DL50DRAX;01.08.08;31.07.09;Y15
GHZ;18. GHz-Tagung in Dorsten;DL0XN;01.02.95;28.02.95;N38
GHZ;19. GHz-Tagung in Dorsten;DL0XN;01.02.96;29.02.96;N38
GHZ;21. GHz-Tagung in Dorsten;DL0XN;01.01.98;28.02.98;N38
GHZ;22. GHz-Tagung in Dorsten;DL0XN;15.01.99;28.02.99;N38
GHZ;23. GHz-Tagung in Dorsten;DL0XN;15.01.00;28.02.00;N38
GHZ;GHZ-Zentrum-Dorsten;DL0XN;01.01.01;30.11.22;N38
GHZ;Jährliche Gigahertz Tagung in Dorsten;DL0GHZ;10.02.23;09.02.24;N38
GHZ20;20. GHz-Tagung in Dorsten;DL0XN;01.01.97;28.02.97;N38
GLBN06;Sommerfest in Grasteben H24;DC0GL;14.08.06;27.08.06;H24
GLOBE;Projekt GLOBE (Global Learning and Observations to Benefit the Environment);DL0GLOBE;10.08.06;31.07.07;D21
GLOBE08;Internationales Polarjahr 2007/08;DL0GLOBE;10.08.07;31.07.08;D21
GLOBE09;Internationales Polarjahr 2009;DL0FEZ;05.02.09;31.12.09;D21
GM150;150 Jahre Stadtrechte Gummersbach;DL0GM;01.06.08;31.08.08;G07
GMA;German Mountain Actvity;DL0GMA;01.10.12;;X17
GO30;30 Jahre OV Garbsen;DK0AU;01.06.05;31.12.05;H42
GOAL06;Aktivitäten zu aktuellen Anlässen;DR06SOCCER;01.04.06;30.11.06;A07
GRH800;800 Jahre Stadt Großenhain;DL0GRH;01.07.05;31.07.05;S18
GS11KT;Landesgartenschau 2011 in Kitzingen;DL0WZ;01.03.11;31.12.11;B18
GSBW22;Gartenschau Eppingen (Baden-Württemberg) 2022;DA22LGS;17.05.22;31.10.22;A22
GSK2007;Tag der offenen Tür General-Steinhoff-Kaserne in Berlin-Gatow;DK0GSK;01.09.07;30.09.07;Y18
GTH775; 		1250 Jahre Gotha (Ersterwähnung im Oktober 775);DL0GTH;01.10.25;31.10.25;X17
HA50;50 Jahre OV Hagen  O 08;DF0HAG;22.06.96;20.07.96;O08
HAM18;Aktivitäten rund um die Ham Radio 2018;DK0FN;01.01.18;31.12.18;P03
HAM18;Aktivitäten rund um die Ham Radio 2018;DL0IBO;01.01.18;31.12.18;P03
HAM19;Aktivitäten vor, nach und während der Messe;DK0FN;15.04.19;31.12.19;P03
HAM19;Aktivitäten rund um die Ham Radio 2019;DL0IBO;15.04.19;31.12.19;P03
HAM20;Aktivitäten rund um die Ham Radio 2020;DL0IBO;01.01.20;31.12.20;P03
HAM21;Aktivitäten rund um die Ham Radio 2021;DL0IBO;09.01.21;31.12.21;P03
HAM22;Ham Radio 2022;DL0IBO;01.05.22;31.10.22;P03
HAM22;Ham Radio 2022 in Friedrichshafen;DK0FN;20.06.22;29.07.22;P03
HAM23;Ham Radio 2023;DL0IBO;01.01.23;31.12.23;P03
HAM24;Ham Radio 2024;DL0IBO;01.01.24;31.12.24;P03
HAM24;Ham Radio 2024;DK0FN;09.01.24;08.01.25;P03
HAM25;Ham Radio 2025;DL0IBO;01.01.25;31.12.25;P03
HAM25;Ham Radio 2025;DK0FN;10.01.25;09.01.26;P03
HAM25;Ham Radio 2025;DF0N;01.04.25;01.07.25;P03
HAM26;Ham Radio 2026;DK0FN;01.01.26;31.12.26;P03
HAM26;HAM RADIO 2026;DL0IBO;01.01.26;30.06.26;P03
HAMNET;Lückenschluss im HAMNET;DL0EAM;01.01.18;31.12.18;F12
HANDWM;Handball - Weltmeisterschaft mit Spielen in Hamburg;DL0HMB;01.01.19;31.01.19;E09
HANSE;40. Int. Hansetage in Brilon;DK0BH;15.05.20;15.06.20;O29
HARZ;Harzfest;DL0SHZ;16.08.96;25.08.96;
HARZ2009;Harzfest in Wernigerode;DF0WR;01.09.09;31.12.09;W09
HARZ2009;Harzfest in Wernigerode;DL0ELB;01.09.09;31.12.09;W09
HAS25;25 Jahre OV Haßberge;DF0DSS;01.01.05;31.12.05;B37
HAS25;25 Jahre OV Haßberge;DL0UC;01.01.05;31.12.05;B37
HAS25;25 Jahre OV Haßberge;DK0FNF;01.01.05;31.12.05;B37
HAS30;30 Jahre OV Hassberge (B37);DL0UC;01.02.10;31.12.10;B37
HB59;RC Deutschlandtreffen Bad Harzburg;DL0EMC;01.05.59;31.05.59;
HB59;DARC Deutschlandtreffen Bad Harzburg;DL0NS;01.05.59;31.05.59;
HBN011;250 Jahre Schloß Braunshardt;DK0FX;01.05.13;31.05.13;F66
HC825;825 Jahre Hainichen;DL0FBG;01.04.10;31.12.10;S44
HE*;Hobby-Elektronik Dortmund und Stuttgart (Ausstellungsmonat);DL0DO;01.03.83;;O05
HE*;Hobby-Elektronik Dortmund und Stuttgart (Ausstellungsmonat);DL0ST;01.03.83;;P11
HE800;800. Geburtstag Heilige Elisabeth;DF0ESA;01.03.07;31.12.07;X11
HEF09;Historisches Erntefest Bernburg 2009;DF0BBG;01.08.09;31.08.09;W23
HEL2008;Helgoland Aktivität 2008;DA0HEL;01.03.08;31.03.08;E20
HEL2008;Helgoland Aktivität 2008;DL0IH;01.03.08;31.03.08;E20
HELPUS;Flüchtlingshilfe des N01 für Jugendliche;DL0REF;27.10.15;26.10.16;N01
HEM26;Handball EM der Männer 2026;DH2026EM;10.01.26;10.02.26;J00
HERU08;Hessenrundspruch 2008;DL0HRS;20.03.08;31.12.08;F09
HERU09;Hessenrundspruch 2009;DL0HRS;01.01.09;31.12.09;F09
HERU10;Hessenrundspruch 2010;DL0HRS;01.01.10;31.12.10;F09
HERU11;Hessenrundspruch 2011;DL0HRS;01.01.11;31.12.11;F09
HERU12;Hessenrundspruch 2012;DL0HRS;01.01.12;31.12.12;F09
HERU13;Hessenrundspruch 2013;DL0HRS;01.01.13;31.12.13;F09
HERU14;Hessenrundspruch 2014;DL0HRS;01.01.14;31.12.14;F62
HERU15;Hessenrundspruch 2015;DL0HRS;01.01.15;31.12.15;
HERU16;Hessenrundspruch 2016;DL0HRS;01.01.16;31.12.16;F62
HERU17;Hessenrundspruch;DL0HRS;04.01.17;31.12.17;
HERU18;Hessenrundspruch 2018;DL0HRS;01.01.18;31.12.18;F62
HERU19;Hessenrundspruch 2019;DL0HRS;01.01.19;31.12.19;F62
HERU20;Außendarstellung des DARC durch Verwendung bei Rundsprüchen;DL0HRS;01.01.20;31.12.20;F62
HERU21;Außendarstellung des DARC durch Verwendung bei Rundsprüchen;DL0HRS;01.01.21;31.12.21;F62
HERU22;Hessenrundspruch 2022;DL0HRS;01.01.22;31.12.22;F62
HERU23;Hessenrundspruch 2023;DL0HRS;01.01.23;31.12.23;F62
HERU24;Hessenrundspruch 2024;DL0HRS;01.01.24;31.12.24;F62
HERU25;Hessenrundspruch 2025;DL0HRS;01.01.25;31.12.25;F62
HERU26;Hessenrundspruch 2026;DL0HRS;01.01.26;31.12.26;F62
HES;DARC Distrikt Hessen;DL0HES;14.11.79;31.12.12;F41
HES;1200 Jahrfeier FFM;DL0DPM;14.03.94;31.12.94;F05
HES;1200 Jahre Stadt FFM;DL0FM;14.03.94;31.12.94;F05
HES;1200 Jahre Stadt FFM;DK0XX;01.05.94;31.12.94;F49
HES;1200 Jahre Stadt FFM;DL0FFM;01.05.94;31.12.94;F05
HES;1200 Jahre Stadt FFM;DL0FVA;01.05.94;31.12.94;F05
HES;1200 Jahre Stadt FFM;DF0TN;01.05.94;31.12.94;F05
HES;Vorführungen;DL0DPM;22.08.96;25.08.96;F05
HES;Lehrlingsausstellung der DB AG;DL0EFA;23.11.96;28.11.96;F02
HES;Distriktsrundspruchstation in Hessen;DL0F;01.08.05;;F49
HES50;50 Jahre Distrikt Hessen;DA0HES;01.01.97;31.12.97;F10
HES50;50 Jahre Distrikt Hessen;DL0HES;01.01.97;31.12.97;F10
HES50;50 Jahre Distrikt Hessen;DF0SW;19.05.97;31.12.97;F43
HES50;50 Jahre Distrikt Hessen;DL0JRH;19.05.97;31.12.97;F43
HES50;50 Jahre Distrikt Hessen;DL0SWL;19.05.97;31.12.97;F34
HES60;60 Jahre Bundesland Hessen;DQ60HES;30.08.05;31.08.06;F55
HES60;60 Jahre Bundesland Hessen;DR60HES;30.08.05;31.07.06;F41
HES60;60 Jahre Bundesland Hessen;DL0F;30.08.05;31.08.06;F49
HES60;60 Jahre Bundesland Hessen;DL0HES;30.08.05;31.08.06;F41
HES60;60 Jahre Bundesland Hessen;DF0F;01.12.05;31.08.06;F41
HES60;60 Jahre Distrikt Hessen (F);DL0FHP;10.02.07;31.12.07;F11
HES60;60 Jahre Distrikt Hessen (F);DL0NOT;10.02.07;31.12.07;F55
HES60;60 Jahre Distrikt Hessen (F);DL0JRH;10.02.07;31.12.07;F43
HES60;60 Jahre Distrikt Hessen (F);DF0F;10.02.07;31.12.07;F41
HES60;60 Jahre Distrikt Hessen (F);DL0HES;10.02.07;31.12.07;F41
HF231;125jähriges Jubiläum Hochseekutter "Landrath Küster";DR125HLK;01.07.14;30.06.15;E37
HFC;DARC Referat für HF;DL0HFC;01.04.93;;I37
HFG;DARC Auslandsreferat;DL0HFG;01.03.85;30.04.06;C30
HG100;100 Jahre Bad Homburg;DL0HG;01.02.12;31.12.12;F11
HG70GR;Gründung des DARC vor 70 Jahren in Bad Homburg (HG);DO70DARC;01.01.20;31.12.20;F11
HG70GR;Gründung des DARC vor 70 Jahren in Bad Homburg (HG);DL70DARC;01.01.20;31.12.20;F11
HH;100 Jahre Elektrizitätswerk Hamburg;DL0EL;17.10.62;29.12.62;
HHC;Holzhammerclub;DL0HH;01.11.88;;Z28
HHZ125;Heinrich Hertz Ausstellung Bonn;DL125HHZ;26.04.12;13.01.13;G55
HHZ88;lfd. SDOK 1988;..0..;01.01.88;31.12.88;
HLTF08;Hessisches Landesturnfest 2008 in Baunatal;DL0BAU;25.04.08;30.09.08;F41
HMB;DARC Distrikt Hamburg;DL0HMB;31.10.79;31.12.26;E09
HMB;Evangelischer Kirchentag;DA0EKT;01.06.95;30.06.95;E12
HOOGE;OV Expedition auf diese Hallig EU-042;DL0SX;20.07.15;03.08.15;M13
HORREM;1150 Jahre Horrem;DK0HORREM;01.06.14;31.05.15;G29
HPV13;Human Powered Vehicles;DL0LO;07.06.13;06.07.13;I07
HQ01;IARU-Kurzwellen-Weltmeisterschaft;DA0HQ;07.07.01;15.07.01;X34
HQ02;IARU KW-Weltmeisterschaft;DA0HQ;01.07.02;14.07.02;X34
HQ03;IARU Kurzwellen-Weltmeisterschaft auf UKW und zur HAM-Radio;DA0HQ;26.06.03;11.07.03;X34
HQ03;IARU Kurzwellen-Weltmeisterschaft im Contest;DA0HQ;12.07.03;13.07.03;X34
HQ04;DARC-Vertretung bei der IARU KW-Weltmeisterschaft im Contest;DA0HQ;10.07.04;11.07.04;X34
HQ05;DARC-Vertretung bei der IARU KW-Weltmeisterschaft im Contest;DA0HQ;08.07.05;09.07.05;X34
HQ07;IARU-Kurzwellenweltmeisterschaft 2007;DA0HQ;07.07.07;15.07.07;X34
HQ08;IARU-Kurzwellenweltmeisterschaft 2008;DA0HQ;05.07.08;13.07.08;X34
HQ09;IARU-Kurzwellenweltmeisterschaft 2009;DA0HQ;04.07.09;12.07.09;X34
HQ10;IARU-Kurzwellenweltmeisterschaft 2010;DA0HQ;03.07.10;11.07.10;X34
HQ12;IARU-Kurzwellenweltmeisterschaft 2012;DA0HQ;01.07.12;31.07.12;X34
HQ13;IARU-Kurzwellenweltmeisterschaft 2013;DA0HQ;01.07.13;14.07.13;X34
HQ14;IARU-Kurzwellenweltmeisterschaft 2014;DA0HQ;01.07.14;15.07.14;X34
HQ15;IARU-Kurzwellenweltmeisterschaft 2015;DA0HQ;01.07.15;15.07.15;S01
HQ16;IARU-Kurzwellenmeisterschaft 2016;DA0HQ;01.07.16;15.07.16;S01
HQ17;DA0HQ IARU HF Championship 2017;DA0HQ;01.07.17;15.07.17;S01
HQ18;IARU-Championship 2018;DA0HQ;02.07.18;16.07.18;S01
HQ19;IARU-Championship 2019;DA0HQ;01.07.19;30.09.19;S01
HQ20;IARU-Championship 2020;DA0HQ;29.06.20;12.07.20;S01
HQ2000;IARU-Weltmeisterschaft DARC-Vertretung;DA0HQ;08.07.00;09.07.00;X34
HQ21;IARU-Championship 2021;DA0HQ;28.06.21;27.07.21;S01
HQ22;DA0HQ IARU-HF-World-Championship 2022;DA0HQ;01.07.22;10.07.22;S01
HQ23;IARU-HF-Championship 2023;DA0HQ;01.07.23;31.07.23;S01
HQ24;IARU-HF-Championship 2024;DA0HQ;01.07.24;31.07.24;S01
HQ25;IARU HF Championship 2025;DA0HQ;01.07.25;31.07.25;S01
HQ26;IARU - WM 2026;DA0HQ;01.07.26;31.07.26;X34
HQ91;DARC Headquarters-Station zur IARU HF World Championship 1991;DA0HQ;13.07.91;14.07.91;X34
HQ92;DARC Headquarters-Station zur IARU HF World Championship 1992;DA0HQ;11.07.92;12.07.92;X34
HQ93;DARC Headquarters-Station zur IARU HF World Championship 1993;DA0HQ;10.07.93;11.07.93;X34
HQ94;DARC Headquarters-Station zur IARU HF World Championship 1994;DA0HQ;09.07.94;10.07.94;X34
HQ95;DARC Headquarters-Station zur IARU HF World Championship 1995;DA0HQ;08.07.95;09.07.95;X34
HQ96;DARC - Headquarters-Station zur  IARU HF-World Champioship 1996;DA0HQ;13.07.96;14.07.96;X34
HQ97;DARC - Headquarters-Station zur IARU-Weltmeisterschaft;DA0HQ;12.07.97;13.07.97;X34
HQ98;IARU-Weltmeisterschaft DARC-Vertretung;DA0HQ;11.07.98;12.07.98;X34
HQ99;14. IARU WM;DA0HQ;07.07.99;11.07.99;X34
HR;Aktivitäten zur HamRadio;DL0HR;15.10.06;30.09.07;P57
HR;Aktivitäten zur HamRadio;DK0FN;01.01.07;31.12.07;P03
HR08;Aktivitäten zur HamRadio 2008;DL0HR;01.10.07;30.09.08;P57
HR09;Aktivitäten zur HamRadio 2009;DL0HR;01.10.08;30.09.09;P57
HR10;Aktivitäten des Distriktes P zur HamRadio 2010;DL0HR;01.01.10;30.06.10;P57
HR11;Aktivitäten des Distriktes P zur HamRadio 2011;DL0HR;01.03.11;30.06.11;P57
HR12;Aktivitäten des Distriktes P zur HamRadio 2012;DL0HR;01.03.12;30.06.12;P57
HR25J;25 Jahre OV  N48;DF0GH;06.05.05;05.05.06;N48
HSC;High Speed Telegraphie Club im DARC;DL0HSC;01.06.80;;Q10
HSC;High Speed Telegraphie Club im DARC;DK0HSC;08.04.87;;F06
HSC;High-Speed-Telegrahie-Club im DARC;DA0HSC;17.08.94;;N11
HSC;70 Jahre High Speed Club;DF0HSC;28.02.21;27.02.22;S07
HSC50;50 Jahre HSC;DA0HSC;01.04.01;31.12.01;N11
HSC50;50 Jahre HSC;DK0HSC;01.05.01;30.04.02;E21
HSC50;50 Jahre HSC;DL0HSC;01.05.01;30.04.02;G11
HSC60;60 Jahre HSC;DL60HSC;01.03.11;31.01.12;Q10
HSC65;65 Jahre Radiotelegraphy High Speed Club;DA65HSC;01.01.16;31.12.16;N11
HSC65;65 Jahre Radiotelegraphy High Speed Club;DP65HSC;01.01.16;31.12.16;N11
HSC65;65 Jahre Radiotelegraphy High Speed Club;DA0HSC;01.01.16;31.12.16;N11
HSC65;65 Jahre Radiotelegraphy High Speed Club;DL0HSC;01.01.16;31.12.16;Q10
HSC70;70 Jahre High Speed Club (von 1951);DK0HSC;01.01.21;31.12.21;F06
HSC70;70 Jahre Radio Telegraphy High Speed Club (HSC) von 1951;DP70HSC;16.03.21;31.12.21;E34
HSC75;75 Jahre Radio Telegraphy High Speed Club (HSC);DP75HSC;01.06.26;31.12.26;E33
HSR16;Hanse Sail Rostock 2016;DL0WMD;01.08.16;31.08.16;V07
HSR17;Hanse Sail in Rostock 2017;DL0WMD;01.08.17;31.08.17;V07
HSR18;Hanse Sail Rostock 2018;DQ800HRO;01.08.18;31.08.18;V07
HSR19;29. Hanse Sail in Rostock;DQ600UNI;01.08.19;31.08.19;V07
HSR20;20. Hanse Sail Rostock;DA0HSR;01.08.10;31.08.10;V07
HSR25;25. Hanse Sail Rostock;DA0HSR;01.08.15;31.08.15;V07
HST2011;9th IARU HST World Championship 2011 in Bielefeld;DA0HST;01.01.11;31.12.11;X34
HT02;Hessentag;DL0HES;01.06.02;30.06.02;F22
HT02;Hessentage;DF0HR;01.06.02;30.06.02;F49
HT02;Hessentag 2002;DF0ID;01.06.02;30.06.02;F22
HT05;Hessentag und Hessencontest;DL0TS;01.06.05;30.06.05;F27
HT05;Hessentag und Hessencontest;DL0HES;01.06.05;30.06.05;F27
HT06;Hessentag 2006 in Hessisch Lichtenau;DK0FW;01.05.06;30.06.06;F28
HT07;Hessentag 2007 in Butzbach;DL0BUT;01.05.07;30.06.07;F71
HT08;Hessentag 2008 in Homberg (Efze);DL0HES;01.05.08;31.07.08;F41
HT08;Hessentag 2008 in Homberg (Efze);DL0HRS;01.05.08;31.07.08;F09
HT08;Hessentag 2008 in Homberg (Efze);DL0NOT;01.05.08;31.07.08;F09
HT08;Hessentag 2008 in Homberg (Efze);DL0F;01.05.08;31.07.08;F49
HT08;Hessentag 2008 in Homberg (Efze);DF0F;01.05.08;31.07.08;F41
HT09;Hessentag 2009 in Langenselbold;DL0HES;01.05.09;31.07.09;F41
HT09;Hessentag 2009 in Langenselbold;DL0HRS;01.05.09;31.07.09;F09
HT09;Hessentag 2009 in Langenselbold;DF0F;01.05.09;31.07.09;F41
HT09;Hessentag 2009 in Langenselbold;DL0F;01.05.09;31.07.09;F49
HT10;Hessentag 2010 in Stadtallendorf;DL0HES;01.05.10;31.07.10;F41
HT10;Hessentag 2010 in Stadtallendorf;DF0F;01.05.10;31.07.10;F41
HT10;Hessentag 2010 in Stadtallendorf;DL0F;01.05.10;31.07.10;F49
HT10;Hessentag 2010 in Stadtallendorf;DL0HRS;01.05.10;31.07.10;F09
HT10;Hessentag 2010 in Stadtallendorf;DK0UM;27.05.10;06.06.10;F15
HT11;Hessentag 2011 in Oberursel;DL0HRS;05.05.11;31.07.11;F09
HT11;Hessentag 2011 in Oberursel;DL0FHP;05.05.11;31.07.11;F11
HT11;Hessentag 2011 in Oberursel;DL0HES;05.05.11;31.07.11;F41
HT11;Hessentag 2011 in Oberursel;DL0F;05.05.11;31.07.11;F49
HT12;Hessentag 2012 in Wetzlar;DL0WM;01.04.12;31.12.12;F19
HT12;Hessentag 2012 in Wetzlar;DL0HRS;01.05.12;31.07.12;F09
HT12;Hessentag 2012 in Wetzlar;DF0F;01.05.12;31.07.12;F11
HT12;Hessentag 2012 in Wetzlar;DL0F;01.05.12;31.07.12;F49
HT12;Hessentag 2012 in Wetzlar;DL0NFH;01.05.12;31.07.12;F43
HT12;Hessentag 2012 in Wetzlar;DA0YL;01.05.12;31.07.12;F43
HT12;Hessentag 2012 in Wetzlar;DL0HES;01.05.12;31.07.12;F41
HT13;Hessentag 2013 in Kassel;DF0F;18.05.13;23.06.13;F11
HT13;Hessentag 2013 in Kassel;DL0F;18.05.13;23.06.13;F49
HT14;Hessentag 2014 in Bensheim;DL0F;17.05.14;15.06.14;F49
HT14;Hessentag 2014 in Bensheim;DL0BQ;17.05.14;15.06.14;F02
HT15;Hessentag 2015;DD3D;16.05.15;14.06.15;F73
HT15;Hessentag 2015;DL0F;16.05.15;14.06.15;F73
HT16;Hessentag 2016;DL0UI;01.05.16;31.05.16;F26
HT17;Hessentag 2017 (in Rüsselsheim);DL0GZ;01.06.17;30.06.17;F16
HT18;Hessentag 2018 in Korbach;DK0B;04.05.18;03.06.18;F47
HT18;Hessentag 2018 in Korbach;DK0IN;04.05.18;03.06.18;F47
HT18;Hessentag 2018 in Korbach;DF18HET;04.05.18;03.06.18;F47
HT19;Hessentag 2019 in Bad Hersfeld;DF0HD;20.05.19;23.06.19;F69
HT2000;Hessentag in Hünfeld;DL0HUN;09.06.00;18.06.00;F72
HT2001;Hessentage in Götzenhain;DL0PP;18.05.01;27.05.01;F29
HT26;Hessentag 2026 in Fulda;DA0FUL;01.06.26;31.12.26;F06
HT99;Hessentag in Baunatal;DL0BAU;01.06.99;30.09.99;F41
HT99;Hessentag in Bauntal;DL0HES;12.06.99;20.06.99;F41
HTBW06;Heimattage Baden-Württemberg 2006 in Wertheim;DK0TT;01.04.06;31.10.06;A23
HTL07;Hansetag 2007 in Lippstadt;DL0LP;01.05.07;31.05.07;O13
HTWK18;Heimattage Baden-Württemberg in Waldkirch Kreis Emmendingen;DK0EM;01.03.18;28.02.19;A05
HTWM140;140 Jahre Hochschule für Technik und Wirtschaft Mittweida;DK0MIT;01.05.07;31.05.07;S44
HU200;200 Jahre Humboldt Universität;DR200HU;01.03.10;31.12.10;D13
HUH26;Harz und Heide Messe 2026;DL0BNW;01.06.26;30.06.26;H59
HUT16;Strohhutfest 2016;DK0NC;01.05.16;31.05.16;K27
HUT16;Strohhutfest 2016;DL0RSF;01.05.16;31.05.16;K27
HUT16;Strohhutfest 2016;DK0FP;01.05.16;31.05.16;K27
HV01;DARC Jahreshauptversammlung;DL0AD;01.05.01;31.05.01;G09
HV01;DARC Jahreshauptversammlung;DL0DL;01.05.01;31.05.01;
HV01;DARC Jahreshauptversammlung;DL0DL;01.09.01;30.09.01;
HV01;JHV;DL0KS;01.09.01;30.09.01;
HV02;DARC JHV;DL0DL;01.05.02;31.05.02;
HV02;DARC Jahreshauptversammlung;DL0HAL;24.05.02;26.05.02;W19
HV02;DARC JHV;DL0DL;01.09.02;30.09.02;
HV04;DARC Hauptversammlung;DL0DL;01.05.04;31.05.04;
HV04;DARC Hauptversammlung in Espenau;DL0VEL;11.11.04;15.11.04;F73
HV05;DARC Jahreshauptversammlung in Bremen;DL0DL;01.05.05;31.05.05;
HV05;Frühjahrsversammlung des DARC in Bremen;DL0BR;01.05.05;31.05.05;I04
HV06;DARC Hauptversammlung in Königslutter;DL0DL;01.05.06;31.05.06;
HV06;DARC Hauptversammlung in Königslutter;DL0BNW;18.05.06;31.05.06;H59
HV07;DARC Hauptversammlung in Berlin;DL0DL;01.05.07;31.05.07;
HV07;DARC Hauptversammlung in Berlin;DL0BN;11.05.07;13.05.07;D09
HV07;DARC Hauptversammlung in Espenau;DL0DL;01.11.07;30.11.07;
HV07;DARC Hauptversammlung in Espenau;DD3D;03.11.07;04.11.07;F73
HV08;DARC Hauptversammlung in Rostock;DL0DL;01.05.08;01.06.08;
HV08;DARC Hauptversammlung in Bad Lippspringe;DL0DL;01.12.08;31.12.08;
HV09;DARC Hauptversammlung in Bad Lippspringe;DL0DL;01.10.09;31.10.09;
HV10;DARC Hauptversammlung in Baunatal;DL0DL;01.05.10;31.05.10;
HV10;DARC Hauptversammlung in Nürnberg;DL0DL;01.11.10;30.11.10;
HV11;DARC Hauptversammlung in Baunatal;DL0DL;01.05.11;31.05.11;
HV11;DARC Hauptversammlung in Bad Lippspringe;DL0DL;01.11.11;30.11.11;
HV12;DARC Hauptversammlung in Eisenach;DL0DL;01.04.12;30.04.12;
HV12;DARC Hauptversammlung;DL0DL;01.11.12;30.11.12;
HV13;DARC Hauptversammlung;DL0DL;01.04.13;30.04.13;
HV13;DARC Hauptversammlung;DL0DL;01.11.13;30.11.13;
HV14;DARC Hauptversammlung;DL0DL;01.05.14;31.05.14;
HV15;DARC Hauptversammlung in Baunatal;DL0DL;01.04.15;30.04.15;
HV15;DARC Hauptversammlung in Baunatal;DL0DL;01.11.15;30.12.15;
HV16;HV 2016;DL0DL;01.04.16;30.04.16;
HV16;Mitgliederversammlung 2016;DL0DL;01.11.16;30.11.16;
HV17;Mitgliederversammlung 2017;DL0DL;01.05.17;31.05.17;
HV17;Mitgliederversammlung 2017;DL0DL;01.11.17;30.11.17;
HV18;Mitgliederversammlung 2018;DL0DL;01.11.18;30.11.18;
HV19;Mitgliederversammlung 2019;DL0DL;01.05.19;31.05.19;
HV2000;DARC Jahreshauptversammlung in Bad Lippspring;DF0WN;01.05.00;31.05.00;N38
HV2000;DARC Jahreshauptversammlung in Bad Lippspring;DL0XN;01.05.00;31.05.00;N38
HV2000;DARC Jahreshauptversammlung in Bad Lippspring;DF0AFZ;01.05.00;31.05.00;
HV2000;DARC Jahreshauptversammlung;DL0PB;01.05.00;31.05.00;N14
HV78;DARC Hauptversammlung 1978;DL0HES;18.10.78;22.10.78;F41
HV79;DARC Hauptversammlung Frühjahr 1979;DL0ZZ;01.04.79;30.04.79;I21
HV79;DARC Hauptversammlung Herbst 1979;DL0ZZ;01.10.79;31.10.79;I21
HV80;DARC Hauptversammlung Frühjahr 1980;DF0AFZ;01.04.80;30.04.80;
HV80;DARC Hauptversammlung Herbst 1980;DL0HES;01.10.80;31.10.80;F41
HV81;DARC Hauptversammlung Frühjahr 1981;DF0AFZ;01.05.81;31.05.81;
HV81;DARC Hauptversammlung Herbst 1981;DF0AFZ;01.10.81;31.10.81;
HV82;DARC Hauptversammlung Frühjahr 1982;DF0AFZ;01.05.82;31.05.82;
HV82;DARC Hauptversammlung Herbst 1982;DF0AFZ;01.11.82;30.11.82;
HV83;DARC Hauptversammlung Frühjahr 1983;DF0AFZ;01.05.83;31.05.83;
HV83;DARC Hauptversammlung Herbst 1983;DF0AFZ;01.11.83;30.11.83;
HV84;DARC Hauptversammlung Frühjahr 1984;DF0AFZ;01.05.84;31.05.84;
HV84;DARC Hauptversammlung Herbst 1984;DL0DL;01.11.84;30.11.84;
HV85;DARC Hauptversammlung Frühjahr 1985;DL0DL;01.05.85;31.05.85;
HV85;DARC Hauptversammlung Herbst 1985;DL0DL;01.11.85;30.11.85;
HV86;DARC Hauptversammlung Frühjahr 1986;DL0VR;01.05.86;31.05.86;
HV86;DARC Hauptversammlung Herbst 1986;DL0DL;01.11.86;30.11.86;
HV87;DARC Hauptversammlung Frühjahr 1987;DL0DL;01.05.87;31.05.87;
HV87;DARC Hauptversammlung Herbst 1987;DK0FK;01.11.87;30.11.87;F41
HV88;DARC Hauptversammlung Frühjahr 1988;DK0ZZ;01.05.88;31.05.88;K10
HV88;DARC Hauptversammlung Herbst 1988;DL0BAU;01.11.88;30.11.88;F41
HV89;DARC Hauptversammlung Frühjahr 1989;DF0AFZ;01.04.89;30.04.89;
HV89;DARC Hauptversammlung Herbst 1989;DL0BAU;01.11.89;30.11.89;F41
HV90;DARC Hauptversammlung Frühjahr 1990;DB0HQ;01.05.90;31.05.90;
HV90;DARC Hauptversammlung Herbst 1990;DA0RC;01.11.90;30.11.90;
HV91;DARC Hauptversammlung Frühjahr 1991;DA0RC;01.05.91;31.05.91;
HV91;DARC Hauptversammlung Herbst 1991;DA0RC;15.10.91;15.11.91;
HV92;DARC Hauptversammlung Frühjahr 1992;DA0RC;01.05.92;31.05.92;
HV92;DARC Hauptversammlung Frühjahr 1992;DL0BS;01.05.92;31.05.92;C31
HV92;DARC Hauptversammlung Frühjahr 1992;DL0HQ;01.05.92;31.05.92;Z08
HV92;DARC Hauptversammlung Frühjahr 1992;DL0DM;01.05.92;31.05.92;C31
HV92;DARC Hauptversammlung Herbst 1992;DA0RC;01.11.92;30.11.92;
HV93;DARC Hauptversammlung Frühjahr 1993;DL0DL;01.05.93;31.05.93;
HV93;DARC Hauptversammlung Herbst;DL0DL;15.10.93;15.11.93;
HV94;DARC-Hauptversammlung Frühjahr;DL0CB;01.05.94;31.05.94;Y24
HV94;DARC-Hauptversammlung Herbst;DL0BAU;01.10.94;31.10.94;F41
HV94;DARC-Hauptversammlung Herbst 94;DF0AFZ;01.10.94;31.10.94;
HV94;DARC-Hauptversammlung Herbst;DK0FK;01.10.94;31.10.94;F41
HV95;DARC Hauptversammlung Frühjahr 1995 in Braunschweig;DL0PTB;02.05.95;31.05.95;
HV95;DARC Hauptversammlung Frühjahr 1995 in Braunschweig;DL0BNV;02.05.95;31.05.95;?
HV95;DARC Hauptversammlung Frühjahr in Braunschweig;DA0IU;02.05.95;31.05.95;H03
HV95;DARC Hauptversammlung Frühjahr 1995 in Braunschweig;DL0DN;02.05.95;31.05.95;H38
HV95;DARC Hauptversammlung Frühjahr 1995 in Braunschweig;DL0IU;02.05.95;31.05.95;
HV95;DARC Jahreshauptversammlung in Braunschweig;DB0IU;02.05.95;31.05.95;?
HV95;DARC Hauptversammlung Frühjahr 1995 in Braunschweig;DL0SB;02.05.95;31.05.95;
HV95;DARC Hauptversammlung Frühjahr 1995 in Braunschweig;DL0BV;02.05.95;31.05.95;H03
HV96;DARC Hauptversammlung im Frühjahr in Leer;DL0LO;01.05.96;31.05.96;I07
HV96;DARC Hauptversammlung Frühjahr 1996 in Leer;DL0LE;01.05.96;31.05.96;I07
HV97;DARC Hauptversammlung in Freiburg/Breisgau;DK0FR;01.05.97;31.05.97;A05
HV98;DARC Hauptversammlung Kloster Banz in Staffelstein 16. + 17. Mai 98;DK0LI;11.05.98;24.05.98;B28
HV99;DARC Hauptversammlung 1999;DF0AFZ;01.03.99;31.12.99;
HV99;DARC Hauptversammlung 1999;DB0HQ;01.03.99;31.12.99;
HV99;DARC Hauptversammlung 1999;DL0IKT;01.03.99;31.12.99;S01
HV99;DARC Hauptversammlung 1999;DA0RC;01.03.99;31.12.99;
HZ150;150 Jahre Heinrich Hertz (Geburtstag);DL150HZ;01.07.07;30.06.08;R01
HZ1857;150 Jahre Heinrich Hertz (Geburtsjahr);DH150HZ;22.02.07;01.01.08;E09
HZ1878;150 Jahre Heinrich Hertz (Studium in Berlin);DB150HZ;22.02.07;01.01.08;D26
HZ1885;150 Jahre Heinrich Hertz (Lehrstuhl in Karlsruhe);DK150HZ;22.02.07;01.01.08;A07
HZ1894;150 Jahre Heinrich Hertz (Todesjahr);DR150HZ;22.02.07;01.01.08;G03
I04DEKT;32. Deutscher Evangelischer Kirchentag;DK32DEKT;01.05.09;31.12.09;I04
I57SAIL05;Seegeltörn des OV  I57;DL0PBS;17.06.05;19.06.05;I57
IARU;DARC Auslandsreferat;DL0HFG;01.05.06;;C30
IARU00;100 Jahre IARU;DA0IARU;01.02.25;27.04.25;J00
IARU14;IARU Region 1 Generalkonferenz;DA0AR;01.08.14;15.08.14;I43
IARU17;IARU Region 1 Tagung 2017 in Deutschland;DR1IARU;01.01.17;31.12.17;
IARU17;IARU Region 1 Tagung 2017 in Deutschland;DL17IARU;01.01.17;31.12.17;
IARU70;70 Jahre IARU;DL0DSW;01.01.95;14.01.95;
IARU70;70 Jahre IARU;DK0SL;01.01.95;14.01.95;M28
IARU70;Afu-Ausbildungslehrgang;DA0MP;01.04.95;28.04.95;I04
IARU70;25. Hörerwettbewerb des Distriktes Brandenburg;DF0UM;01.04.95;30.04.95;Y16
IARU70;Aktivitätsmonat Torgau;DL0TOR;01.04.95;30.04.95;
IARU70;LGS in Grevenbroich;DK0VH;04.04.95;03.05.95;R32
IARU70;Vorführungen in der Samtgemeinde Nord-Elm;DF0ELM;01.05.95;28.05.95;H54
IARU70;Vorführungen zum 750-jährigen Sadtjubiläum Holzminden;DL0HOL;01.05.95;28.05.95;H16
IARU70;LGS in Grevenbroich;DK0VH;04.05.95;31.05.95;R32
IARU70;25-jähriges Bestehen des OV  G27 Sonderfeldtag;DA0IT;01.06.95;28.06.95;G27
IARU70;LGS in Grevenbroich;DK0VH;01.06.95;30.06.95;R32
IARU70;Amateurfunkvorführungen;DA0SAX;28.06.95;04.07.95;P51
IARU70;Landesgartenschau in Grevenbroich;DK0VH;01.07.95;31.07.95;R32
IARU70;25-jähriges Bestehen des OV K24 Loreley;DL0JL;03.07.95;31.07.95;
IARU70;750 Jahrfeier in Holzminden;DL0HOL;01.08.95;31.08.95;H16
IARU70;Landesgartenschau in Grevenbroich;DK0VH;01.08.95;31.08.95;R32
IARU70;40 Jahre OV Konstanz  A 01;DL0KB;15.11.95;15.12.95;
IBF;IG blinder Funkamateure;DL0IBF;20.01.80;07.03.88;H21
IBF;IG blinder Funkamateure;DF0IBF;01.05.88;12.09.18;H21
IBF;IG blinder Funkamateure;DL0IBF;01.05.88;06.02.15;H21
IBF;IG blinder Funkamateure;DB0IBF;01.11.96;06.02.15;H21
IBF;IG blinder Funkamateure;DK0IBF;01.11.96;06.02.15;H21
IBF;Jährlicher "Whitestick Day";DK0IBF;06.06.17;05.06.18;N39
IBF;Jährlicher "Whitestick Day";DL0IBF;06.06.17;05.06.18;N39
IBF25;25-jähriges Bestehen der IG blinder Funkamateure in Deutschland;DL0IBF;01.01.95;31.12.95;H21
IBF25;25-jähriges Bestehen der IG blinder Funkamateure;DF0IBF;01.01.95;31.12.95;M29
IBF33;33 Jahre "IG blinder Funkamateure Deutschlands e.V.";DA0IBF;01.04.03;31.12.03;H21
IBF33;33 Jahre "IG blinder Funkamateure Deutschlands e.V.";DF0IBF;01.04.03;31.12.03;F12
IBF33;33 Jahre "IG blinder Funkamateure Deutschlands e.V.";DB0IBF;01.04.03;31.12.03;H21
IBF33;33 Jahre "IG blinder Funkamateure Deutschlands e.V.";DK0IBF;01.04.03;31.12.03;H21
IBF33;33 Jahre "IG blinder Funkamateure Deutschlands e.V.";DL0IBF;01.04.03;31.12.03;H21
IBFD;IG blinder Funkamateure;DK0IBF;13.09.18;;
IBFD;IG blinder Funkamateure;DF0IBF;13.09.18;;
IBFD;IG blinder Funkamateure;DA0IBF;13.09.18;;
IBFD;IG blinder Funkamateure;DL0IBF;13.09.18;;
IBO*;DARC "HAM RADIO" in Friedrichshafen;DB0DX;01.01.82;15.08.85;P03
IBO*;DARC "HAM RADIO" in Friedrichshafen;DL0IBO;14.08.85;31.12.99;P03
IBO01;HAm Radio;DK0FN;01.04.01;31.12.01;P03
IBO01;IBO in Friedrichshafen;DL0IBO;01.04.01;31.12.01;P03
IBO02;IBO in Friedrichshafen;DL0IBO;01.01.02;31.12.02;P03
IBO02;HAM-Radio;DK0FN;01.01.02;31.12.02;P03
IBO03;IBO in Friedrichshafen;DK0FN;01.04.03;31.12.03;P03
IBO03;IBO in Friedrichshafen;DL0IBO;01.04.03;31.12.03;P03
IBO04;IBO in Friedrichshafen;DL0IBO;01.01.04;31.12.04;P03
IBO04;IBO in Friedrichshafen;DK0FN;01.01.04;31.12.04;P03
IBO06;IBO in Friedrichshafen;DK0FN;01.01.06;31.12.06;P03
IBO06;IBO in Friedrichshafen;DL0IBO;01.01.06;31.12.06;P03
IBO07;IBO in Friedrichshafen;DL0IBO;01.01.07;31.12.07;P03
IBO08;IBO in Friedrichshafen;DK0FN;01.01.08;31.12.08;P03
IBO08;IBO in Friedrichshafen;DL0IBO;01.01.08;31.12.08;P03
IBO09;IBO in Friedrichshafen;DL0IBO;01.01.09;31.12.09;P03
IBO09;IBO in Friedrichshafen;DK0FN;01.01.09;31.12.09;P03
IBO10;IBO in Friedrichshafen;DL0IBO;01.01.10;31.12.10;P03
IBO10;IBO in Friedrichshafen;DK0FN;01.01.10;31.12.10;P03
IBO11;IBO in Friedrichshafen;DL0IBO;01.01.11;31.12.11;P03
IBO12;IBO in Friedrichshafen;DL0IBO;01.02.12;31.12.12;P03
IBO12;IBO in Friedrichshafen;DK0FN;01.02.12;31.12.12;P03
IBO13;IBO in Friedrichshafen;DK0FN;01.01.13;31.12.13;P03
IBO13;IBO in Friedrichshafen;DL0IBO;01.01.13;31.12.13;P03
IBO14;Aktivitäten für und bei der HamRadio;DL0IBO;15.05.14;14.11.14;P03
IBO14;Ham Radio 2014;DK0FN;25.06.14;08.07.14;P03
IBO16;Ham Radio 2016;DK0FN;01.01.16;31.12.16;P03
IBO16;Ham Radio 2016;DL0IBO;01.01.16;31.12.16;P03
IBO17;Aktivitäten rund um die Ham Radio;DK0FN;02.01.17;31.12.17;P03
IBO17;Aktivitäten rund um die Ham Radio;DL0IBO;02.01.17;31.12.17;P03
IBO2000;IBO in Friedrichshafen;DK0FN;01.01.00;31.12.00;P03
IBO2000;IBO in Friedrichshafen;DL0IBO;01.01.00;31.12.00;P03
IBO77;DARC "HAM RADIO" in Friedrichshafen;DK0FN;01.01.77;31.12.77;P03
IBO78;DARC "HAM RADIO" in Friedrichshafen;DK0FN;01.01.78;31.12.78;P03
IBO79;DARC "HAM RADIO" in Friedrichshafen;DK0FN;01.01.79;31.12.79;P03
IBO80;DARC "HAM RADIO" in Friedrichshafen;DK0FN;01.01.80;31.12.80;P03
IBO81;DARC "HAM RADIO" in Friedrichshafen;DK0FN;01.01.81;31.12.81;P03
IBO82;DARC "HAM RADIO" in Friedrichshafen;DK0FN;01.01.82;31.12.82;P03
IBO83;DARC "HAM RADIO" in Friedrichshafen;DK0FN;01.01.83;31.12.83;P03
IBO84;DARC "HAM RADIO" in Friedrichshafen;DK0FN;01.01.84;31.12.84;P03
IBO85;DARC "HAM RADIO" in Friedrichshafen;DK0FN;01.01.85;31.12.85;P03
IBO86;DARC "HAM RADIO" in Friedrichshafen;DK0FN;01.01.86;31.12.86;P03
IBO87;DARC "HAM RADIO" in Friedrichshafen;DK0FN;01.01.87;31.12.87;P03
IBO88;DARC "HAM RADIO" in Friedrichshafen;DK0FN;01.01.88;31.12.88;P03
IBO89;DARC "HAM RADIO" in Friedrichshafen;DK0FN;01.01.89;31.12.89;P03
IBO90;DARC "HAM RADIO" in Friedrichshafen;DK0FN;01.01.90;31.12.90;P03
IBO91;DARC "HAM RADIO" in Friedrichshafen;DK0FN;01.01.91;31.12.91;P03
IBO92;DARC "HAM RADIO" in Friedrichshafen;DK0FN;01.01.92;31.12.92;P03
IBO93;DARC "HAM RADIO" in Friedrichshafen;DK0FN;01.01.93;31.12.93;P03
IBO94;DARC "HAM RADIO" in Friedrichshafen;DK0FN;01.01.94;31.12.94;P03
IBO95;DARC "HAM RADIO" in Friedrichshafen;DK0FN;01.01.95;31.12.95;P03
IBO96;DARC "HAM RADIO" in Friedrichshafen;DK0FN;01.01.96;31.12.96;P03
IBO97;DARC HAM-Radio in Friedrichshafen;DK0ZM;01.01.97;31.12.97;P03
IBO98;DARC HAM-Radio 1998;DK0ZM;01.01.98;31.12.98;P03
IDD26;Internationaler Tag der Demokratie;DM0CRACY;01.09.26;30.09.26;
IFA;Int. Funkausstellung in Berlin;DK0IFA;01.07.91;15.09.91;D11
IFA01;Int. Funkausstellung in Berlin;DK0IFA;24.08.01;03.09.01;D08
IFA03;Int. Funkausstellung in Berlin;DN1IFA;01.03.03;31.12.03;D20
IFA03;Int. Funkausstellung in Berlin;DK0IFA;01.03.03;31.12.03;D20
IFA03;Internationale Funkausstellung in Berlin;DA0IFA;25.08.03;31.12.03;D15
IFA03;Int. Funkausstellung in Berlin;DK0IFA;01.01.05;31.12.05;D20
IFA03;Int. Funkausstellung in Berlin;DN1IFA;01.01.05;31.12.05;D20
IFA07;Internationale Funkausstellung in Berlin;DK0IFA;15.08.07;15.09.07;D11
IFA08;Internationale Funkausstellung in Berlin;DK0IFA;15.08.08;15.09.08;D11
IFA09;Internationale Funkausstellung in Berlin;DK0IFA;21.08.09;10.09.09;D11
IFA10;50. Internationale Funkausstellung Berlin;DL0MVB;01.03.10;31.12.10;D13
IFA10;50. Internationale Funkausstellung Berlin;DO0MVB;01.03.10;31.12.10;D13
IFA10;50. Internationale Funkausstellung Berlin;DB0MVB;01.03.10;31.12.10;D13
IFA10;50. Internationale Funkausstellung Berlin;DK50IFA;01.03.10;31.12.10;D13
IFA10;50. Internationale Funkausstellung Berlin;DA0MVB;01.03.10;31.12.10;D13
IFA10;50. Internationale Funkausstellung Berlin;DK0IFA;26.06.10;31.12.10;D11
IFA10;50. Internationale Funkausstellung Berlin;DF0DRB;01.07.10;31.12.10;D20
IFA10;50. Internationale Funkausstellung Berlin;DC0BLN;01.07.10;31.12.10;D10
IFA10;50. Internationale Funkausstellung Berlin;DQ0Z;01.07.10;31.12.10;D10
IFA10;50. Internationale Funkausstellung Berlin;DK0BW;01.07.10;31.12.10;D10
IFA10;50. Internationale Funkausstellung Berlin;DL0CON;01.07.10;31.12.10;D20
IFA10;50. Internationale Funkausstellung Berlin;DB0WED;01.07.10;31.12.10;D10
IFA10;50. Internationale Funkausstellung Berlin;DL0SP;01.09.10;31.12.10;D06
IFA10;50. Internationale Funkausstellung Berlin;DM5R;01.09.10;31.12.10;D26
IFA11;Internationale Funkausstellung Berlin;DK0IFA;30.07.11;02.10.11;D11
IFA12;Internationale Funkausstellung Berlin;DK0IFA;06.08.12;05.09.12;D11
IFA13;Internationale Funkausstellung Berlin;DK0IFA;01.09.13;14.09.13;D11
IFA14;Internationale Funkausstellung Berlin;DK0IFA;25.08.14;21.09.14;D11
IFA93;Int. Funkausstellung Berlin;DK0IFA;23.08.93;05.09.93;D11
IFA95;Internationale Funkausstellung in Berlin 1995;DK0IFA;15.08.95;15.09.95;D11
IFA97;Internationale Funkausstellung in Berlin;DK0IFA;25.08.97;14.09.97;D11
IFA99;75. INt. Funkausstellung in Berlin;DK0IFA;26.08.99;06.09.99;D08
IGA03;Internationale Gartenbauausstellung in Rostock;DL0DBR;25.04.03;25.05.03;V06
IGA03;Internationale Gartenbauausstellung in Rostock;DL0HRO;26.05.03;26.06.03;Z89
IGA03;Internationale Gartenbauausstellung in Rostock;DL0MCM;27.06.03;27.07.03;V07
IGA03;Internationale Gartenbauausstellung in Rostock;DL0WMD;28.07.03;28.08.03;V07
IGA03;Internationale Gartenbauausstellung in Rostock;DL0BWS;29.08.03;29.09.03;V07
IGA03;Internationale Gartenbauausstellung in Rostock;DL0SWN;30.09.03;30.10.03;V14
IGMAC;Interessengemeinschaft Amateurfunk mit dem MAC;DK0RBY;01.07.09;30.06.10;D06
IGS13;Internationale-Garten-Ausstellung in Hamburg;DR13IGS;01.01.13;31.12.13;E09
IKS11;Leistungsschau Inkontakt in Schwed;DF0UM;20.05.11;05.06.11;Y16
IKS12;Leistungsschau Inkontakt in Schwed;DL0PCK;11.05.12;10.06.12;Y16
IKS12;Leistungsschau Inkontakt in Schwed;DF0UM;11.05.12;10.06.12;Y16
IKS13;Leistungsschau Inkontakt in Schwed;DF0UM;01.05.13;31.05.13;Y16
IKS14;Leistungsschau Inkontakt Schwedt 2014;DF0UM;01.06.14;30.06.14;Y14
IKS15;Inkontakt Schwedt 2015;DF0UM;11.05.15;10.06.15;Y16
IKS16;fortführung =INKONTAKT SCHWEDT=;DF0UM;01.05.16;31.05.16;Y16
ILA96;Internationale Luft- und Raumfahrt-Ausstellung Berlin 1996;DA0ILA;13.05.96;19.05.96;D08
ILERA;Internat. Liga der Esperanto Radio Amateure;DF0ESP;01.12.97;;Y13
ILLW12;Lighthouse Weekend 2012;DL0EM;01.08.12;31.08.12;I06
ILLW12;Lighthouse Weekend 2012;DL0TO;11.08.12;25.08.12;E23
ILLW12;Lighthouse Weekend 2012;DA0WLH;15.08.12;31.08.12;V07
ILLW12;Lighthouse Weekend 2012;DL0FFF;17.08.12;31.08.12;K34
ILLW13;International Lighthouse Lightship Weekend 2013;DF0MF;10.08.13;24.08.13;I06
ILLW13;International Lighthouse Lightship Weekend 2013;DL0EM;10.08.13;24.08.13;I06
ILLW13;International Lighthouse Lightship Weekend 2013;DA0LHT;10.08.13;24.08.13;H54
ILLW13;International Lighthouse Lightship Weekend 2013;DL0TO;11.08.13;25.08.13;E23
ILLW14;International Lighthouse- and Ship Weekend 2014;DL0EM;08.08.14;22.08.14;I06
ILLW14;International Lighthouse- and Ship Weekend 2014;DF0MF;08.08.14;22.08.14;I06
ILLW14;International Lighthouse Lightship Weekend 2014;DL0TO;10.08.14;24.08.14;E23
ILLW15;Lighthouse- and Ship Weekend 2015;DL0TO;10.08.15;24.08.15;E23
ILLW16;Intern. Lighthouse-and Ship Weekend 2016;DF0MF;14.08.16;28.08.16;I06
ILLW16;Intern. Lighthouse and Ship Weekend 2016;DA0LHT;14.08.16;28.08.16;I06
ILLW16;Intern. Lighthouse-and Ship Weekend 2016;DL0EM;14.08.16;28.08.16;I06
ILLW16;Intern. Lighthouse and Ship Weekend 2016;DL0TO;15.08.16;29.08.16;E23
ILLW17;Internationales Lighthouse/Lightship Weekend 2017 vom Leuchtturm Flügge;DA2017LH;12.08.17;26.08.17;A07
ILLW18;International Lighthouse Weekend 2018;DL0TO;11.08.18;25.08.18;E23
ILLW18;Internationales Lighthouse/Lightship Weekend 2018 vom Leuchtturm Flügge;DA2018LH;13.08.18;27.08.18;A07
ILLW18;35 Jahre Clubstation an Bord des Feuerschiffs Amrumbank;DF0MF;17.08.18;31.08.18;I06
ILLW18;20 Jahre Aktivität am Leuchtturm Campen;DL0EM;17.08.18;31.08.18;I06
ILLW19;International Lighthouse/Lightship Weekend;DL0TO;01.08.19;31.10.19;E23
ILLW2007;Lighthouse Weekend;DL0FFF;17.08.07;21.08.07;K34
ILLW21;International Lighthouse Lightship Weekend;DL0TO;01.08.21;31.08.21;E23
ILLW23;International Lighthouse Lightship Weekend;DL0TO;01.08.23;31.08.23;E23
ILLW24;International Lighthouse Lightship Weekend 2024;DL0TO;01.08.24;31.08.24;E23
ILLW24;Leuchtturmwochenende in Gollwitz;DF0ELM;01.08.24;31.08.24;Z89
ILM;Stadtfest;DK0TUI;30.06.96;30.07.96;X30
IM;DARC Distrikt Baden;DL0IM;01.01.79;;A35
IM;DARC Distrikt Baden;DB0IM;01.02.83;;A27
IMD19;International Marconi Day 2019;DL0KBM;20.04.19;04.05.19;I06
IMD19;International Marconi Day 2019;DL0EM;20.04.19;05.05.19;I06
IMD19;International Marconi Day 2019;DA0IMD;20.04.19;04.05.19;I06
IMD20;International Marconi Day 2020 Leuchtturm Borkum;DA0IMD;16.04.20;17.05.20;I06
IMO;Sonder-DOK Bandwacht;DL0IMO;01.01.22;;
INGTEC;Gewerbeschau Forchtenberg;DL0KUE;10.06.10;15.06.10;P33
IPA;Int. Police Association;DF0IR;01.01.83;31.12.83;H18
IPA;Int. Police Association;DL0IVB;01.02.93;30.11.00;K30
IPA;Int. Police Association;DF0IPA;01.05.93;;C14
IPA;Int. Police Association;DL0IPA;01.05.93;31.12.25;S69
IPA;Int. Police Association;DK0IPA;01.05.93;31.12.25;N20
IPA;Int. Police Association;DB0IPA;01.01.96;31.12.25;Y06
IPA;Int. Police Association;DL0BAS;01.08.97;01.12.07;Y14
IPA;Int. Police Ass.;DH0IPA;01.01.01;;M14
IPA;IPA Landesgruppe Sachsen;DL0IPS;01.05.04;;S53
IPA;Int. Police Association;DC0IPA;01.09.04;;D02
IPA;Int. Police Association;DL0IVR;01.07.07;;N20
IPA;Int. Police Association;DK0PB;01.08.09;28.02.26;I14
IPA;Int. Police Association;DL0SOH;18.05.10;;F43
IPA;International-Police-Association;DN0IPA;01.04.11;;V11
IPA;International-Police-Association;DL0IPM;01.03.12;31.12.25;K07
IPA;Klubstation der International Police Association;DL0PMV;30.06.18;30.06.19;V11
IPA;Klubstation der International Police Association;DL0PMV;29.07.19;31.12.25;V11
IPA;Clubstation der IPA Sektion Braunschweig;DP7P;01.01.20;31.12.20;H03
IPA;Clubstation der IPA Sektion Braunschweig;DP7P;01.01.21;;H03
IPA;Clubstation des IPA Radio Club;DK0BP;01.12.21;30.11.22;P37
IPA;Clubstation des IPA Radio Club;DK0BP;01.12.22;;P37
IPA;Clubstation, IPA Radioclub DL;DL0PPC;04.11.23;03.11.24;Y38
IPA;Clubstation des IPA Radio Club;DL0BMI;04.01.24;31.12.25;K34
IPA;International Police Assosiation Club;DL0COB;01.06.24;31.05.25;B19
IPA;Int. Police Association;DK0IPA;01.01.27;;N20
IPA10LH;10 Jahre IPA-LH-Aktivität;DH0IPA;13.08.11;31.08.11;M14
IPA40;Int. Police Association;DK0IPA;01.01.98;31.12.98;R05
IPA50;50 Jahre IPA;DL0IPA;01.01.00;31.12.00;Y32
IPA50;50 Jahre IPA;DF0IPA;01.01.00;31.12.00;C14
IPA50;50 Jahre Int. Polizei Vereinigung;DB0IPA;01.01.00;31.12.00;Y06
IPA50;50 Jahre Int. Polizei Vereinigung;DK0IPA;01.01.00;31.12.00;R05
IPA50;50 Jahre IPA;DL0BMI;01.01.00;31.12.00;K01
IPA50;50 Jahre Int. Police Association;DH0IPA;01.04.00;31.12.00;M14
IPA50;50 Jahre Int. Polzeivereinigung;DL0IVB;01.12.00;31.12.00;G09
IPA50B;50 Jahre IPA-Verbindungsstelle Bremen;DP50IPAHB;01.04.13;31.03.14;I04
IPAHB;International Police Association Hansestadt Bremen;DK0PB;01.08.08;31.07.09;I04
IPAMZ;International-Police-Association-Mainz;DL0IPM;01.03.11;29.02.12;K07
IPARC;40-jähriges Bestehen IPARC;DL40IPARC;01.01.16;31.12.16;O30
IPY;International Polar Year 2009;DR09ANT;01.01.09;31.12.09;C11
IR*;DARC "INTER-RADIO" in Hannover;DF0IR;01.01.83;31.12.00;H18
IR2001;20. Interradio in Hannover;DF0IR;01.08.01;31.12.01;H18
IR2002;21. Interradio in Hannover;DF0IR;01.07.02;31.12.02;H18
IR2003;22. Interradio in Hannover;DF0IR;01.01.03;31.12.03;H18
IR2004;23. Interradio in Hannover;DF0IR;01.03.04;31.12.04;H18
IR2005;24. Interradio in Hannover;DF0IR;01.01.05;31.12.05;H18
IR2006;25. Interradio in Hannover;DF0IR;01.02.06;31.12.06;H18
IR2007;26. Interradio in Hannover;DF0IR;01.02.07;31.12.07;H18
IR2008;27. Interradio in Hannover;DF0IR;01.01.08;31.12.08;H18
IR2009;28. Interradio in Hannover;DF0IR;01.02.09;31.12.09;H18
IR2010;29. Interradio in Hannover;DF0IR;01.01.10;31.12.10;H18
IR2012;31. INTERRADIO 2012 in Hannover;DF0IR;10.01.12;31.12.12;H19
IR2013;32. INTERRADIO 2013 in Hannover;DF0IR;15.02.13;31.12.13;H19
IR2014;33. INTERRADIO in Hannover;DF0IR;01.01.14;31.12.14;H19
IR2015;34. INTERRADIO 2015;DF0IR;01.01.15;31.12.15;H19
IR30;30 Jahre INTERRADIO;DF0IR;15.01.11;31.12.11;H19
ISM32;32 Jahre OV Ismaning (C32);DL0ISM;01.01.12;31.12.12;C32
ITB;Eröffnung Ilztal-Bahn in 2011;DR11ITB;06.01.11;31.12.11;U28
ITU;DARC Referat für Funkverwaltungsfragen;DL0ITU;01.08.65;;
ITU;75 Jahre Eilveser Funkturm;DL0NRU;01.10.88;31.10.88;
ITU;Amateurfunkgedenktage 130 Jahre ITU;DA0ITU;02.05.95;31.12.95;Z50
IW;DARC Bandwacht;DL0IW;01.08.85;;
IYA;Internationles Jahr der Astronomie;DR4G;01.02.09;31.12.09;C22
JAIG05;JAIK-Treffen 2005 in Seebnitz;DF0CHE;16.05.05;22.05.05;S54
JAMB2010;Ruhrjamb 2010 - Intern. Pfadfindertreffen in Essen;DR1JAMB;06.08.10;31.12.10;L11
JE800;800 Jahre Jessen;DL800JE;14.06.16;31.05.17;Y37
JEVER;Vorführungen zur Nordseeschau;DF0JV;11.05.96;19.05.96;I49
JFAK;Jugendfeuerwehr Kreis Altenkirchen;DD1D;01.12.07;29.02.08;H14
JK;DARC Morseübungssendungen;DL0JK;20.01.80;;F12
JK;Aktivitätsmonat;DB0DH;01.03.95;31.03.95;L16
JL;Jugendlehrgänge Nord;DL0JL;01.11.95;;
JOTA19;Jamboree on the Air - 2019;DL0DHC;12.10.19;11.11.19;G40
JR;DARC Referat Jugend und Ausbildung;DL0JRR;22.02.86;31.12.95;L04
JR;DARC Referat Jugend und Ausbildung Distrikt Westfalen-Nord;DL0JWN;25.02.86;31.12.95;
JR;DARC Referat Jugend und Ausbildung Distrikt Württemberg;DL0JRW;26.02.86;;
JR;DARC Referat Jugend und Ausbildung Distrikt Rheinland-Pfalz;DL0RPJ;26.02.86;04.06.90;
JR;DARC Referat Jugend und Ausbildung Distrikt Hessen;DL0JRH;26.02.86;;F43
JR;DARC Referat Jugend und Ausbildung Distrikt Bayern-Süd;DK0JBS;26.03.86;31.12.95;?
JR;DARC Referat Jugend und Ausbildung Distrikt Schwaben;DL0JRT;12.05.86;31.12.95;
JR;DARC Referat Jugend und Ausbildung Distrikt Berlin;DK0JR;26.05.86;31.12.95;D04
JR;DARC Referat Jugend und Ausbildung Distrikt Nordsee;DF0JR;19.03.87;31.12.95;I07
JR;DARC Referat Jugend und Ausbildung Distrikt Rheinland-Pfalz;DF0RPJ;05.06.90;31.01.21;K33
JR;DARC Referat Jugend und Ausbildung: SWL-Betreuung/Rundspruch;Y62SWL;01.01.91;31.12.92;
JR;DARC Referat Jugend und Ausbildung Sachgebiet Amateurfunk in der Schule;DK0AIS;20.01.91;31.12.95;E04
JR;Jugendreferat Distrikt Baden;DL0JBW;01.10.95;30.10.01;
JR;DARC Referat Jugend und Ausbildung Distrikt Sachsen;DK0JRS;01.01.96;;S37
JR;DARC Referat Jugend und Ausbildung Distrikt Nordsee;DF0JR;01.01.96;;I43
JR;Distrikt-Jugendverband-Ruhrgebiet;DL0JRR;01.02.97;;L04
JRK;Jugend Rot Kreuz;DL1D;23.01.07;22.01.08;H14
JSB325;325. Geburtstag von Johann Sebastian Bach;DF0ESA;01.02.10;31.12.10;X11
JSB500;Überregionale Aktivität anläßlich 500. Jahre Johann Sebastian Bach;DL0GTH;01.02.03;31.12.03;X17
JSB500;Überregionale Aktivität anläßlich 500. Jahre Johann Sebastian Bach;DF0ESA;01.02.03;31.12.03;X17
JSZ18;Sieger im Jahreswettbewerb VFDB Aktiv 2018;DL0UE;01.01.19;31.12.19;Z84
JSZ18;Sieger im Jahreswettbewerb VFDB Aktiv 2018;DF0CEL;01.01.19;31.12.19;Z84
JSZ19;Jahressieger VFDB Aktiv 2019;DF0CEL;01.01.20;31.12.20;Z84
JSZ19;Jahressieger VFDB Aktiv 2019;DL0UE;01.01.20;31.12.20;Z84
JSZ20;Jahressieger VFDB Aktiv 2020;DL0UE;01.01.21;31.12.21;Z84
JSZ20;Jahressieger VFDB Aktiv 2020;DF0CEL;01.01.21;31.12.21;Z84
JSZ21;Jahressieger VFDB Aktiv 2021;DF0CEL;01.01.22;31.12.22;Z84
JSZ21;Jahressieger VFDB Aktiv 2021;DL0UE;01.01.22;31.12.22;Z84
JSZ22;Jahressieger VFDB Aktiv 2022;DL0UE;01.01.23;31.12.23;Z84
JSZ22;Jahressieger VFDB Aktiv 2022;DF0CEL;01.01.23;31.12.23;Z84
JSZ23;Jahressieger VFDB Aktiv 2023;DL0UE;01.01.24;31.12.24;Z84
JSZ23;Jahressieger VFDB Aktiv 2023;DF0CEL;01.01.24;31.12.24;Z84
JSZ24;Jahressieger VFDB Aktiv 2024;DL0SHL;01.01.25;31.12.25;Z90
JSZ25;Jahressieger VFDB Aktiv 2025;DL0UE;01.01.26;31.12.26;Z84
JSZ25;Jahressieger VFDB Aktiv 2025;DF0CEL;01.01.26;31.12.26;Z84
JSZ25;Jahressieger VFDB Aktiv 2025;DA7C;01.01.26;31.12.26;Z84
JSZ25;Jahressieger VFDB Aktiv 2025;DF0IG;01.01.26;31.12.26;Z84
JUF13;100 Jahre Erstflug Junkers F13;DF13DEJU;01.01.19;30.06.19;W22
JUF13;100 Jahre Erstflug Junkers F13;DF13MUC;01.01.19;30.06.19;Y43
JUF13;100 Jahre Erstflug Junkers F13;DF13BLN;01.01.19;30.06.19;W22
JUF13;100 Jahre Erstflug Junkers F13;DF13BUD;01.01.19;30.06.19;S44
JUF13;100 Jahre Erstflug Junkers F13;DF13STO;01.01.19;30.06.19;W18
JUF13;100 Jahre Erstflug Junkers F13;DF13PAR;01.01.19;30.06.19;W22
JUH;Johanniter Unfall Hilfe;DA0JUH;01.08.07;;N01
JUH;Johanniter Unfall Hilfe;DF0JUH;01.02.08;;Z01
JUIST14;Internationaler Lighthouseday 2014;DL0PBS;16.08.14;30.08.14;I57
JUPE;Förderung der Jugendarbeit im OV Peine;DL0PE;01.07.15;30.06.16;H20
JUPE;Förderung der Jugendarbeit im OV Peine;DL0PPP;01.07.15;30.06.16;H20
JZR20;20 Jahre VFDB-Z-Rundspruch;DL0DBP;01.11.97;31.12.97;Z41
KA;DARC Distrikt Köln-Aachen;DL0KA;01.01.79;;
KA;DARC Distrikt Köln-Aachen;DL0KAC;28.06.89;;
KA;DARC Distrikt Köln-Aachen;DF0KA;12.06.90;;G26
KA300;300 Jahre Stadt Karlsruhe;DA300KA;01.01.15;31.12.15;A07
KA40NOTTS;40 Jahre Partnerstädte Karlsruhe-Nottingham;DL0KHZ;01.05.09;31.12.09;A07
KARLMAY;170. Geburtstag und 100. Todestag Karl May;DL0HOT;01.02.12;31.03.12;S58
KH2012;25 historische Rahsegler Kurs Haithabu;DL0SX;01.05.12;31.07.12;M13
KIDS;1. SOS Kinderdorf in Sachsen;DM2C;01.05.15;30.04.16;S54
KLEIST200;200 Todestag des Dichters H.v Kleist;DA0FO;04.03.11;31.12.11;Y22
KMK200;200 Jahre Konrad-Max-Kunz (Komponist);DK0RQ;29.04.12;31.12.12;U18
KMS380;100 Jahre Flughafen Chemnitz;DM100CHE;01.05.26;31.05.26;S54
KMU05;Amateurfunkpräsentation;DL0RJ;01.06.05;30.06.05;Z54
KOLPING140;140 Jahre Gründung Kolpingverein;DA0KOLPING;12.02.10;31.12.10;G29
KONZIL;600 Jahre Konzil Konstanz;DL0KB;01.06.14;31.05.15;A01
KP1906;Erstaktivierung Kleiner Preusse in Wremen zum ILLW2021;DL0GM;18.08.21;22.08.21;G07
KP1906;ILLW 2022;DL0GM;18.08.22;17.09.22;G07
KQ5;Erste Clubstation vor 80 Jahren in Kassel;DL0KQ5KS;01.01.07;31.12.07;F12
KQ7;80 Jahre Amateurfunk in Cottbus;DL0CB;01.04.05;31.07.05;Y24
KQ7;80 Jahre Amateurfunk in Cottbus;DK0MV;01.04.05;31.07.05;Y24
KR650;650 Jahre Stadt Krefeld;DL650KR;01.01.23;31.12.23;R06
KR77;77 Jahre OV Krefeld R06;DL77KRE;18.04.24;19.03.25;R06
KRABAT;Krabat-Festspiele Schwarzkollm;DK0HY;08.07.13;21.07.13;S29
KSRP26;Kultursommer Rheinland-Pfalz 2026;DK0MWR;01.05.26;31.10.26;K26
KSRP26;Kultursommer Rheinland-Pfalz 2026;DK0RPO;01.05.26;31.10.26;K26
KT06;Aktivitätstage in Kitzingen;DL0WZ;01.09.06;30.11.06;B18
KTH05;30-igster Deutscher Evangelischer Kirchentag Hannover;DL0TY;01.05.05;30.06.05;H48
KTH05;30-igster Deutscher Evangelischer Kirchentg Hannover;DA0KTH;01.05.05;15.06.05;H48
KWT;Kaiser-Wilhelm-Tunnel Cochem;DN0EMH;01.01.12;31.12.12;K45
KWT;Kaiser-Wilhelm-Tunnel Cochem;DF0COC;01.01.12;31.12.12;K45
KWT;Kaiser-Wilhelm-Tunnel Cochem;DK0MOS;01.01.12;31.12.12;K45
KWT85;Erste Kurzwellentagung vor 85 Jahren in Jena (1926);DL0UJ;01.11.11;31.12.11;X22
KYF36;Funkaktivität Kyffhäuser;DK0BAR;24.07.25;24.08.25;Y36
LAGA02;Landesgartenschau in Wismar;DL0LGA;27.04.02;13.10.02;V13
LAGA03;Landesgartenschau;DL0JT;01.01.03;31.10.03;N41
LAGA03;Landesgartenschau;DK0ATV;01.01.03;31.10.03;N41
LAGA14;Landesgartenschau Zülpich 2014;DL0ERP;16.04.14;15.05.14;G47
LAGA18;Landesgartenschau 2018 in Bad Iburg;DL0ZO;01.06.17;31.05.18;N10
LAGA2010;Landesgartenschau Sachsen-Anhalt in Aschersleben 2010;DL0SWS;01.11.09;31.10.10;W14
LAGA22;Landesgartenschau 2022 Rheinland-Pfalz in Bad Neuenahr-Ahrweiler;DK0AHR;01.11.21;31.10.22;K01
LAGO06;Landesgartenschau Sachsen 2006 in Oschatz;DL0RCO;01.04.06;31.10.06;Z91
LAGO06;Landesgartenschau Sachsen 2006 in Oschatz;DL0COL;01.04.06;31.10.06;Z91
LAGO06;Landesgartenschau Sachsen 2006 in Oschatz;DC0TO;01.04.06;31.10.06;Z91
LAS04;Zweite Landesausstellung Sachsen;DA0TOR;01.05.04;31.10.04;S69
LAT40;40 Jahre OV Lauterbach (F25);DR6F;01.04.07;31.03.08;F25
LAT40;40 Jahre OV Lauterbach (F25);DK0OL;01.04.07;31.03.08;F25
LEDS05;Aktivitäten zum Erntedankfest und rund um St. Kilian;DL0KBL;01.09.05;30.09.05;S32
LEORUT;Umbenennung P24 zu 'Leonberg/Rutesheim';DF0RUT;05.11.20;31.07.21;P24
LEORUT;Umbenennung P24 zu 'Leonberg/Rutesheim';DF0LEO;01.01.21;30.06.21;P24
LG05;Landesgartenschau in Leverkusen;DL0IL;01.01.05;31.12.05;G11
LGN04;Landesgartenschau in Burghausen / Bayern;DF0NDH;24.04.04;31.05.04;X07
LGORB09;Landesgartenschau 2009 in Oranienburg;DL0ORB;01.05.09;31.07.09;Y02
LGS01;Landes Garten Schau;DL0OW;21.04.01;30.09.01;N25
LGS02;Landesgartenschau in Kronach;DL0KC;01.08.02;15.09.02;B21
LGS04;Landesgartenschau in Burghausen / Bayern;DK0OG;01.04.04;31.10.04;C15
LGS04;Landesgartenschau in Burghausen / Bayern;DF0EG;01.04.04;31.10.04;C15
LGS04;Landesgartenschau Sachsen-Anhalt in Zeitz;DL0HZZ;01.04.04;31.10.04;W17
LGS04;Landesgartenschau Sachsen-Anhalt in Zeitz;DK0WM;01.04.04;31.10.04;W17
LGS04;Landesgartenschau in Burghausen / Bayern;DA0INN;01.04.04;31.10.04;C15
LGS08;Landesgartenschau 2008 in Rietberg;DP4D;01.01.08;12.10.08;N47
LGS10;Landesgartenschau in Rosenheim/Bayern;DL0ROS;01.04.10;30.10.10;C14
LGS15;Landes-Gartenschau Thüringen;DC0LGST;01.11.14;31.10.15;X32
LGS16;Landesgartenschau in Bayreuth;DK0BT;22.04.16;09.11.16;B06
LGS2000;Landesgartenschau;DK0RLP;20.04.00;31.12.00;K39
LGS2000;Landesgartenschau;DL0KS;20.04.00;31.12.00;K16
LGS2000;Landesgartenschau;DA0RP;20.04.00;31.12.00;K39
LGS2000;Landesgartenschau;DA0HTW;01.06.00;30.09.00;A25
LGS2000;Landesgartenschau;DA0RP;01.06.00;15.10.00;K39
LGS2008;Landesgartenschau 2008 in Schleswig;DL0SX;01.04.08;31.10.08;M13
LGS2011NO;Landesgartenschau 2011 Norderstedt;DL0NO;01.04.11;31.12.11;E12
LGS2012BA;Landesgartenschau 2012 Bamberg;DL0OB;26.04.12;31.12.12;B05
LGS22;Landesgartenschau Baden Württemberg 2022;DF22LGS;01.11.21;31.10.22;A47
LGS23F;Landesgartenschau Hessen in Fulda;DL0PET;01.04.23;30.09.23;Z55
LGS23F;Landesgartenschau Fulda;DA0FUL;01.05.23;30.11.23;F06
LGS23N;Landesgartenschau NRW 2023 in Höxter;DA0HX;15.04.23;14.10.23;N05
LGS26;Landesgartenschau Neuss 2026;DF0NN;01.08.26;31.10.26;R11
LGS26;Landesgartenschau Neuss 2026;DL0NS;01.08.26;31.10.26;R11
LGS98;Landesgartenschau;DL0NM;25.04.98;04.10.98;U10
LGSF2010;Landesgartenschau Hessen 2010;DL0FH;24.04.10;03.10.10;F17
LGSF2010;Landesgartenschau Hessen 2010;DF0FFH;24.04.10;03.10.10;F17
LGSF2010;Landesgartenschau Hessen 2010;DL0LUK;24.04.10;03.10.10;F17
LGSH06;Landesgartenschau Hessen in Bad Wildungen;DL0BW;01.04.06;31.10.06;F52
LGW06;Landesgartenschau Wernigerode 2006;DL0ELB;01.04.06;08.10.06;W09
LGW06;Landesgartenschau Wernigerode 2006;DF0WR;01.04.06;08.10.06;W09
LH04;Lighthouseday auf Rügen;DL0RUG;13.08.04;27.08.04;V08
LH05;Lighthouse-Weekend;DL0RUG;13.08.05;27.08.05;V08
LH50;50 Jahre DL0LH;DL0LH;01.01.08;31.12.08;E27
LHA15;6. Lippe Hellweg Antennentage 2015;DK0YA;25.05.15;08.06.15;O49
LHDE0060;Lighthouse Station Wustrow;DL0HDF;19.08.10;30.08.10;X46
LHT12;DSW Leuchtturm Aktivitäten 2012;DA0LHT;01.07.12;30.06.13;H54
LIBORI;Liborifest 2015 in Paderborn;DL0PS;19.07.15;02.08.15;N14
LIBORI;Liborifest 2015 in Paderborn;DL0PB;19.07.15;02.08.15;N14
LIBORI09;Liborifest 2009 in Paderborn;DL0PB;01.07.09;31.08.09;N14
LIBORI10;Liborifest 2010 in Paderborn;DL0PB;01.07.10;31.08.10;N14
LIM25;25 Jahre OV Limburgerhof;DK0JZ;03.09.04;30.09.04;K42
LIMES;10 Jahre UNESCO Weltkulturerbe Limes;DL0HG;01.01.15;31.12.15;F11
LIMES;UNESCO-Welterbetag;DR0LIMES;01.04.23;30.06.23;F11
LIMES0;Sonder Aktion in Rheinbrohl im Museum zum UNESCO Tag;DM0LIMES;01.05.25;01.08.25;F11
LIMES3;20 Jahre UNESCO Welterbe LIMES;DM3LIMES;31.05.25;30.06.25;F38
LIO125;125 Jahre Stadtrechte Limbach-Oberfrohna;DK0GNO;01.01.08;31.12.08;S59
LIOBA;verschiedene Contestaktivitäten;DL0PET;15.05.20;14.05.21;Z55
LM1100;1100  Jahre Stadt Limburg;DL0LM;01.01.10;31.12.10;F14
LMM;Leipziger Frühjahrs- und Herbstmesse;DF0LMM;01.03.91;;S37
LMM;Leipziger Frühjahrs- und Herbstmesse;DL0LMM;01.03.91;;S31
LNDW;Lange Nacht der Wissenschaften;DK0TU;10.06.16;24.06.16;D01
LNDW15;Lange Nacht der Wissenschaften;DK0ER;22.10.15;05.11.15;B08
LNDW17;Lange Nacht der Wissenschaften in Erlangen;DK0ER;14.10.17;28.10.17;B08
LNDW19;Lange Nacht der Wissenschaften Erlangen - Nürnberg;DK0ER;01.10.19;31.12.19;B08
LOLLS;Lullusfest Bad Hersfeld;DL0LLS;16.10.16;30.10.16;F69
LOLLS;Lullusfest Bad Hersfeld;DL0LLS;14.10.19;13.11.19;F69
LOLLS;Lullusfest Bad Hersfeld;DL0LLS;12.10.20;26.10.20;F69
LOLLS;Lullusfest Bad Hersfeld;DL0LLS;10.10.21;09.11.21;F69
LOLLS;Lullusfest Bad Hersfeld;DL0LLS;11.10.21;10.11.21;F69
LOLLS;Volksfest Bad Hersfeld;DL0LLS;12.10.25;21.10.25;F69
LR125;125 Jahre Feuerschiff Laesoe Rende;DF0LR;10.01.11;31.12.11;M25
LSV50;50 Jahre Lufthansa Sportverein;DL0LH;01.08.06;31.08.06;E27
LT2013;Messe LinuxTag 2013 in Berlin;DK0CCC;17.05.13;30.05.13;D23
LT30;30 Jahre Clubjubiläum;DL0HV;01.01.05;31.03.05;H13
LUNA;Sonderausstellung LUNAR SAMPLE;DP3LUNA;20.07.11;10.01.12;K03
LUTHER;500 Jahre Reformation;DR5LUTHER;01.01.17;31.12.17;B19
LUTHER;Luther-Jahr;DM5LUTHER;01.01.17;31.12.17;G29
LWL16;Zu Lande, zu Wasser und in der Luft;DA0RC;17.06.16;01.07.16;
LWL16;Zu Lande, zu Wasser und in der Luft;DL0ZZF;17.06.16;01.07.16;
LX60;60 Jahre Saarland-LX-Freundschaft;DA0LUX;01.07.97;31.10.97;Q08
M850;850 Jahre Stadt München;DR8M;01.01.08;31.12.08;C11
M850;850 Jahre Stadt München;DK0MO;01.01.08;31.12.08;C11
M850;850 Jahre Stadt München;DF0MO;01.01.08;31.12.08;C11
MAK50;50 Jahre OV  B03;DF0AZ;01.07.05;30.06.06;B03
MAK55;55 Jahre OV Marktredwitz (B03);DF0AZ;01.04.10;31.03.11;B03
MAK60;60 Jahre OV Marktredwitz (B03);DF0AZ;01.01.15;31.12.15;B03
MAR;Medical Assistance-Radio;DL0MAR;01.09.93;;F35
MAR;Medical-Assistance-Radio;DF0MAR;01.09.93;31.12.99;?
MAUS;Das Clubcall DL0MAUS;DL0MAUS;03.10.22;31.12.22;N18
MC775;775 Jahre Stadt Malchin;DL0LOI;01.02.11;31.12.11;V23
MCM;Marcom Funkverband e.V.;DL0MCM;01.06.96;;V07
MD1200;Nicht näher bezeichnete Aktivitäten;DL0MGB;01.01.05;31.12.05;Z85
MD1200;1200 Jahre Magdeburg;DL0MAG;01.01.05;31.12.05;W05
MD1200;1200 Jahre Magdeburg;DA0MD;01.01.05;31.12.05;W05
MEL500;500. Jahrestag von P. Melanchton;DK0WWB;01.01.97;31.12.97;W29
MEL500;500. Jahrestag von P. Melanchton;DK0WT;01.01.97;31.12.97;A36
MEL500;500. Jahrestag von P. Melanchton;DK0LP;01.01.97;31.12.97;A36
MEL500;500. Jahrestag von P. Melanchton;DL0NB;14.02.97;30.04.97;B11
MEL500;500. Jahrestag von P. Melanchton;DL0NB;01.05.97;31.12.97;B11
MEME24;Meme Appreciation Month III;DF4CEPALM;01.06.24;31.08.24;B04
MEME24;Meme Appreciation Month III;DL0LOL;01.06.24;31.08.24;B04
MEME25;Meme Appreciation Month 2025;DC0NORRIS;01.06.25;01.09.25;B04
MEME25;Meme Appreciation Month 2025;DL0LOL;01.06.25;01.09.25;B04
MEME26;Meme Appreciation Month 2026;DP6SEVEN;01.05.26;31.10.26;B04
MEME26;Meme Appreciation Month 2026;DL0LOL;01.05.26;31.10.26;B04
MF;Vereinigung der funkenden Marinefunker e.V.;DL0MFS;01.05.93;;M03
MF;Vereinigung der funkenden Marinefunker e.V.;DL0MFG;01.05.93;;R27
MF;Vereinigung der funkenden Marinefunker e.V.;DL0MFH;01.05.93;;E13
MF;Vereinigung der funkenden Marinefunker e.V.;DL0MFW;01.05.93;31.12.06;E32
MF;Vereinigung der funkenden Marinefunker e.V.;DL0MFB;01.05.93;;Y15
MF;Vereinigung der funkenden Marinefunker e.V.;DL0MF;01.05.93;;R27
MF;Vereinigung der funkenden Marinefunker e.V.;DL0MFL;01.01.94;;S50
MF;Vereinigung der funkenden Marinefunker e.V.;DL0MFE;01.01.94;;G03
MF;Vereinigung der funkenden Marinefunker e.V.;DK0DAU;01.01.94;31.12.99;?
MF;Vereinigung der funkenden Marinefunker e.V.;DL0DES;01.07.94;;E23
MF;Vereinigung der funkenden Marinefunker e.V.;DL0MFF;01.04.97;;F31
MF;Vereinigung der funkenden Marinefunker e.V.;DL0MFM;01.05.99;;Z73
MF;Vereinigung der funkenden Marinefunker e.V.;DL0MFK;01.05.99;;E32
MF;Vereinigung der funkenden Marinefunker e.V.;DL0EWA;01.12.99;31.12.00;E10
MF;Vereinigung der funkenden Marinefunker e.V.;DL0MOS;01.02.09;;I58
MF;40 Jahre Marinefunkerrunde e. V.;DL40MFR;16.02.17;31.12.17;M03
MF25;25 Jahre MF-Runde;DA0MF;01.01.02;31.12.02;P09
MF40;40 Jahre MF-Runde e.V.;DL0MFM;01.01.17;31.12.17;Z24
MFG5;50 Jahre Sea King MK41 in der deutschen Marine;DM5041MK;24.04.24;21.10.24;D04
MFGF;Marinefunker auf Schulschiff "Gorch Fock";DA0GF;01.04.98;01.04.99;H44
MH*;Messe Hannover;DL0MH;03.04.65;31.12.04;Z08
MIT800;800 Jahre Mittweida;DK0MIT;01.01.09;30.04.09;S44
MIT800;800 Jahre Mittweida;DK0MIT;01.06.09;31.08.09;S44
MIT800;800 Jahre Mittweida;DK0MIT;01.10.09;31.12.09;S44
MKF07;Museum Komunikation Frankfurt;DL0MKF;01.01.07;31.12.07;Z60
MKF07;Museum Komunikation Frankfurt;DR2Z;01.01.07;31.12.07;Z60
MKF08;Museum Komunikation Frankfurt;DR2Z;01.01.08;31.12.08;Z60
MKF08;Museum Komunikation Frankfurt;DL0MKF;01.01.08;31.12.08;Z60
MKF09;Museum Komunikation Frankfurt;DR2Z;01.01.09;31.12.09;Z60
MKF09;Museum Komunikation Frankfurt;DL0MKF;01.01.09;31.12.09;Z60
MKF10;Museum Komunikation Frankfurt;DR2Z;01.01.10;31.12.10;Z60
MKF10;Museum Komunikation Frankfurt;DL0MKF;01.01.10;31.12.10;Z60
MKF11;Museum Komunikation Frankfurt;DL0MKF;01.01.11;31.12.11;Z60
MKF11;Museum Komunikation Frankfurt;DR2F;01.02.11;31.12.11;Z60
MKF12;Museum Komunikation Frankfurt;DL0MKF;01.01.12;31.12.12;Z60
MKO;Museumseisenbahn Küstenbahn Ostfriesland;DL0OF;26.01.22;25.01.23;F43
MLS;500 Jahre Reformation Schmalkalden;DC500LS;01.01.17;31.12.17;X32
MMSN;IG NautiCom - das deutsche maritim mobile Servicenetz;DK0NC;01.01.14;31.12.14;K27
MMSN;IG NautiCom - das deutsche maritim mobile Servicenetz;DK0NC;01.01.15;31.01.15;K27
MOF200;200. Münchner Oktoberfest;DF0MOF;01.08.10;31.12.10;C11
MORSE;150 Jahre Morsealphabet;DF0ACW;01.07.94;31.12.94;F09
MORSE;150 Jahre Morsealphabet;DK0AG;01.07.94;31.12.94;I19
MORSE;150 Jahre Morsealphabet;DL0DA;01.07.94;31.12.94;S06
MORSE;150 Jahre Morsealphabet;DF0AGC;01.07.94;31.12.94;H63
MORSE;220. Geburtstag S.F.B. Morse;DA2MORSE;01.01.11;31.12.11;Z92
MORSE;225. Geburtstag Samuel Morse;DM0MORSE;01.03.16;31.12.16;S65
MPK;Museumsstiftung Post und Telekommunikation;DL0DPM;01.05.00;;F05
MPK;Museumsstiftung Post und Telekommunikation;DF0DPM;01.05.00;31.12.07;F05
MRR;Military-Radio-Runde;DL0MRR;01.05.09;30.04.10;S65
MUC05;Flugplatz München-Riem (MUC) jetzt Parklandschaft - BUGA2005;DF0AGP;28.04.05;09.10.05;C18
MUC05;Flugplatz München-Riem (MUC) jetzt Parklandschaft - BUGA2005;DF0AR;28.04.05;09.10.05;C18
MUC05;Flugplatz München-Riem (MUC) jetzt Parklandschaft - BUGA2005;DL0SZ;28.04.05;09.10.05;C34
MUC05;Flugplatz München-Riem (MUC) jetzt Parklandschaft - BUGA2005;DK0MO;28.04.05;09.10.05;C11
MUC05;Flugplatz München-Riem (MUC) jetzt Parklandschaft - BUGA2005;DF0MH;28.04.05;09.10.05;C34
MUC05;Flugplatz München-Riem (MUC) jetzt Parklandschaft - BUGA2005;DF0OM;28.04.05;09.10.05;C18
MUC05;Flugplatz München-Riem (MUC) jetzt Parklandschaft - BUGA2005;DB0MH;28.04.05;09.10.05;C34
MUC05;Flugplatz München-Riem (MUC) jetzt Parklandschaft - BUGA2005;DL0MCH;28.04.05;09.10.05;C13
MUC05;Flugplatz München-Riem (MUC) jetzt Parklandschaft - BUGA2005;DK0TGG;28.04.05;09.10.05;C18
MUC05;Flugplatz München-Riem (MUC) jetzt Parklandschaft - BUGA2005;DL0SA;28.04.05;09.10.05;C12
MUC05;Flugplatz München-Riem (MUC) jetzt Parklandschaft - BUGA2005;DK0MN;28.04.05;09.10.05;C12
MUC05;Flugplatz München-Riem (MUC) jetzt Parklandschaft - BUGA2005;DF0MO;28.04.05;09.10.05;C11
MUC05;Flugplatz München-Riem (MUC) jetzt Parklandschaft - BUGA2005;DF0LM;28.04.05;09.10.05;C09
MUC05;Flugplatz München-Riem (MUC) jetzt Parklandschaft - BUGA2005;DF0BI;28.04.05;09.10.05;C12
MUC05;Flugplatz München-Riem (MUC) jetzt Parklandschaft - BUGA2005;DK0JVA;28.04.05;09.10.05;C01
MUC05;Flugplatz München-Riem (MUC) jetzt Parklandschaft - BUGA2005;DL0MW;28.04.05;09.10.05;C13
MUC05;Flugplatz München-Riem (MUC) jetzt Parklandschaft - BUGA2005;DL0APJ;28.04.05;09.10.05;C01
MUC05;Flugplatz München-Riem (MUC) jetzt Parklandschaft - BUGA2005;DB0HY;28.04.05;09.10.05;C01
MUC05;Flugplatz München-Riem (MUC) jetzt Parklandschaft - BUGA2005;DL4MCA;28.04.05;09.10.05;C09
MUC05;Flugplatz München-Riem (MUC) jetzt Parklandschaft - BUGA2005;DA5UI;28.04.05;09.10.05;C01
MUC05;Flugplatz München-Riem (MUC) jetzt Parklandschaft - BUGA2005;DK0BRK;28.04.05;09.10.05;C12
MUF06;Museumsuferfest 2006 in Frankfurt/Main;DR2F;01.05.06;31.07.06;F05
MUF07;Museumsuferfest 2007 in Frankfurt/Main;DR2F;01.05.07;30.09.07;F05
MUF08;Museumsuferfest 2008 in Frankfurt/Main;DR2F;01.05.08;31.08.08;F05
MUF09;Museumsuferfest 2009 in Frankfurt/Main;DR2F;01.05.09;31.08.09;F05
MUF10;Museumsuferfest 2010 in Frankfurt/Main;DR2F;01.05.10;30.09.10;F05
MVP;DARC Distrikt Mecklenburg-Vorpommern;DL0MVP;01.01.91;;V07
MVP;1000 Jahre Mecklenburg;DA0TJM;01.01.95;31.12.95;V06
MVP;Mecklenburg-Vorpommern;DR89WARD;15.04.14;25.04.14;V11
MVT;Ausstellungsstation im Museum für Verkehr und Technik;DL0MVT;01.11.94;30.03.26;D12
MW62;Messe in Wächtersbach;DK0AJ;01.04.10;31.05.10;F51
MW64;Messe in Wächtersbach;DK0AJ;01.05.12;31.05.12;F51
MX310;Motocross-WM 2010 in Schwedt/Oder;DL0PCK;23.07.10;31.08.10;Y19
NACL06;Steinsalz aus dem Bergwerk Grasteben;DC0GL;19.06.06;02.07.06;H24
NB775;775 Jahre Stadt Neubrandenburg;DM775NB;06.03.23;31.12.23;V22
NBG950;950 Jahre Nürnberg;DL0NB;01.01.00;31.12.00;B11
NBG950;950 Jahre Nürnberg;DK0NY;01.01.00;31.12.00;B11
NBG950;950 Jahre Nürnberg;DK0NO;01.01.00;31.12.00;B11
NBG950;950 Jahre Nürnberg;DF0BB;01.02.00;31.12.00;B25
NBG950;950 Jahre Nürnberg;DL0NF;01.02.00;31.12.00;B25
NBG950;950 Jahre Nürnberg;DK0NF;01.02.00;31.12.00;B25
ND;DARC Distrikt Nordsee;DL0ND;01.01.79;;I52
ND;DARC Distrikt Nordsee (Presse und Rundspruchreferat);DL0RND;01.03.90;;I18
ND;DARC Distrikt Nordsee;DB0RND;01.01.91;09.12.18;I02
ND50;50 Jahre Distrikt Nordsee;DB0RND;01.01.98;31.12.98;I02
ND50;50 Jahre Distrikt Nordsee;DL0ND;01.01.98;31.12.98;I51
ND50;50 Jahre Distrikt Nordsee;DL0RND;01.01.98;31.12.98;I36
ND50;50 Jahre Distrikt Nordsee;DA0ND;01.01.98;31.12.98;I07
ND50;50 Jahre Distrikt Nordsee;DL0NYL;01.01.98;31.12.98;I17
NDS;Tag der Niedersachsen 2008 in Winsen;DP5P;10.01.08;31.12.08;E33
NDS;Tag der Niedersachsen 2008 in Winsen;DL0HWL;10.01.08;31.12.08;E33
NDS50;50 jähriges Bestehen des Bundeslandes Niedersachsen;DA0NDS;01.09.96;31.08.97;H63
NDS50;50 jähriges Bestehen des Bundeslandes Niedersachsen;DA0RG;01.09.96;31.08.97;H63
NFB;Notfunkgruppe Distrikt Y;DK0NFB;15.11.07;30.04.08;Y43
NM850;850 Jahre Stadt Neumarkt i.d.Opf.;DL0NM;01.01.10;31.12.10;U10
NO50KA;50 Jahre Partnerstädte Karlsruhe-Nottingham 2019;DL0KHZ;01.04.19;31.12.19;A07
NOBEL;100 Jahre Nobelpreis Braun & Marconi;DL0PFB;09.12.09;10.12.09;E10
NOK2012;117. Geburtstag Nord-Ostsee-Kanal;DL0FJ;15.01.12;31.12.12;M12
NORS17;Nord-Ostsee-Rundspruch 2017;DF0LO;01.01.17;31.12.17;M30
NOTB;Notfunk Distrikt B;DL0NFB;01.04.26;;J00
NOTC;Notfunkreferat des Distriktes C;DL0NFB;01.01.13;26.07.15;C12
NOTC;Notfunkreferat des Distriktes C;DL0NFC;28.07.15;;C01
NOTD;Notfunkgruppe des Distriktes Berlin (D);DA0EC;01.08.08;31.10.17;D01
NOTD;Notfunkreferat Distrikt D;DL0NFD;29.04.16;;D01
NOTF;Notfunkreferat des Distriktes "F";DL0NOT;01.01.05;;F55
NOTF;Notfunk Distrikt Hessen (F);DL0NFH;14.11.12;;F43
NOTG;Notfunk Distrikt Köln-Aachen (G);DL0IL;10.04.12;;G11
NOTH;Notfunkrufzeichen des Distriktes H Niedersachsen;DK0NFH;01.07.20;;H19
NOTI;Notfunk Distrikt Nordsee;DL0NFI;20.05.25;31.12.27;
NOTK;Akademie für Krisenmanagement, Notfallplanung und Zivilschutz;DL0KSB;14.11.11;31.12.15;K01
NOTO;Distrikt Westfalen-Süd - Referat Notfunk;DL0NWS;23.08.23;;O08
NOTRUF112;35 Jahre Notrufnummer 112;DO0KAT;01.09.08;30.09.08;H08
NOTU;Notfunkreferat des Distriktes U;DL0NFU;10.10.15;;
NOTW;Notfunkreferat Distrikt W;DL0NSA;01.09.16;04.11.20;
NOTY;Notfunkgruppe Distrikt Y;DK0NFB;01.05.08;;Y43
NRW2010;NRW-Tag 2010 Siegen;DL0DFS;01.08.10;30.09.10;O55
NRW50;50 Jahre Bundesland Nordrhein-Westfalen;DF0NRW;01.01.96;31.12.97;L03
NRW50;50 Jahre Bundesland Nordrhein-Westfalen;DA0KA;01.01.96;31.12.97;G26
NRW50;50 Jahre Bundeslandes Nordrhein-Westfalen;DA0NRW;01.01.96;31.12.97;O52
NRW50;50 Jahre Bundeslandes Nordrhein- Westfalen;DK0NRW;01.01.96;31.12.97;R15
NRW50;50 Jahre Bundeslandes Nordrhein-Westfalen;DL0NRW;01.01.96;31.12.97;N38
NRW50;50 Jahre Bundeslandes Nordrhein-Westfalen;DB0NRW;01.01.96;31.12.97;G26
NWK06;Aktivitäten auf der Insel Neuwerk;DF0TM;20.04.06;24.04.06;I23
OA;Olympiade in DL 1972 (Olympiastadt Augsburg);..0..;01.03.72;31.12.72;
OBERURSEL;Hessentag 2011 in Oberursel;DL0HG;01.07.10;30.06.11;F11
OBW;625 Jahre Stadt Oberweißbach;DL0OBW;01.01.95;31.12.95;X38
OC70;70 Jahre Amateurfunk in Oschersleben/Bode;DK0ZG;01.01.25;31.12.25;W12
OEKU;Oekumene;DL0OEK;01.03.13;28.02.14;B36
OEKU;Oekumene;DL0OEK;01.03.14;;B36
OGAU2010;Oberammergauer Passionsspiele 2010;DL0GAP;15.05.10;03.10.10;C03
OGAU2010;Oberammergauer Passionsspiele 2010;DF0H;15.05.10;03.10.10;C03
OK;Olympiade in DL 1972 (Olympiastadt Kiel);..0..;01.03.72;31.12.72;
OL900;900 Jahre Stadt Oldenburg;DM9CCOL;01.02.08;31.12.08;I11
OLH1;Oland Lighthouse Aktivierung;DF0WFB;17.08.07;20.08.07;H36
OM;Olympiade in DL 1972 (Olympiastadt München);..0..;01.03.72;31.12.72;
OMLL50;50 Jahre THW Ortsverband Melle;DN0MEL;26.06.15;10.07.15;I12
OMRT;UNESCO Welterbe Oberes Mittelrheintal;DK0MRT;09.03.23;08.03.24;K15
OMRT;UNESCO-Welterbe Oberes Mittelrheintal;DK0MRT;08.03.24;;K15
OSTSEE;Ostseerundspruch;DF0LO;01.11.14;31.10.15;M07
OSTSEE;Ostseerundspruch;DF0LO;15.11.15;14.11.16;M07
OTTO1K;Kaiser-Otto-Ausstellung Magdeburg 2012;DA0TTO;01.12.11;30.11.12;W05
OUI21;110 Jahre Baubeginn Überseesender Eilvese;DL0OUI;01.06.21;30.11.21;H35
OWD30;30 Jahre Ochsenweg-Diplom;DF0SH;01.04.23;31.12.23;M00
OWS26;Olympische Winterspiele 2026;DD2026OWG;01.02.26;01.03.26;
PAPST;Papstbesuch in Paderborn;DL0PB;21.06.96;23.06.96;N14
PAPST2011;Besuch des Papstes in Thüringen und im Eichsfeld;DF0WBS;01.08.11;31.10.11;X14
PAPST2011;Besuch des Papstes in Thüringen und im Eichsfeld;DL0GME;01.08.11;31.10.11;X14
PAX2005;Weltjugendtag in Köln;DL0STA;01.09.04;31.12.04;G52
PAX2005;Weltjugendtag in Köln;DK0SG;01.09.04;31.12.04;G52
PAX450;450-ster Jahrestag des "Augsburger";DL0AU;01.02.05;31.10.05;T01
PAX450;450-ster Jahrestag des Augsburger;DL0JRT;08.02.05;31.10.05;T01
PAX450;450-ster Jahrestag des Augsburger;DF0SI;08.02.05;31.10.05;T01
PB2006;Papst Besuch in Regensburg 2006;DL0RA;01.09.06;30.09.06;U13
PB2006;Papst Besuch in Regensburg 2006;DR06PAPST;01.09.06;30.09.06;U13
PCK40;40 jähriges Jubiläum der Funkamateure in Schwedt;DL0PCK;01.10.04;31.12.04;Y19
PEACE65;65 Jahre Frieden;DA0TOR;01.04.10;09.05.10;S69
PELL26;IOTA Aktivität Pellworm 2026;DD4U;01.09.26;31.10.26;A22
PF13ZN;Pfingstfieldday 2013 DOK Z&N in Münster;DL0MR;17.05.13;31.05.13;Z14
PF13ZN;Pfingstfieldday 2013 DOK Z&N in Münster;DA0MS;17.05.13;31.05.13;N13
PF13ZN;Pfingstfieldday 2013 DOK Z&N in Münster;DK0MU;17.05.13;31.05.13;N13
PF13ZN;Pfingstfieldday 2013 DOK Z&N in Münster;DF0ZFM;17.05.13;31.05.13;Z14
PIFEST;Stadtfest Pinneberg;DK0PI;17.05.12;16.09.12;E15
PLANET;Jahresjubiläum des Planetariums "Galileum" in Solingen;DL0SO;01.12.20;30.11.21;R14
PN;Peilgruppe Neandertal;DR9P;01.11.07;31.10.08;R09
POWS26;Winter Paralympics 2026 (I);DD2026WPG;01.03.26;01.04.26;J00
PRL;Funkaktivität Pater Roberto Landell de Moura;DK0PRL;01.01.94;31.12.94;O41
PRL;Pater Roberto Landell;DK0PRL;01.02.23;31.01.24;O41
PRL;Pater Roberto Landell;DL0PRL;01.02.23;31.01.24;O41
PRL;Pater Roberto Landell;DK0PRL;01.02.24;;O41
PRL;Pater Roberto Landell;DL0PRL;01.02.24;;O41
PUCK2010;Eishockeyweltmeisterschaft 2010;DL0CA;07.04.10;23.06.10;G10
QCWA;Aktivitäten von der Quarter Century Wireless Association;DK0QCW;01.12.05;;E30
QCWA;Aktivitäten von der Quarter Century Wireless Association;DL0QCW;01.01.08;;I36
QCWA08;Förderung der Quarter Century Wireless Association;DA0QC;01.01.08;31.12.08;I21
QCWA09;Förderung der Quarter Century Wireless Association;DA0QC;01.01.09;31.12.09;I21
QCWA10;Förderung der Quarter Century Wireless Association;DA0QC;01.01.10;31.12.10;I21
QCWA11;Unterstützung QCWA- DL;DA0QC;01.01.11;31.12.11;I21
QCWA12;QCWA Chapter 106;DA0QC;01.01.12;30.06.12;I21
QRP;Deutsche Sektion des G-QRP-Clubs;DL0VLP;01.10.96;;
QRP;QRP-Club;DK0VLP;01.05.04;;H24
QRPFG05;QRP-Fieldday in Grasteben;DC0GL;03.09.05;06.09.05;H24
RA;DARC Distrikt Bayern-Ost;DL0RA;01.01.79;31.07.85;
RADSPORT;Radsportler mit StoppOmat auf dem Hohen Meissner;DL0WMK;01.07.10;31.05.11;F10
RAG;IG funkender Bergbauangehöriger;DL0RAG;01.01.95;;
RAN;Reservisten Arbeitsgemeinschaft Notfunk;DL0RAN;01.01.11;31.12.11;K06
RAN5;5 Jahre Reserv. Arbeitsgem. Notfunk;DL0RAN;01.01.12;31.12.12;K06
RBY05;IG Amateurfunk mit Computer;DK0RBY;15.07.05;31.12.05;D06
RBY06;IG Amateurfunk mit Computer;DK0RBY;01.02.06;31.12.06;D06
RDP;Ring Deutscher Pfadfinder;DL0VCP;01.01.95;;
RDP;Ring Deutscher Pfadfinder;DF0GSN;01.01.95;05.06.02;R32
RDP;Ring Deutscher Pfadfinder;DF0VCP;01.01.95;;I18
RDP;Ring Deutscher Pfadfinder;DL0BDP;01.01.95;;I36
RDP;Ring Deutscher Pfadfinder;DK0VCP;01.01.95;;I18
RDP;Ring Deutscher Pfadfinder;DK0BS;01.06.95;16.11.20;B01
RDP;Ring Deutscher Pfadfinder;DL0HMS;01.06.95;;
RDP;Ring Deutscher Pfadfinder;DF0CP;01.06.95;;I18
RDP;Ring Deutscher Pfadfinder;DL0AVH;01.07.95;;D06
RDP;Ring Deutscher Pfadfinder;DL0UMK;01.11.95;;
RDP;Ring Deutscher Pfadfinder;DF0GBS;01.11.95;;T19
RDP;Ring Deutscher Pfadfinder;DB0GSN;01.01.97;31.07.17;R32
RDP;Ring Deutscher Pfadfinder;DL0SFS;01.07.97;;P06
RDP;Internationales Treffen der Pfadfinder;DA0ERS;19.06.03;22.06.03;I18
RDP;Ring Deutscher Pfadfinder;DL0JAM;29.07.05;;P39
RDP;Ring Deutscher Pfadfinderverbände;DP9S;01.04.07;31.12.26;F42
RDP;Ring Deutscher Pfadfinder;DF0GSN;01.01.12;;R32
RE1000;1000 Jahre Stadt Recklinghausen;DL0CRE;01.01.17;31.12.17;N18
REF500;Reformationsjubiläum;DL0OEK;01.03.17;31.10.17;B26
RHODO06;Rhododendron Austellung in Westerstede;DL0ZA;01.03.06;31.05.06;I01
RIA25;RIA;DL0OMR;01.05.00;30.04.01;P51
RIA25;RIA;DF0CZR;01.05.00;30.04.01;K33
RIA25;RIA;DL0SZP;01.05.00;30.04.01;H39
RIA25;RIA;DF0BS;01.05.00;30.04.01;S34
RIA25;RIA;DL0KGN;01.05.00;30.04.01;H61
RIA25;RIA;DK0SOM;01.05.00;30.04.01;H39
RIA25;RIA;DL0FKG;01.05.00;30.04.01;H10
RIA25;RIA;DL0RSW;01.05.00;30.04.01;H10
RIA25;Red Ink Award;DA0RIA;01.05.00;30.04.01;E04
RIA25;RIA;DL0BOB;01.05.00;30.04.01;T06
RIA25;RIA;DL0IKT;01.05.00;30.04.01;S01
RIA25;RIA;DK0KTL;01.05.00;30.04.01;X20
RIA25;RIA;DL0MMG;01.05.00;30.04.01;G50
RIA25;RIA;DF0HH;01.05.00;30.04.01;E04
RIA25;RIA;DL0ERS;01.05.00;30.04.01;P17
RIA25;25 Jahre RIA;DF0GS;01.08.00;30.04.01;A06
RIA25;Red Ink Award;DL0WPX;01.10.00;30.04.01;F12
RIA25;25 Jahre Red Ink Award;DF0DSS;01.12.00;30.04.01;B37
RIA25;Red Ink Award;DL0MUE;01.03.01;30.04.01;Y31
RIC19;Rotary International Convention 2019 in Deutschland;DL19RIC;15.01.19;05.06.19;H02
RIDE4KIDS;Charity-Tour der Bundesstiftung Kinderhospiz;DK0IT;01.07.10;31.07.10;G27
RIK05;Geschichte der Industriekultur im Ruhrgebiet;DR0N;01.12.05;31.12.05;N19
RIK06;Geschichte der Industriekultur im Ruhrgebiet;DR0N;15.11.06;17.12.06;N19
RIK07;Geschichte der Industriekultur im Ruhrgebiet;DR0N;01.11.07;31.12.07;N19
RIK09;Geschichte der Industriekultur im Ruhrgebiet;DF0BUA;01.11.09;31.12.09;O52
RIK10;Route Industriekultur Ruhrgebiet;DL0WER;01.09.10;31.12.10;O46
RIK11;Route Industrie-Kultur 2011;DR0N;15.11.11;31.12.11;O52
RIK12;Route Industriekultur 2012;DQ0A;15.11.12;14.12.12;O02
RIK12;Route Industriekultur 2012;DR0R;15.11.12;14.12.12;O02
RKT50;50 Jahre Radio Klub Torgau;DM50TOR;01.03.14;28.02.15;S69
RLPT05;22. Rheinland-Pfalz-Tag;DL0LR;01.06.05;30.06.05;K05
RLPT15;Rheinland-Pfalz-Tag-2015;DF0LS;01.06.15;30.06.15;K39
RLPT15;Rheinland-Pfalz-Tag-2015;DL0FCK;01.06.15;30.06.15;K39
RLPT15;Rheinland-Pfalz-Tag-2015;DL0WPF;01.06.15;30.06.15;K39
RLPTAG09;Rheinland-Pfalz Tag 2009;DL0K;01.07.09;30.09.09;K45
RLPTAG09;Rheinland-Pfalz Tag 2009;DM0K;01.07.09;30.09.09;K45
RMCHAM;Klubstation im Rundfunkmuseum Cham;DL0RMC;01.05.17;30.04.18;U03
RMCHAM;Rundfunkmuseum Cham Klubstation;DL0RMC;21.05.18;;U03
ROD1K;Jubiläumsjahr 1000 Jahre Gemeinde Rodenbach;DA1000ROD;01.04.25;30.09.25;F65
RP;DARC Distrikt Rheinland-Pfalz;DL0RP;01.01.79;;K46
RP;DARC Distrikt Rheinland-Pfalz;DA0RP;01.06.99;;K39
RP;DARC Distrikt Rheinland-Pfalz;DF0RLP;01.06.99;;K39
RP;DARC Distrikt Rheinland-Pfalz;DK0RLP;01.06.99;;K39
RP;DARC Distrikt Rheinland-Pfalz;DM0K;01.07.06;;K39
RP;DARC Distrikt Rheinland-Pfalz;DL0K;01.01.20;;K54
RP50;50 Jahre Rheinland Pfalz;DL0RP;30.04.96;07.01.98;K46
RP50;50 Jahre Rheinland-Pfalz;DA0RP;30.04.96;07.01.98;K39
RP50;50 Jahre Rheinland Pfalz;DF0RPJ;30.04.96;07.01.98;K28
RP50;50 Jahre Rheinland Pfalz;DF0RLP;30.04.96;07.01.98;K39
RP50;50 Jahre Rheinland Pfalz;DK0RLP;30.04.96;07.01.98;K39
RPT2010;Rheinland-Pfalz Tag 2010 in Neustadt;DF0NW;01.06.10;30.06.10;K13
RPT2010;Rheinland-Pfalz Tag 2010 in Neustadt;DL0EMN;01.06.10;30.06.10;K13
RPT2010;Rheinland-Pfalz Tag 2010 in Neustadt;DL0NW;01.06.10;30.06.10;K13
RRDX60;60 Jahre RRDXA;DL60RRDXA;16.02.24;31.12.24;F75
RRDXA;Rhein Ruhr DX Association;DR0R;10.02.07;09.02.08;O52
RRDXA;Rhein Ruhr DX Association;DQ0A;10.02.07;09.02.08;O52
RRDXA;Rhein Ruhr DX Association;DL40RRDXA;01.03.07;29.02.08;N01
RRDXA;Rhein Ruhr DX Association;DA0RR;16.09.22;15.09.23;F27
RRDXA;Rhein Ruhr DX Association Clubcall;DA0RR;16.09.23;;F27
RS150;150. Todestag Robert Schumann Komponist aus Zwickau;DK0JRS;01.01.06;31.12.06;S60
RS200;200. Geburtstag Robert Schumann;DK0JRS;01.03.10;31.12.10;S60
RSHKT09;Radio Schleswig Holstein Kindertag 2009;DL0RSH;01.03.09;31.08.09;M27
RSHKT09;Radio Schleswig Holstein Kindertag 2009;DF0DE;01.03.09;31.08.09;M27
RSV;RSV e.V. Rundspruchstation Standort Ilmenau;Y61RSV;03.10.90;31.12.90;
RTA;Vorführungen im münchner Casino der Finanzämter;DK0MN;07.01.96;31.01.96;C12
RTA;Vorführungen zum Tag der offenen Türe Berufsschule Kehlheim;DA0BSK;04.03.96;29.03.96;U13
RTA;25. Hörerwettbewerb des Distriktes Brandenburg;DF0UM;01.04.96;30.04.96;Y16
RTA;Landesgartenschau in Lünen;DL0LGS;01.04.96;31.10.96;
RTA;Landesgartenschau in Lünen;DL0LX;01.04.96;31.10.96;
RTA;800 Jahrfeier in der Stadt Gifhorn;DF0GIF;01.05.96;14.05.96;H08
RTA;Vorführungen zu Amateurfunk und Jugendarbeit in Herford;DK0HF;04.05.96;19.05.96;N08
RTA;50 Jahre OV: P 02 - Esslingen;DF0ES;14.06.96;13.07.96;P02
RTA;50 Jahre OV: P 02 - Esslingen;DA0ES;14.06.96;13.07.96;P02
RTA;50 Jahre OV: P 02 - Esslingen;DK0ES;14.06.96;13.07.96;P02
RTA;Afu-Vorführungen;DL0HRB;22.06.96;23.06.96;
RTA;Vorführungen zum Bürgerfest in Waldsassen;DA0CW;06.07.96;21.07.96;U23
RTA;Vorführungen zum Bürgerfest in Waldsassen;DF0RM;06.07.96;21.07.96;U23
RTA;Vorführungen zum Bürgerfest in Waldsassen;DF0STL;06.07.96;21.07.96;U23
RTA;Vorführungen zum Bürgerfest in Waldsassen;DA0CW;07.09.96;22.09.96;U23
RTA;Vorführungen zum Bürgerfest in Waldsassen;DF0RM;07.09.96;22.09.96;U23
RTA;Vorführungen zum Bürgerfest in Waldsassen;DF0STL;07.09.96;22.09.96;U23
RTA;Afu-Vorführungen;DL0HRB;12.10.96;13.10.96;
RTA;Runder Tisch Amateurfunk;DL0RTA;01.02.99;;
RTC;Förderung CW;DL0RTC;01.05.02;;W26
RTC;Förderung CW;DK0RTC;01.05.02;;W26
RUETH07;Ruethenfest in Landsberg;DF0LT;01.06.07;31.08.07;C21
RUETH11;Ruethenfest in Landsberg;DA0LL;01.06.11;30.09.11;C21
RUETH11;Ruethenfest in Landsberg;DF0LT;01.06.11;30.09.11;C21
RUHR2010;Metropole Ruhr Kulturhauptstadt Europas 2010;DR2010O;01.01.10;31.12.10;O52
RUHR2010;Metropole Ruhr Kulturhauptstadt Europas 2010;DR2010N;01.01.10;31.12.10;N01
RUHR2010;Metropole Ruhr Kulturhauptstadt Europas 2010;DR2010L;01.01.10;31.12.10;L15
RY100;100 Jahre Funkfernschreiben;DR100RY;08.09.22;07.03.23;L06
S1;DL-Treffen Coburg 1957;s.Bem.;03.08.57;03.08.57;
SAAR50;50 Jahre Distrikt Saar;DA0SAR;01.01.01;31.12.01;Q18
SAAR50;50 Jahre Distrikt Saar;DL0SD;01.01.01;31.12.01;Q18
SAIL20;Sail 2020;DO0BHV;01.08.20;31.08.20;I05
SAMBA;Samba-Festival Coburg;DL0CG;01.07.14;31.07.14;B19
SAMBA;Samba-Festival Coburg 2015;DL0CG;01.07.15;31.07.15;B19
SAMBA;Samba-Festival Coburg 2016;DL0CG;01.07.16;31.07.16;B19
SAMBA;Das größte Sambafestival ausserhalb Brasiliens;DL0CG;01.06.23;31.08.23;B19
SAR;DARC Distrikt Saar;DF0SAR;01.08.78;31.12.78;Z19
SAR40;40. Jahrestag im Bundesland Saar;DA0SAR;01.01.97;31.12.97;Q18
SAT08;Sachsen-Anhalt-Tag 08;DL0MER;01.06.08;30.06.08;W21
SAT14;Sachsen-Anhalttag 2014;DF0WR;01.06.14;31.07.14;W09
SAX;DARC Distrikt Sachsen;DL0SAX;01.05.92;;S36
SAX;Festwochen der Leipziger Oper;DA0PER;01.04.93;31.07.93;S37
SAX;Aktivitätswochen in Sachsen;DL0GEL;05.05.94;23.05.94;S22
SAX;Aktivitätswochen;DB0BED;01.07.94;30.09.94;?
SAX;Afu - Treffen Distrikt Sachsen;DL0ZWI;17.09.94;17.09.94;S60
SAX;Aktivitäten in Sachsen;DK0SAX;01.05.95;;S37
SAX;Vorführungen Westsachsen-Schau;DL0ZWI;01.06.95;28.06.95;S60
SAX;700 - Jahrfeier in Moritzburg;DL0DRL;01.06.95;30.06.95;S06
SAX;Landesgartenschau im sächsischen Lichtenstein;DA0LGS;26.04.96;13.10.96;S52
SAX;800 Jahrfeier in Erdmannsdorf;DL0FBG;14.06.96;23.06.96;S44
SAX;Stadtfeier 100 Jahre Vereinigung Hohenstein mit Ernstthal;DL0HOT;15.06.98;21.06.98;S58
SBB;Aktivierung Denkmal Schlossberg Biesenthal;DA0SBB;09.09.23;08.09.24;Y14
SBK800;800 Jahre Stadt Schönebeck;DR800SBK;06.03.23;31.12.23;W36
SCH2007;einjähriges Bestehen OV Schwalmtal (R34);DA0R;26.01.08;31.12.08;R34
SD;DARC Distrikt Saar;DL0SD;01.01.79;;
SEMPFT;150 Jahre Wärschtlamoo in Hof;DL0HOF;01.04.21;31.12.21;B09
SEMPFT;150 Jahre Wärschtlamoo in Hof;DL0HX;01.04.21;31.12.21;B09
SEMPFT;150 Jahre Wärschtlamoo in Hof;DH0F;01.04.21;31.12.21;B09
SES;Referat DX Team SES;DK0SES;04.12.25;;J00
SFL07;Sommerfieldday 2007 OV Ludwigslust;DK0LWL;23.07.07;05.08.07;V28
SFL08;Sommerfieldday 2008 OV Ludwigslust;DK0LWL;21.07.08;03.08.08;V28
SFT1200;1200 Jahre Staßfurt;DL0SWS;01.04.06;30.06.06;W14
SG2015;Seligenstädter Geleit 2015;DK0RA;01.01.15;31.12.15;F38
SG2019;Geleitsfest 2019;DK0RA;01.01.19;31.12.19;F38
SG2023;Seligenstädter Geleitsfest 2023;DL0SEL;01.03.23;30.11.23;F38
SH;DARC Distrikt Schleswig-Holstein;DL0SH;01.01.79;;
SH;DARC Distrikt Schleswig-Holstein;DF0SH;11.11.25;;
SH50;50 Jahre Schleswig-Holstein;DF0DE;03.02.97;16.02.97;M27
SHF;DARC UHF/SHF-Gruppe der Distrikte E und M;DL0SHF;28.10.79;;
SIXD12;87. Enduro Six Days in Deutschland;DP87SIXD;01.09.12;30.09.12;S45
SK;Silent Key DL5QE, Martin Hengemühl;DQ0E;01.04.14;31.03.15;N32
SKCC;Werbung für das Morsen mit mechanischen Tasten;DL0SKCC;01.11.18;31.10.19;I16
SKI26;Skiflug WM 2026;DA2026SKI;15.01.26;15.02.26;J00
SL100;100. Geburtstag Siegfried Lenz;DA100LENZ;01.03.26;31.08.26;E15
SOFE05;Sommerfest H24;DC0GL;04.07.05;10.07.05;H24
SOFE05;Sommerfest H24;DO0AWG;04.07.05;10.07.05;H24
SOP01;Sea of Peace;DL0SOP;01.07.01;31.07.01;V06
SOP02;Sea of Peace;DL0SOP;01.07.02;31.07.02;V06
SOP03;"Sea of Peace" Aktivitäten;DL0SOP;01.07.03;31.07.03;V06
SOP04;Aktivität "Sea of Peace" 2004;DL0SOP;01.07.04;31.07.04;V06
SOP05;Sea of Peace Aktivitäten;DL0SOP;01.07.05;31.07.05;V06
SOP06;Sea of Peace Aktivitäten;DL0SOP;01.07.06;31.07.06;V06
SOP07;Sea of Peace Aktivitäten;DL0SOP;01.07.07;31.07.07;V06
SOP09;Sea of Peace Aktivitäten;DL0SOP;01.07.09;31.07.09;V06
SOP10;Sea of Peace Aktivitäten;DL0SOP;01.07.10;31.07.10;V06
SOP11;Sea of Peace Aktivitäten;DL0SOP;01.07.11;31.07.11;V06
SOP12;Sea of Peace Aktivitäten 2012;DL0SOP;01.07.12;31.07.12;V06
SOP13;Sea of Peace Aktivitäten 2013;DL0SOP;01.07.13;31.07.13;V06
SOP14;SOP-Aktivität 2014 Distrikt MVP;DL0SOP;01.07.14;31.07.14;V06
SOP15;Sea of Peace 2015;DL0SOP;01.07.15;31.07.15;V06
SOP16;Sea of Peace-Aktivität 2016;DL0SOP;01.07.16;31.07.16;
SOP17;Sea of Peace-Aktivität 2017;DL0SOP;01.07.17;31.07.17;V06
SOP19;Jährliche Sonderaktivittät des Distriktes M-V;DL0SOP;01.07.19;31.07.19;V06
SOP20;Aktivitätsmonat des Distriktes V;DL0SOP;01.07.20;31.07.20;V06
SOP2000;Sea of peace;DL0SOP;01.07.00;31.07.00;V06
SOP21;Diplomvergabe DL0SOP im jahr 2021;DL0SOP;28.01.21;31.12.21;V12
SOP22;Aktivitätsmonat für das SOP-Diplom;DL0SOP;01.07.22;31.07.22;V12
SOP23;Diplomerwerb SOP;DL0SOP;01.07.23;31.07.23;V12
SOP24;Aktivitätsmonat Juli für das SOP-Diplom;DL0SOP;01.07.24;31.07.24;V12
SOP25;Aktivitätsmonat Juli für das SOP-Diplom;DL0SOP;01.07.25;31.07.25;V12
SOP26;Aktivitätsmonat für Diplom Sea Of Peace;DL0SOP;01.07.26;31.07.26;V04
SOP93;Aktivitätsmonat "Sea Of Peace";DL0SOP;01.07.93;31.07.93;V11
SOP93;Aktivitätsmonat "Sea Of Peace";DL0SOP;01.07.93;31.07.93;
SOP94;Aktivitätsmonat "Sea Of Peace";DL0SOP;01.07.94;31.07.94;V06
SOP95;Aktivitäten SOP;DL0SOP;01.07.95;31.07.95;V06
SOP96;Sea of Peace;DL0SOP;01.07.96;31.07.96;V06
SOP97;Sea of Peace;DL0SOP;01.07.97;31.07.97;V06
SOP98;Sea of peace;DL0SOP;01.07.98;31.07.98;V06
SOTA05RP;Aktivierung des SOTA-Programms;DK0SOTA;01.08.05;30.06.06;K34
SOTA06;Bergaktivierungen in 2006;DL0FDX;01.04.06;30.06.06;N01
SOTARP;10 Jahre SOTA Rheinland-Pfalz;DN0EMH;01.04.14;30.04.14;K45
SOWG23;Special Olympics World Games 2023 Berlin;DB23SOWG;01.06.23;30.06.23;
SPEERE;Eröffnung des Paläon Schöninger Speere;DR0PALAEON;23.06.13;22.07.13;H30
SPOG2010;Special Olympic Games Bremen 2010;DL0BR;14.06.10;31.12.10;I04
SPY;Vorführungen;DA0SPY;01.06.96;30.06.96;K17
SQ;DARC Distrikt Schwaben;DK0SQ;23.03.79;;T07
SRS25;25 Jahre Sachsenrundspruch;DL0SAX;12.02.17;12.03.17;S36
SRS300;15 Jahre Sachsenrundspruch 300. Rundspruch;DL0SAX;25.03.07;30.04.07;S36
SSALZ;Steinsalz aus dem Bergwerk Grasteben;DC0GL;01.11.05;30.11.05;H24
SSALZ;Steinsalz aus dem Bergwerk Grasteben;DO0AWG;01.11.05;30.11.05;H24
SSKW;3. Shito-Ryu Shukokai Karate-Worldcup;DP3SSKW;01.04.09;31.12.09;U28
STORKOW800;800 Jahre Stadt Storkow;DL0FFO;01.02.09;31.12.09;Z86
STRATEXB;Stratosphären Ballon Experiment;DQ0STRATEX;20.01.12;19.01.13;N29
SW;DARC Jugend- und Ausbildungsreferat;DF0SW;08.02.81;15.02.81;F43
SW61;Messe "ER-SIE-ES" in Hamburg;DL0SW;01.07.61;30.07.61;E06
SWL;DARC Jugend- und Ausbildungsreferat;DF0SW;01.12.80;;F43
SWL;DARC Referat Jugend und Ausbildung;DF0JL;01.05.82;;H43
SWL;DARC Referat Jugend und Ausbildung;DL0SWL;01.01.85;;F34
SWLCM;SWL-Clubmeister 1992;DL0RSG;11.05.93;13.05.94;
SWLCM;SWL-Clubmeister;DK0HQ;14.05.94;12.05.95;Z37
SWLCM;SWL-Clubmeister 1994   OV:  G 16;DL0VJ;13.05.95;10.05.96;G16
SWLCM95;SWL Clubmeister 1995;DL0VJ;18.05.96;31.05.97;G16
TAGB02;Tag der offenen Tür bei B02;DL0ABW;13.07.13;26.07.13;B02
TAGB02;Tag der offenen Tür bei B02;DK0AN;13.07.13;26.07.13;B02
TDB20;Traditionelle Tag der Begegnung Ortsverband P30 Balingen;DL0AZ;01.12.20;31.12.20;P30
TDN12;Tag der Niedersachsen 2012 in Duderstadt;DL0DUD;01.08.11;30.07.12;H41
TDN13;Tag der Niedersachsen 2013;DL0TDN;25.08.13;08.09.13;H09
TDN17;Tag der Niedersachsen 2017 in Wolfsburg;DL0VW;29.08.17;12.09.17;H24
TDNBS;Tag der Niedersachsen in Braunschweig 2026;DK0CD;01.04.26;30.06.26;H73
TDNBS;Tag der Niedersachsen in Braunschweig 2026;DA1E;01.04.26;30.06.26;H73
TDNBS;Tag der Niedersachsen in Braunschweig 2026;DL0E;01.04.26;30.06.26;H73
TDNBS;Tag der Niedersachsen in Braunschweig 2026;DL26TDN;01.04.26;30.06.26;H73
TDNBS;Tag der Niedersachsen in Braunschweig 2026;DL0BV;01.04.26;30.06.26;H73
TDS09;Tag der Sachsen 2009;DK0MIT;01.09.09;30.09.09;S44
TDS11;Tag der Sachsen 2011 in Kamenz;DL0TDS;15.07.11;15.09.11;S65
TDS13;Tag der Sachsen 2013;DL0TDS;01.09.13;14.09.13;S65
TDS16;Tag der Sachsen 2016;DK0GNO;15.08.16;12.09.16;S59
TDS16;Tag der Sachsen in Limbach-Oberfrohna;DL0TDS;28.08.16;11.09.16;S65
TDS18;Tag der Sachsen 2018 in Torgau;DA0TOR;19.08.18;15.09.18;S69
TDS19;Tag der Sachsen 2019 in Riesa;DL0TDS;01.09.19;30.11.19;S02
TDS2000;Tag der Sachsen;DA0TDS;01.05.00;31.12.00;S60
TDS2008;Tag der Sachsen 2008;DL0KBL;15.08.08;14.09.08;S32
TDS2010;Tag der Sachsen 2010;DL0TDS;15.08.10;15.09.10;S65
TDV14;Tag der Vogtländer 2014;DA0TDV;18.08.14;31.08.14;X28
TESLA;160 Jahre seit der Geburt von Tesla;DR160TESLA;15.06.16;14.06.17;K07
TEU25;25 Jahre OV Teufelsbrück E29;DK0TEU;01.04.06;31.08.06;E29
TFM100;100 Jahre Teufelsmühle;DL0MUR;27.09.10;30.11.10;A50
THR;Distrikt Thüringen;DL0THR;01.10.96;;X24
THWBJL;THW-Bundes Jugend Lager;DL0BIT;15.07.08;30.09.08;K51
TLA04;Thüringer Landesausstellung im Schloss Sondershausen;DL0SHZ;15.05.04;03.10.04;X13
TOD2012;Tag des offenen Denkmals in Duderstadt;DL0DUD;01.08.12;31.12.12;H41
TOELZ100;100 jähriges bestehen der Stadt Bad Tölz;DK0IW;01.03.06;31.12.06;C07
TOUR2006;Tour de France in Deutschland 2006;DA0SR;01.07.06;13.08.06;Q11
TOUR2007;Tour de France in Deutschland 2007;DA0SR;01.07.07;31.08.07;Q11
TRIPS;60. Todestag des Formel 1 Fahrers Graf Berghe von Trips;DG60TRIPS;01.09.21;30.09.21;G29
TTAG05;Aktivitäten zum 9. Thüringentag in Meiningen;DA0MGN;01.10.05;14.10.05;X37
TTB02;Tag der offenen Tür bei B02 Ansbach;DK0AN;07.07.14;20.07.14;B02
TTB02;Tag der offenen Tür bei B02 Ansbach;DL0ABW;07.07.14;20.07.14;B02
TTB02;Tag der offenen Tür bei B02 Ansbach;DL0RST;07.07.14;20.07.14;B02
TTB02;Tag der offenen Tür bei B02 Ansbach;DL0SSB;07.07.14;20.07.14;B02
TÜBAIX;40 Jahre Amateurfunk zwischen Partnerstädten Tübingen / Aix;DQ40AIX;01.01.15;31.12.15;P12
TWN03;Landesgartenschau in Gronau;DF0TWN;15.04.03;15.10.03;I21
TWN03;Landesgartenschau in Gronau;DL0ZZ;15.04.03;15.10.03;I21
U17TMS;Überführung des U-Boots U17 von Kiel zum Technikmuseum Speyer/Sinnsheim;DL17UBOOT;15.04.23;14.07.23;L33
U995;Techn. Museum "U-Boot 995" in der Kieler Förde;DL0MEL;01.01.02;;E36
UB100;100 Jahre deutsche U-Boote;DF0TM;01.09.07;31.12.07;I23
UCHTA20;20 Jahre Freundschaft OV Kempen und UXTA/RA9X..;DL0KK;01.06.11;31.12.11;R05
UDX;DARC Referat für UKW-Funksport;DK0UKW;01.11.96;;O04
UHTA25;25 Jahre Freundschaft zwischen RA und DL;DL0KK;01.05.16;30.04.17;R05
UKW;UKW-Tagung Weinheim;DF0UKW;01.09.75;21.08.88;A20
UKW;DARC Referat UKW;DL0UKW;01.10.80;;N15
UKW;DARC Referat UKW;DK0UKW;01.10.84;;O04
UKW;UKW-Tagung Weinheim;DL0VHF;01.01.86;21.08.88;A20
UKW*;UKW-Tagung Weinheim;DF0UKW;22.08.88;;A20
UKW*;UKW-Tagung Weinheim;DL0VHF;22.08.88;31.12.03;A20
UKW02;Weinheim;DL0VHF;01.01.02;31.12.02;A20
UKW02;Weinheim;DF0UKW;01.01.02;31.12.02;A20
UKW04;UKW-Referat;DF0UKW;01.01.04;31.12.04;A20
UKW06;UKW Tagung in Weinheim;DF0UKW;01.02.06;31.12.06;A20
UKW07;UKW Tagung in Weinheim;DF0UKW;01.01.07;31.12.07;A20
UKW09;UKW Tagung in Weinheim;DF0UKW;01.09.09;31.12.09;A20
UKW10;UKW Tagung in Weinheim;DF0UKW;01.05.10;31.12.10;A20
UKW11;UKW-Tagung in Weinheim;DF0UKW;01.03.11;31.12.11;A20
UKW12;UKW-Tagung in Weinheim;DF0UKW;01.02.12;31.12.12;A20
UKW13;UKW-Tagung  2013;DF0UKW;16.08.13;15.09.13;A20
UKW14;UKW-Tagung 2014;DF0UKW;01.06.14;31.12.14;A20
UKW2000;45. UKW Tagung in Weinheim;DF0UKW;01.10.99;31.12.00;A20
UKW2000;45. UKW Tagung in Weinheim;DL0WH;01.01.00;31.12.00;A20
UKW30;30 Jahre UKW-Tagung Weinheim;DF0UKW;12.09.85;15.09.85;A20
UKW46;46. UKW-Tagung;DL0WH;01.01.01;31.12.01;A20
UKW46;46. UKW-Tagung;DF0UKW;01.01.01;31.12.01;A20
UKW70;70ste UKW-Tagung Weinheim;DL0WH;01.01.25;31.12.25;A20
UKW94;UKW-Tagung in Weinheim;DF0UKW;01.01.94;31.12.94;A20
UKW94;UKW-Tagung in Weinheim;DL0VHF;01.01.94;31.12.94;A20
UKW97;UKW-Tagung in Weinheim;DF0UKW;01.01.97;31.12.97;A20
UKW97;UKW-Tagung in Weinheim;DL0WH;01.01.97;31.12.97;A20
UKW97;UKW-Tagung in Weinheim;DL0UKW;01.01.97;31.12.97;A38
UKW98;UKW-Tagung Weinheim;DF0UKW;01.01.98;31.12.98;A20
UKW98;UKW-Tagung Weinheim;DL0WH;01.01.98;31.12.98;A20
UKW98;UKW-Tagung Weinheim;DL0VHF;01.01.98;31.12.98;A20
UKW99;44. UKW Tagung in Weinheim;DL0WH;01.01.99;31.12.99;A20
UKW99;44. UKW Tagung in Weinheim;DF0UKW;01.01.99;31.10.99;A20
ULH06;Aktivierung Leuchturm Ückermünde;DL0UEM;28.04.06;31.08.06;V25
ULH07;Aktivierung Leuchturm Ückermünde;DL0UEM;28.04.07;30.08.07;V25
ULH08;Aktivierung Leuchturm Ückermünde;DL0UEM;31.05.08;30.06.08;V25
ULH08;Aktivierung Leuchturm Ückermünde;DL0UEM;01.08.08;31.08.08;V25
ULH09;Ueckermünder Light House 09;DL0UEM;01.08.09;31.08.09;V25
ULH10;Ueckermünder Leuchtturm 2010;DL0UEM;01.06.10;31.08.10;V25
ULH11;Ueckermünder Leuchtturm 2011;DL0UEM;01.05.11;31.08.11;V25
ULH12;Ueckermünder Leuchtturm 2012;DL0UEM;01.06.12;31.08.12;V25
UM05;OV-Aktivität auf Ummanz;DL0RUD;01.05.05;09.05.05;X24
UMMA25;IOTA Aktivität Ummanz 2025;DD4U;30.09.25;30.10.25;A22
UNO;50 Jahre UNO;DA0UN;01.07.95;31.12.95;F36
UPU;Weltpostverein in Hamburg 1984;DL0UPU;15.05.84;30.08.84;
VDE;Kooperation VDE mit dem DARC;DL0VDE;01.08.26;;F49
VFDB;VFDB-Clubstation;DL0DBP;01.07.79;;Z41
VFDB;VFDB-Clubstation;DF0DBP;07.07.79;;Z84
VFDB;VFDB-Clubstation;DK0DBP;01.07.85;;Z60
VFDB;VFDB-Clubstation;DB0DBP;01.01.90;;Z88
VFDB;VFDB-Clubstation;DA0DBP;01.06.05;;Z60
VFDB;VFDB-Clubstation;DF0FTP;01.07.10;;Z73
VFDB;VFDB-Clubstation;DL0FTP;01.07.10;;Z84
VFDB;DOK für das Hauptrufzeichen des VFDB;DL0VFDB;23.07.16;;Z64
VFDB;DOK für Hauptrufzeichen des VFDB;DQ0Z;01.07.17;;Z64
VFDB40;40 Jahre VFDB;DA0VFP;01.01.90;31.12.90;Z32
VFDB40;40 Jahre VFDB;DF0DBP;01.01.90;31.12.90;Z84
VFDB50;50 Jahre VFDB;DK0DBP;01.01.00;31.12.00;Z60
VFDB50;50 Jahre VFDB;DB0DBP;01.01.00;31.12.00;Z
VFDB50;50 Jahre VFDB;DL0DBP;01.01.00;31.12.00;Z41
VFDB50;50 Jahre VFDB;DF0DBP;01.01.00;31.12.00;Z84
VFDB60;60 Jahre VFDB;DA0DBP;01.01.10;31.12.10;Z35
VFDB60;60 Jahre VFDB;DB0DBP;01.01.10;31.12.10;Z88
VFDB60;60 Jahre VFDB;DF0DBP;01.01.10;31.12.10;Z84
VFDB60;60 Jahre VFDB;DL0DBP;01.01.10;31.12.10;Z41
VFDB60;60 Jahre VFDB;DK0DBP;01.01.10;31.12.10;Z60
VFDB66;66 Jahre VFDB;DL66VFDB;30.07.16;29.07.17;Z37
VFDB70;70 Jahre VFDB;DB0DBP;01.01.20;31.12.20;Z88
VFDB70;70 Jahre VFDB;DQ0Z;01.01.20;31.12.20;Z64
VFDB70;70 Jahre VFDB;DL0DBP;01.01.20;31.12.20;Z41
VFDB70;70 Jahre VFDB;DK0DBP;01.01.20;31.12.20;Z60
VFDB70;70 Jahre VFDB;DF0DBP;01.01.20;31.12.20;Z84
VFDB75;75 Jahre VFDB e.V.;DQ0Z;01.01.25;31.12.25;Z20
VFDB75;75 Jahre VFDB e.V.;DL0FTP;01.01.25;31.12.25;Z84
VFDB75;75 Jahre VFDB e.V.;DF0FTP;01.01.25;31.12.25;Z24
VFDBHQ;Geschäftsstelle des VFDB e. V.;DK0Z;01.08.16;31.07.17;Z60
VFDBHQ;Geschäftsstelle des VFDB e. V.;DK0Z;01.08.17;31.12.18;Z60
VFDBHQ;Geschäftsstelle des VFDB e.V.;DL0Z;01.01.19;;Z47
VFDBHV;Hauptvorstand des VFDB und Geschäftsstelle;DK0Z;01.08.15;30.07.16;Z60
VFL09;Deutscher Fußball Meister VFL Wolfsburg 2009;DL0WOB;10.07.09;07.05.10;H24
VH400;400 Jahre Vegesacker Hafen;DK0MTR;01.01.22;31.12.22;I14
VH400;400 Jahre Vegesacker Hafen;DK0MTS;01.01.22;31.12.22;I14
VHF;30 Jahre UKW-Tagung Weinheim;DL0VHF;27.04.85;31.12.85;A20
VHLT11;Norddeutsche Meisterschaften historischer Landtechnik;DK0TO;01.05.11;31.05.11;I24
VHV12;Verbandshauptversammlung 2012 des VFDB in Koblenz;DL0FTP;01.05.12;30.06.12;Z84
VHV12;Verbandshauptversammlung 2012 des VFDB in Koblenz;DF0FTP;01.05.12;30.06.12;Z73
VHV12;Verbandshauptversammlung 2012 des VFDB in Koblenz;DF0KO;01.05.12;30.06.12;Z11
VHV14;Verbandshauptvers. 2014 des VFDB;DF0FTP;01.05.14;30.04.15;Z73
VHV14;Verbandshauptvers. 2014 des VFDB;DL0FTP;01.05.14;30.04.15;Z84
VHV14;Verbandshauptvers. 2014 des VFDB;DL0VK;01.05.14;30.04.15;Z25
VHV16;Verbandshauptversammlung des VFDB 2016;DF0DBP;01.05.16;30.06.16;Z35
VHV16;Verbandshauptversammlung des VFDB 2016;DL0DBP;01.05.16;30.06.16;Z41
VHV16;Verbandshauptversammlung des VFDB 2016;DL0FAF;01.05.16;30.06.16;Z79
VHV16;Verbandshauptversammlung des VFDB 2016;DK0DBP;01.05.16;30.06.16;Z60
VHV18;Verbandshauptversammlung des VFDB am 08. April 2018 in Kassel;DL0FTP;01.04.18;30.04.18;Z84
VHV18;Verbandshauptversammlung des VFDB am 08. April 2018 in Kassel;DQ0Z;01.04.18;30.04.18;Z64
VHV18;Verbandshauptversammlung des VFDB am 08. April 2018 in Kassel;DK0Z;01.04.18;30.04.18;Z60
VHV18;Verbandshauptversammlung des VFDB am 08. April 2018 in Kassel;DL0VK;01.04.18;30.04.18;Z25
VHV18;Verbandshauptversammlung des VFDB am 08. April 2018 in Kassel;DF0FTP;01.04.18;30.04.18;Z24
VHV2000;VFDB Jahreshauptversammlung;DL0FTZ;01.05.00;30.06.00;Z21
VHV2002;HV des VFDB;DL0FB;01.05.02;31.05.02;Z06
VHV2002;HV des VFDB;DK0DBP;01.05.02;31.05.02;Z60
VHV2004;Hauptversammlung des VFDB im Mai;DK0DBP;01.05.04;31.05.04;Z60
VHV2004;Hauptversammlung des VFDB im Mai;DI0DBP;01.05.04;31.05.04;Z73
VHV2004;Hauptversammlung des VFDB im Mai;DA0IZ;01.05.04;31.05.04;Z91
VHV2004;Hauptversammlung des VFDB im Mai;DL0COL;01.05.04;31.05.04;Z92
VHV2004;Hauptversammlung des VFDB im Mai;DF0DBP;01.05.04;31.05.04;Z84
VHV2006;VFDB Hauptversammlung 2006;DK0DBP;01.05.06;30.06.06;Z60
VHV2006;VFDB Hauptversammlung 2006;DL0DBP;01.05.06;30.06.06;Z41
VHV2006;VFDB Hauptversammlung 2006;DA0DBP;01.05.06;30.06.06;Z60
VHV2006;VFDB Hauptversammlung 2006;DB0DBP;01.05.06;30.06.06;Z88
VHV2006;VFDB Hauptversammlung 2006;DF0DBP;01.05.06;30.06.06;Z84
VHV2008;VFDB Hauptversammlung 2008;DF0DBP;01.05.08;30.06.08;Z84
VHV2008;VFDB Hauptversammlung 2008;DK0DBP;01.05.08;30.06.08;Z60
VHV2008;VFDB Hauptversammlung 2008;DL0DBP;01.05.08;30.06.08;Z41
VHV2008;VFDB Hauptversammlung 2008;DA0DBP;01.05.08;30.06.08;Z60
VHV2010;VFDB Hauptversammlung 2010;DL0FTP;01.05.10;30.06.10;Z84
VHV2010;VFDB Hauptversammlung 2010;DK0CQ;01.05.10;30.06.10;Z94
VHV2010;VFDB Hauptversammlung 2010;DL0BP;01.05.10;30.06.10;Z20
VHV2010;VFDB Hauptversammlung 2010;DL0FFO;01.05.10;30.06.10;Z86
VHV2010;VFDB Hauptversammlung 2010;DF0FTP;15.05.10;30.06.10;Z73
VHV21;Verbandshauptversammlung des VFDB am 04.12.2021 in Berlin;DL0FTP;01.10.21;31.12.21;Z84
VHV21;Verbandshauptversammlung des VFDB am 04.12.2021 in Berlin;DF0FTP;01.10.21;31.12.21;Z24
VHV22;Verbandshauptversammlung des VFDB am 09.04.2022 in Berlin;DQ0Z;01.04.22;30.04.22;Z20
VHV24;Verbandshauptversammlung des VFDB am 28.04.2024 in Kassel;DL0VK;01.04.24;30.06.24;Z25
VHV24;Verbandshauptversammlung des VFDB am 28.04.2025 in Kassel;DQ0Z;01.04.24;30.06.24;Z20
VHV26;Verbandshauptversammlung des VFDB am 24.10.2026 in Erfurt;DF0FTP;01.10.26;31.12.26;Z24
VHV26;Verbandshauptversammlung des VFDB am 24.10.2026 in Erfurt;DQ0Z;01.10.26;31.12.26;Z20
VHV26;Verbandshauptversammlung des VFDB am 24.10.2026 in Erfurt;DL0FTP;01.10.26;31.12.26;Z84
VHV86;VFDB-Hauptversammlung 1986;DL0HH;01.09.86;31.10.86;Z28
VHV88;VFDB-Hauptversammlung 1988;DL0HQ;01.09.88;31.10.88;Z08
VHV90;VFDB-Hauptversammlung 1990;DA0FTZ;01.04.90;31.05.90;Z21
VHV92;VFDB-Hauptversammlung 1992;DA0TEL;01.11.92;31.12.92;Z61
VHV94;VFDB-Hauptversammlung 1994;DL0DAN;01.08.94;30.09.94;Z65
VHV96;VFDB-Hauptversammlung 1996 in Bonn-Bad Godesberg;DL0KO;01.09.96;31.10.96;
VHV98;JHV des VFDB;DL0ERF;01.09.98;30.10.98;Z83
VO;DARC e.V. Vorstand;DL6SAK;14.11.11;10.11.13;F19
VO;DARC e.V. Vorstand;DL7ATE;14.11.11;16.11.19;U08
VO;DARC e.V. Vorstand;DL1DCT;14.11.11;11.11.17;O49
VO;DARC e.V. Vorstand;DL3MBG;14.11.11;;C15
VO;DARC e.V. Vorstand;DB6OE;10.11.13;16.11.19;H59
VO;DARC e.V. Vorstand;DG3ET;11.11.17;08.03.18;L07
VO;DARC e.V. Vorstand;DJ4FF;17.11.18;22.01.19;
VO;DARC e.V. Vorstand;DJ2ET;19.05.19;;L18
VO;DARC e.V. Vorstand;DG2RON;16.11.19;;Y03
VO;DARC e.V. Vorstand;DL3GBE;16.11.19;;P09
WAE;Worked All Europe;DK0WAE;01.03.19;;
WAE40;1000 - Jahrfeier Stade;DK0STD;01.01.94;31.01.94;E04
WAE40;1000 Jahre Stadt Stade;DA0STD;01.01.94;31.01.94;?
WAE40;1000 Jahre Stadt Stade;DL0STD;01.01.94;31.01.94;
WAE40;1000 Jahre Stadt Stade;DF0HAL;01.01.94;30.01.94;E04
WAE40;1000 Jahre Stadt Stade;DL0OT;01.01.94;31.01.94;E04
WAE40;1000 Jahre Stadt Stade;DF0HH;01.01.94;31.01.94;E04
WAE40;GHz - Tagung;DL0XN;28.01.94;15.02.94;N38
WAE40;1000 Jahrfeier Stade;DK0HAL;01.04.94;30.04.94;E04
WAE40;1000 Jahrfeier Stade;DK0STD;01.04.94;30.04.94;E04
WAE40;Höreraktivität;DF0UM;01.04.94;30.04.94;Y16
WAE40;40 Jahrfeier FH Telecom Berlin;DL0BP;11.04.94;25.04.94;Z20
WAE40;Vorführungen zur Landesgartenschau;DL0HOF;01.05.94;14.05.94;B09
WAE40;1000-Jahrfeier in Ober-Olm;DF0NO;01.05.94;31.05.94;K46
WAE40;1000-Jahrfeier in Nieder-Olm;DK0ANO;01.05.94;31.05.94;K46
WAE40;Werbeveranstaltung zur Verbraucherausst. Osnabrück;DL0OS;07.05.94;15.05.94;I12
WAE40;IOTA-Aktivität EU-129;DL0HRO;20.05.94;25.05.94;Z89
WAE40;25-jähriges Bestehen des OV Ploen;DL0PN;22.05.94;19.06.94;M23
WAE40;Aktivitätsmonat Contestteilnahme;DK0ANO;01.06.94;30.06.94;K46
WAE40;Afu - Vorführungen;DL0GWH;01.06.94;14.06.94;O26
WAE40;Vorführungen zur Gemeindefeier in Ostrhauderfehn;DK0OF;01.06.94;28.06.94;I54
WAE40;Aktivitätsmonat Contestteilnahme;DF0NO;01.06.94;30.06.94;K46
WAE40;125 Jahre Wilhelmshafen Stadtjubiläum;DF0WH;10.06.94;03.07.94;I16
WAE40;40 Jahre BGS Rosenheim;DA0BGS;12.06.94;10.07.94;C14
WAE40;Sommerfest Vorführungen in Nieder-olm;DK0ANO;01.07.94;31.07.94;K46
WAE40;Sommerfest Vorführungen in Nieder-Olm;DF0NO;01.07.94;31.07.94;K46
WAE40;Afu - Vorführungen;DF0NO;02.07.94;17.07.94;K46
WAE40;Afu - Vorführungen zum Heimatfest Zerbst;DA0ZHF;01.08.94;31.08.94;W07
WAE40;Sachsentage;DA0TDS;07.08.94;04.09.94;S60
WAE40;Ausstellung des THW in Düsseldorf;DL0THW;13.08.94;21.08.94;
WAE40;1000-Jahrfeier Rastatt-Ottersdorf;DL0TG;19.08.94;22.08.94;
WAE40;30-jähriges Bestehen des OV Oberweißbach;DL0OBW;23.09.94;06.10.94;
WAL19;Funkaktivität zur Walpurgisnacht 2019;DA0YL;23.04.19;07.05.19;F23
WAL19;Funkaktivität zur Walpurgisnacht 2019;DL0OF;23.04.19;07.05.19;F23
WAN400;400 Jahre Stadtrecht Wanfried;DL0WAN;20.03.08;31.10.08;F10
WARC;WARC 1979;..0..;01.03.79;31.12.80;
WARD12;World Amateur Radio Day 2012;DL0MVP;15.04.12;22.04.12;V07
WARD13;World Amateur Radio Day 2013;DL0MVP;13.04.13;26.04.13;V07
WARD13;World Amateur Radio Day 2013;DL0YLV;13.04.13;26.04.13;V07
WARD21;World Amateur Radio Day 2021;DA21WARD;01.04.21;30.06.21;
WARD22;World Amateur Radio Day 2022;DA22WARD;01.03.22;30.04.22;
WARD23;World Amateur Radio Day 2023;DA23WARD;21.03.23;20.04.23;
WARD24;World Amateur Radio Day 2024;DA24WARD;01.04.24;30.04.24;
WARD25;World Amateur Radio Day 2025;DA25WARD;08.03.25;08.05.25;
WARD26;World Amateur Radio Day 2026;DA26WARD;01.03.26;30.04.26;J00
WARN22;Notfunkaktivität Warntag 08.12.2022;DK0MB;08.12.22;07.01.23;H39
WARN22;Norfunkaktivität Warntag 08.12.2022;DF0RI;08.12.22;07.01.23;H35
WARN22;Norfunkaktivität Warntag 08.12.2022;DL0OUI;08.12.22;07.01.23;H35
WAT600;600 Jahre Wattenscheid (1417–2017);DF0WAT;01.07.17;15.07.17;O33
WATT32;20 Jahre Watt32 1995 - 2015;DK0HAT;01.10.15;10.09.16;E13
WCA;World Castle Award - Burgen-Aktivierungen;DA0WCA;01.03.14;28.02.15;U23
WCA;World Castle Award - Burgen-Aktivierungen;DA0WCA;01.03.15;;U23
WCA10;10 Jahre WCA Deutschland;DR10WCA;09.01.19;10.01.20;U23
WCA11;WCA-Juliläum 11 Jahre;DQ11WCA;18.04.20;17.04.21;U23
WCG06;Aktivitäten zu aktuellen Anlässen in 2006;DF2006WM;01.05.06;31.07.06;G20
WCY;World Communication Year 1983;D....W;01.01.83;31.12.83;
WCY;100 Jahre Radio-Kommunikation;DA0WCY;01.05.95;31.12.95;M15
WE99;Weimar Kulturstadt Europa 1999;DA0WE;01.05.99;31.12.99;X03
WEG06;Welt-Reiter-Spiele 2006;DL0AN;01.07.06;30.09.06;Z32
WEG06;Welt-Reiter-Spiele 2006;DL0AC;01.07.06;30.09.06;G01
WESER;200 Jahre erstes Dampfschiff "DIE WESER";DQ200WESER;14.01.17;31.12.17;I14
WFC06;Aktivität zur Fußball WM2006 in DL;DQ2006J;01.05.06;31.07.06;U08
WFC06;Aktivität zur Fußball WM2006 in DL;DR2006C;01.05.06;31.07.06;C12
WFC06;Aktivität zur Fußball WM2006 in DL;DQ2006N;01.05.06;31.07.06;N01
WFC06;Aktivität zur Fußball WM2006 in DL;DR2006P;01.05.06;31.07.06;P57
WFC06;Aktivität zur Fußball WM2006 in DL;DR2006K;01.05.06;31.07.06;K39
WFC06;Aktivität zur Fußball WM2006 in DL;DQ2006O;01.05.06;31.07.06;O27
WFC06;Aktivität zur Fußball WM2006 in DL;DQ2006A;01.05.06;31.07.06;A24
WFC06;Aktivität zur Fußball WM2006 in DL;DQ2006M;01.05.06;31.07.06;M15
WFC06;Aktivität zur Fußball WM2006 in DL;DR2006G;01.05.06;31.07.06;G03
WFC06;Aktivität zur Fußball WM2006 in DL;DQ2006I;01.05.06;31.07.06;I12
WFC06;Aktivität zur Fußball WM2006 in DL;DQ2006P;01.05.06;31.07.06;P10
WFC06;Aktivität zur Fußball WM2006 in DL;DR2006B;01.05.06;31.07.06;B10
WFC06;Aktivität zur Fußball WM2006 in DL;DQ2006L;01.05.06;31.07.06;L03
WFC06;Aktivität zur Fußball WM2006 in DL;DQ2006K;01.05.06;31.07.06;K45
WFC06;Aktivität zur Fußball WM2006 in DL;DR2006F;01.05.06;31.07.06;F54
WFC06;Aktivität zur Fußball WM2006 in DL;DR2006O;01.05.06;31.07.06;O52
WFC06;Aktivität zur Fußball WM2006 in DL;DQ2006W;01.05.06;31.07.06;W22
WFC06;Aktivität zur Fußball WM2006 in DL;DQ2006X;01.05.06;31.07.06;X06
WFC06;Aktivität zur Fußball WM2006 in DL;DQ2006H;01.05.06;31.07.06;H24
WFC06;Aktivität zur Fußball WM2006 in DL;DR2006S;01.05.06;31.07.06;S41
WFC06;Aktivität zur Fußball WM2006 in DL;DQ2006Z;01.05.06;31.07.06;Z84
WFC06;Aktivität zur Fußball WM2006 in DL;DR2006H;01.05.06;31.07.06;H59
WFC06;Aktivität zur Fußball WM2006 in DL;DQ2006V;01.05.06;31.07.06;V14
WFC06;Aktivität zur Fußball WM2006 in DL;DR2006N;01.05.06;31.07.06;N41
WFC06;Aktivität zur Fußball WM2006 in DL;DQ2006Y;01.05.06;31.07.06;Y43
WFC06;Aktivität zur Fußball WM2006 in DL;DQ2006G;01.05.06;31.07.06;G09
WFC06;Aktivität zur Fußball WM2006 in DL;DQ2006F;01.05.06;31.07.06;F16
WFC06;Aktivität zur Fußball WM2006 in DL;DQ2006B;01.05.06;31.07.06;B06
WFC06;Aktivität zur Fußball WM2006 in DL;DQ2006C;01.05.06;31.07.06;C25
WFC06;Aktivität zur Fußball WM2006 in DL;DQ2006D;01.05.06;31.07.06;D26
WFC06;Aktivität zur Fußball WM2006 in DL;DQ2006E;01.05.06;31.07.06;E03
WFC06;Aktivität zur Fußball WM2006 in DL;DR2006D;01.05.06;31.07.06;D23
WFC06;Aktivität zur Fußball WM2006 in DL;DQ2006T;01.05.06;31.07.06;T01
WFC06;Aktivität zur Fußball WM2006 in DL;DQ2006U;01.05.06;31.07.06;U08
WFC06;Aktivität zur Fußball WM2006 in DL;DQ2006Q;01.05.06;31.07.06;Q18
WFC06;Aktivität zur Fußball WM2006 in DL;DQ2006R;01.05.06;31.07.06;R29
WFC06;Aktivität zur Fußball WM2006 in DL;DR2006E;01.05.06;31.07.06;E29
WFC06;Aktivität zur Fußball WM2006 in DL;DQ2006S;01.05.06;31.07.06;S37
WFF;WFF-Aktivitäten in DL;DF0DLFF;10.08.11;25.06.12;Z25
WFF09;World Flora & Fauna 2009;DK0WFF;07.08.09;31.12.09;H19
WFF10;World Flora & Fauna 2010;DK0WFF;01.01.10;31.12.10;H19
WFF11;World Flora & Fauna 2011;DK0WFF;01.01.11;31.12.11;H19
WFF12;World Flora & Fauna 2012;DK0WFF;01.01.12;31.12.12;H19
WFFDL;WFF-Aktivitäten in DL;DL0WFF;01.04.10;;S49
WFFDL;WFF-Aktivitäten in DL;DF0WFF;01.04.10;;I25
WFFDL;WFF-Aktivitäten in DL;DK0WFF;01.01.14;31.12.20;Y42
WFWC2011;Women Football World Cup 2011;DL0FT;01.05.11;31.08.11;Z05
WHS2010;Lighthouse Westerheversand 2010;DL0RSH;01.08.10;31.08.10;M27
WI290;290. Geburtstag von J. J. Winckelmann (Archeologe);DL0SDL;01.12.07;31.12.07;W06
WI70;70 Jahre Amateurfunk in Wiesbaden;DK0NOT;01.05.06;31.12.06;F20
WI70;70 Jahre Amateurfunk in Wiesbaden;DL0WN;01.05.06;31.12.06;F20
WI75;75 Jahre Amateurfunk in Wiesbaden;DL0WN;01.01.11;31.12.11;F20
WIL750;750 Jahre Stadt Wilsdruff;DL0FTL;01.01.09;31.12.09;S27
WJT05;Weltjugendtag in Köln;DL0CA;01.04.05;31.08.05;G10
WJT05;Weltjugendtag im Raum Köln;DK0AR;05.08.05;21.08.05;G50
WL09;Winsener Sommer 2009;DL0HWL;01.05.09;31.12.09;E33
WL09;Winsener Sommer 2009;DP5P;01.05.09;31.12.09;E33
WL2006;Niedersächsische Landesgartenschau 2006 in Winsen/Luhe;DL0HWL;01.04.06;31.12.06;E33
WL2006;Niedersächsische Landesgartenschau 2006 in Winsen/Luhe;DP5P;01.04.06;31.12.06;E33
WLH09;Warnemünde Light House 2009;DA0WLH;01.06.09;31.12.09;V07
WLH10;Warnemünde Light House 2010;DA0WLH;01.08.10;31.08.10;V07
WLH11;Warnemünde Light House 2011;DA0WLH;01.08.11;31.08.11;V07
WMK;Urlaub im Werra-Meißner-Kreis;DL0WAN;01.11.08;30.09.09;F10
WML10;10 Jahre Wettermuseum Lindenberg;DL0WML;01.01.16;31.12.16;D21
WMMX309;Motocross Weltmeisterschaft 2009 in Schwedt;DL0PCK;28.07.09;30.08.09;Y19
WN;DARC Distrikt Westfalen-Nord;DF0WN;01.01.83;;N02
WN50;50 Jahre DARC Distrikt Westfahlen Nord;DF0WN;01.01.01;31.12.01;N01
WO63;DARC Deutschlandtreffen Wolfsburg 1963;DL0KT;30.05.63;05.06.63;H24
WOGA04;Landesgartenschau in Wofsburg;DF0GIF;23.04.04;10.10.04;H08
WOGA04;Landesgartenschau in Wofsburg;DL0VW;23.04.04;10.10.04;H24
WOLFM05;Wolfswelle M05 - Messe und Info am Hungrigen Wolf;DK0IZ;01.04.09;30.06.09;M05
WOLFM05;Wolfswelle M05 - Messe und Info am Hungrigen Wolf;DF0IZ;01.04.09;30.06.09;M05
WRHEF;Sonderausstellung Amateurfunk im Wortreich Bad Hersfeld;DF0HD;11.08.18;25.08.18;F69
WRTC;WRTC-Weltmeisterschaft 2018 Deutschland;DL0WRTC;15.10.14;14.10.15;VO
WRTC;World Radiosport Team Championship 2018;DK0WRTC;13.10.15;12.10.16;C16
WRTC;World Radiosport Team Championship 2018;DF0WRTC;13.10.16;12.10.17;C16
WRTC;World Radiosport Team Championship;DA0WRTC;04.11.17;03.11.18;C16
WRTC22;Werbung für die WRTC 2022, die 2023 in Italien stattfindet;DA22WRTC;01.01.23;31.01.23;T13
WS07;Winsener Sommer;DL0HWL;01.05.07;31.10.07;E33
WS07;Winsener Sommer;DP5P;01.05.07;31.10.07;E33
WSKM;Schiffshebewerk Magdeburg-Rothensee;DL0MSR;01.05.14;30.10.14;W05
WTL700;700 Jahrfeier Burg Wittlage;DL0WTL;01.01.09;31.12.09;I47
WTT01;WRTC Testtag;DA0T;18.06.17;02.07.17;
WTT02;WRTC Testtag;DR3W;18.06.17;02.07.17;
WTT03;WRTC Testtag;DF5A;18.06.17;02.07.17;
WTT04;WRTC Testtag;DP9A;18.06.17;02.07.17;
WTT05;WRTC Testtag;DM3W;18.06.17;02.07.17;
WTT06;WRTC Testtag;DM4X;18.06.17;02.07.17;
WTT07;WRTC Testtag;DM5A;18.06.17;02.07.17;
WTT08;WRTC Testtag;DM5D;18.06.17;02.07.17;
WTT09;WRTC Testtag;DP4B;18.06.17;02.07.17;
WTT10;WRTC Testtag;DP4D;18.06.17;02.07.17;
WTT11;WRTC Testtag;DP5E;18.06.17;02.07.17;
WTT12;WRTC Testtag;DP6T;18.06.17;02.07.17;
WTT13;WRTC Testtag;DR1X;18.06.17;02.07.17;
WTT14;WRTC Testtag;DR5L;18.06.17;02.07.17;
WTT15;WRTC Testtag;DR5W;18.06.17;02.07.17;
WUG25;FISU World University Games Rhine-Ruhr 2025;DL25WUG;16.07.25;16.08.25;L20
WUNDER;60 Jahre Grubenunglück in Lengede;DR60WUNDER;01.05.23;30.04.24;H33
WUNDER;60 Jahre Grubenunglück in Lengede;DK0LEN;15.05.23;14.02.24;H32
WW800;800 Jahre Worpswede;DL0KDW;01.01.18;31.12.18;I45
WWA26;World Wide Award 2026;DA0WWA;01.01.26;31.01.26;Z95
WWA26;World Wide Award 2026;DA0WWA;29.06.26;06.07.26;Z95
WWFF;World Wide Flora and Fauna;DF0DLFF;01.06.13;31.05.14;Z25
WWFF;World Wide Flora and Fauna;DK0DFF;01.07.14;30.06.15;Z25
WWFF;World Wide Flora and Fauna;DK0DFF;01.07.15;;Z25
WWFF;Aktivitäten aus WWFF u. WCA-Referenzen;DP44WCA;01.05.24;30.04.25;U23
WWYC;4. Meeting World Wide Young Contesters;DA0WWYC;01.08.07;31.08.07;U07
WWYL;World Wide YL-Treffen in Berlin;DA0YL;01.06.96;10.07.96;D11
XR1895;Entdeckung der Roentgenstrahlen durch Wilhelm C. Roentgen 1895;DL0XR;01.01.20;31.12.20;R13
XRAY;100 Jahre Röntgen;DL0ZN;01.01.95;31.12.95;B17
XRAY;100 Jahre Röntgen;DA0WCR;01.01.95;31.12.95;B17
XRAY;100 Jahre Röntgen;DL0WZ;01.01.95;31.12.95;B18
XRAY;Röntgenmuseum in Remscheid;DL0XR;01.01.95;;R13
XRAY;100. Todesjahr Prof. Dr. Wilhelm Conrad Röntgen;DR100XRAY;11.01.23;10.07.23;G29
XX;DARC-Sonderstation Distrikt Nordrhein;DL0XX;01.01.79;;R09
Y14ANT;1. Y14 Antennen-Tage;DK0BER;01.07.16;15.07.16;Y14
Y22FKF;Einweihung Frankfurt/Oder Kirchen Fenster;DA0FO;29.06.07;31.12.07;Y22
YFD;Jugendfieldday;DC0YFD;01.06.06;31.12.06;B12
YFD10;Jugendfieldday in Marloffstein bei Erlangen;DK0YFD;01.01.04;31.12.04;B21
YFD10;Jugendfieldday in Marloffstein bei Erlangen;DD0YFD;01.01.04;31.12.04;C06
YFD10;Jugendfieldday in Marloffstein bei Erlangen;DC0YFD;01.01.05;31.12.05;B12
YFD10;Jugendfieldday in Marloffstein bei Erlangen;DL0YFD;01.01.05;31.12.05;B12
YFD15;15 Jahre Jugendarbeit mit dem Jugendfieldday Marloffstein;DC0YFD;16.04.10;31.12.10;B12
YL;DARC-Sonderstation YL-Gruppen;DL0YL;01.02.77;;P07
YL;DARC-Sonderstation YL-Gruppen;DF0YL;15.12.81;;H53
YL;DARC-Sonderstation YL-Gruppen;DK0XYL;01.01.82;;R20
YL;DARC-Sonderstation YL-Gruppen;DL0XYL;01.10.84;;F15
YL;DARC-Sonderstation YL-Gruppen;DB0OY;15.12.85;31.10.11;Z92
YL;DARC-Sonderstation YL-Gruppen;DK0YF;26.11.87;28.02.05;B08
YL;DARC-Sonderstation YL-Referat Distrikt Nordsee;DL0NYL;01.03.90;;I17
YL;Norddeutsche YL-OM-Runde;DL0YLO;01.04.94;;I54
YL;DARC YL-Stab;DB0XYL;01.01.04;24.09.09;F27
YL;YL-Referat;DA0YL;01.02.12;31.01.17;F43
YL;Contestcall des YL-Referats;DA0YL;01.02.17;31.01.22;
YL1300;1300 YL-OM Runde auf DB0ZO;DC0AWG;07.07.14;21.07.14;I28
YL88;Lfd. SDOK;..0..;01.01.88;31.12.88;
YLA;DARC YL Referat Distrikt "A";DL0YLA;01.03.05;;A05
YLB;DARC YL Referat im Distrikt "B";DK0YF;01.03.05;;B08
YLB;DARC YL Referat im Distrikt "B";DL0YLB;01.04.11;;B02
YLBB26;Basketball Weltmeisterschaft der Damen 2026 in Deutschland;DB26YLBB;01.09.26;30.09.26;
YLC;DARC Distrikt Oberbayern  YL-Referat;DL0YLC;01.10.04;;C26
YLCW;Förderung CW durch YL-CW-AG;DL0CWG;01.01.03;;F15
YLD;DARC YL Referat Distrikt "D";DL0YLB;22.06.09;31.03.11;D11
YLD;DARC YL Referat Distrikt "D";DL0YLD;01.02.11;;D27
YLE;Aktivitäten von YLs im Distrikt E;DL0YLE;01.12.05;;E12
YLF;YL-Stationen im Distrikt "F";DL0YLF;01.12.04;03.05.17;F15
YLF;YL-Distriktsclubstation DL0YLF;DL0YLF;04.05.17;;F23
YLG;DARC YL Referat Distrikt "G";DL0YLG;01.03.05;31.03.08;G20
YLG;DARC YL Referat Distrikt "G";DL0YLG;01.10.10;;G14
YLH;YL Referat des Distriktes "H";DL0YLH;01.01.05;;H53
YLI;YL Referat des Distriktes "I";DL0YLI;01.01.05;;I18
YLK;DARC YL Referat Distrikt "K";DL0YLK;01.11.10;;K25
YLK;DARC YL Referat Distrikt "K";DK0YLK;01.01.19;;K39
YLL;YL Referat des Distriktes "L";DL0YLL;01.01.05;;L03
YLL;DARC YL Referat im Distrikt "L";DK0YLL;14.04.20;;L33
YLM;YLs des Distriktes Schleswig-Holstein;DL0YLM;01.09.04;;M
YLN;DARC YL Referat Distrikt "N";DL0YLN;01.04.11;;N01
YLO;YL-Stationen im Distrikt "O";DR11YLO;01.02.11;31.01.12;O02
YLO;YL Referat Distrikt Westfalen-Süd O;DK0YLO;01.02.12;;O02
YLO1000;1000. YL-OM-Runde;DL0YLO;31.07.06;13.08.06;I54
YLP;YL-Referat DARC Distrikt P;DL0YLP;01.04.05;;P03
YLQ;YL Referat des Distriktes "Q";DL0YLQ;01.03.09;;Q07
YLR;DARC Distrikt Nordrhein  YL-Referat;DL0YLR;01.11.04;;R03
YLS;DARC YL Referat im Distrikt "S";DL0YLS;20.05.11;;S37
YLT;DARC YL Referat im Distrikt "T";DL0YLT;01.04.11;;T01
YLU;YL-Stationen im Distrikt "U";DL0YLU;01.03.11;;U15
YLUKW;UKW-Aktivitäten im YL-Referat;DC0YL;01.02.04;;F15
YLV;DARC YL-Referat Distrikt "V";DL0YLV;20.07.05;;V07
YLW;DARC YL Referat im Distrikt "W";DL0YLW;01.04.11;;W37
YLWM2011;Frauen-Fußball-Weltmeisterschaft 2011;DL0YLWM;01.01.11;31.12.11;F43
YLWMA;Frauen-Fußball-Weltmeisterschaft 2011;DL0YLA;01.06.11;31.07.11;A05
YLWMB;Frauen-Fußball-Weltmeisterschaft 2011;DL0YLB;01.06.11;31.07.11;B02
YLWMC;Frauen-Fußball-Weltmeisterschaft 2011;DL0YLC;01.06.11;31.07.11;C26
YLWMD;Frauen-Fußball-Weltmeisterschaft 2011;DL0YLD;01.06.11;31.07.11;D27
YLWME;Frauen-Fußball-Weltmeisterschaft 2011;DL0YLE;01.06.11;31.07.11;E12
YLWMF;Frauen-Fußball-Weltmeisterschaft 2011;DL0YLF;01.06.11;31.07.11;F15
YLWMG;Frauen-Fußball-Weltmeisterschaft 2011;DL0YLG;01.06.11;31.07.11;G14
YLWMH;Frauen-Fußball-Weltmeisterschaft 2011;DL0YLH;01.06.11;31.07.11;H53
YLWMI;Frauen-Fußball-Weltmeisterschaft 2011;DL0YLI;01.06.11;31.07.11;I17
YLWMK;Frauen-Fußball-Weltmeisterschaft 2011;DL0YLK;01.06.11;31.07.11;K40
YLWML;Frauen-Fußball-Weltmeisterschaft 2011;DL0YLL;01.06.11;31.07.11;L03
YLWMM;Frauen-Fußball-Weltmeisterschaft 2011;DL0YLM;01.06.11;31.07.11;M14
YLWMN;Frauen-Fußball-Weltmeisterschaft 2011;DL0YLN;01.06.11;31.07.11;N01
YLWMO;Frauen-Fußball-Weltmeisterschaft 2011;DR11YLO;01.06.11;31.07.11;O02
YLWMP;Frauen-Fußball-Weltmeisterschaft 2011;DL0YLP;01.06.11;31.07.11;P03
YLWMQ;Frauen-Fußball-Weltmeisterschaft 2011;DL0YLQ;01.06.11;31.07.11;Q05
YLWMR;Frauen-Fußball-Weltmeisterschaft 2011;DL0YLR;01.06.11;31.07.11;R03
YLWMS;Frauen-Fußball-Weltmeisterschaft 2011;DL0YLS;01.06.11;31.07.11;S37
YLWMT;Frauen-Fußball-Weltmeisterschaft 2011;DL0YLT;01.06.11;31.07.11;T01
YLWMU;Frauen-Fußball-Weltmeisterschaft 2011;DL0YLU;01.06.11;31.07.11;U15
YLWMV;Frauen-Fußball-Weltmeisterschaft 2011;DL0YLV;01.06.11;31.07.11;V07
YLWMW;Frauen-Fußball-Weltmeisterschaft 2011;DL0YLW;01.06.11;31.07.11;W37
YLWMX;Frauen-Fußball-Weltmeisterschaft 2011;DL0YLX;01.06.11;31.07.11;X24
YLWMY;Frauen-Fußball-Weltmeisterschaft 2011;DL0YLY;01.06.11;31.07.11;Y38
YLWMZ;Frauen-Fußball-Weltmeisterschaft 2011;DL0YLZ;01.06.11;31.07.11;Z73
YLX;DARC YL Referat im Distrikt "X";DL0YLX;01.04.11;;X24
YLY;DARC-YL-Sonderstation Distrikt Brandenburg;DL0YLY;01.04.06;;Y38
YLZ;VFDB YL Referat;DL0YLZ;01.03.11;;Z73
YOTA;Youngsters on the Air December Month;DQ0YOTA;01.12.15;31.12.15;C25
YOTA;YOTA Youth Skeds;DA0YOTA;01.01.17;31.12.17;C25
YOTA16;YOTA December Month 2016;DA0YOTA;01.12.16;31.12.16;C25
YOTA19;YOTA Subregional Camp Baunatal, Germany 2019;DF0YOTA;14.03.19;28.03.19;C25
YOTA19;December YOTA Month Aktivität des YOTA Team Deutschland im DARC AJW Referat;DH0YOTA;01.12.19;31.12.19;C25
YOTA20;December YOTA Month Aktivität des YOTA Team Deutschland im DARC AJW Referat;DB0YOTA;01.12.20;31.12.20;C25
ZA;DARC-Zeltlager Bad Zwischenahn;DL0BZ;01.07.78;31.03.79;I46
ZEIL1K;1000 Jahre Stadt Zeil am Main;DF1000ZEIL;01.01.18;31.12.18;B37
ZG08;40 Jahre Klubstation DL0ZG;DL0ZG;01.01.08;31.12.08;O34
ZISSEL07;Zissel 2007 in Kassel;DL0SGK;01.08.07;30.09.07;F12
ZISSEL08;Zissel 2008 in Kassel;DL0SGK;15.05.08;15.09.08;F12
